// Auto-generated from en.json (lz4 block-compressed)
#pragma once

#include <cstddef>
#include <cstdint>

inline constexpr unsigned char en_json_lz4[] = {
    0xF0,0x0A,0x7B,0x0A,0x22,0x69,0x6E,0x73,0x70,0x65,0x63,0x74,
    0x6F,0x72,0x22,0x3A,0x20,0x7B,0x0A,0x20,0x20,0x22,0x66,0x69,
    0x65,0x6C,0x64,0x0D,0x00,0xD2,0x20,0x22,0x61,0x63,0x74,0x69,
    0x76,0x65,0x22,0x3A,0x20,0x22,0x41,0x0A,0x00,0xF1,0x01,0x2C,
    0x20,0x22,0x61,0x6C,0x6C,0x6F,0x77,0x53,0x6C,0x65,0x65,0x70,
    0x69,0x6E,0x67,0x1B,0x00,0x00,0x11,0x00,0x15,0x20,0x12,0x00,
    0x00,0x23,0x00,0x91,0x6D,0x62,0x69,0x65,0x6E,0x74,0x43,0x6F,
    0x6C,0x56,0x00,0x22,0x22,0x41,0x10,0x00,0x12,0x20,0x11,0x00,
    0x06,0x21,0x00,0x91,0x49,0x6E,0x74,0x65,0x6E,0x73,0x69,0x74,
    0x79,0x47,0x00,0x03,0x25,0x00,0x06,0x15,0x00,0x00,0x29,0x00,
    0x81,0x6E,0x63,0x68,0x6F,0x72,0x4D,0x61,0x78,0x22,0x00,0x01,
    0x0D,0x00,0x10,0x20,0x0E,0x00,0x06,0x1B,0x00,0x28,0x69,0x6E,
    0x1B,0x00,0x26,0x69,0x6E,0x1B,0x00,0xB7,0x65,0x64,0x50,0x6F,
    0x73,0x69,0x74,0x69,0x6F,0x6E,0x50,0x3F,0x00,0x34,0x65,0x64,
    0x20,0x17,0x00,0x52,0x20,0x28,0x70,0x78,0x29,0x30,0x00,0x85,
    0x67,0x75,0x6C,0x61,0x72,0x44,0x61,0x6D,0xD4,0x00,0x02,0x12,
    0x00,0x14,0x20,0x13,0x00,0x01,0x55,0x00,0x01,0x13,0x00,0x54,
    0x56,0x65,0x6C,0x6F,0x63,0xB3,0x00,0x03,0x26,0x00,0x05,0x14,
    0x00,0x01,0x27,0x00,0x30,0x69,0x6D,0x61,0x75,0x00,0x02,0x97,
    0x00,0x04,0x0D,0x00,0xF1,0x00,0x2C,0x20,0x22,0x62,0x6C,0x65,
    0x6E,0x64,0x44,0x69,0x73,0x74,0x61,0x6E,0x63,0x54,0x01,0x10,
    0x42,0x11,0x00,0x15,0x20,0x12,0x00,0x00,0x23,0x00,0xB2,0x6F,
    0x72,0x64,0x65,0x72,0x52,0x61,0x64,0x69,0x75,0x73,0xB5,0x00,
    0x11,0x42,0x12,0x00,0x12,0x20,0x13,0x00,0x05,0xB1,0x00,0x62,
    0x62,0x6F,0x78,0x53,0x69,0x7A,0x45,0x00,0x31,0x6F,0x78,0x20,
    0x0C,0x00,0x00,0x3F,0x00,0xD1,0x75,0x69,0x6C,0x74,0x69,0x6E,
    0x47,0x65,0x6F,0x6D,0x65,0x74,0x72,0x56,0x01,0x12,0x42,0x13,
    0x00,0x15,0x20,0x14,0x00,0xE0,0x2C,0x20,0x22,0x63,0x61,0x73,
    0x74,0x73,0x53,0x68,0x61,0x64,0x6F,0x77,0xA5,0x00,0x10,0x43,
    0x0F,0x00,0x13,0x20,0x10,0x00,0x00,0x1F,0x00,0x30,0x65,0x6C,
    0x6C,0x52,0x00,0x02,0x81,0x00,0x41,0x43,0x65,0x6C,0x6C,0x61,
    0x00,0x05,0x7D,0x00,0x52,0x63,0x68,0x65,0x63,0x6B,0xCB,0x01,
    0x40,0x3A,0x20,0x22,0x43,0x0E,0x00,0x06,0xDA,0x01,0x01,0x1D,
    0x00,0x10,0x65,0x3F,0x02,0x02,0x1A,0x00,0x20,0x65,0x64,0x61,
    0x01,0x56,0x63,0x6C,0x65,0x61,0x72,0x33,0x00,0x00,0x0E,0x00,
    0x07,0x33,0x00,0x00,0x0F,0x00,0x31,0x4D,0x6F,0x64,0xCF,0x00,
    0x10,0x43,0x0D,0x00,0x11,0x20,0x0E,0x00,0x00,0x8B,0x00,0x04,
    0x42,0x02,0x02,0x3C,0x00,0x04,0x12,0x00,0x42,0x56,0x61,0x6C,
    0x75,0x2E,0x00,0x00,0x20,0x00,0x12,0x20,0x0F,0x00,0x00,0x1D,
    0x00,0xA1,0x75,0x6C,0x6C,0x69,0x6E,0x67,0x4D,0x61,0x73,0x6B,
    0xD9,0x00,0x02,0x0F,0x00,0x11,0x20,0x10,0x00,0xE1,0x2C,0x20,
    0x22,0x65,0x6D,0x69,0x73,0x73,0x69,0x6F,0x6E,0x52,0x61,0x74,
    0x3E,0x00,0x13,0x45,0x10,0x00,0x11,0x20,0x11,0x00,0x00,0x21,
    0x00,0x80,0x6E,0x61,0x62,0x6C,0x65,0x49,0x42,0x4C,0x3E,0x00,
    0x11,0x45,0x0D,0x00,0x10,0x20,0x0E,0x00,0x05,0x1B,0x00,0x01,
    0xD8,0x00,0x02,0x19,0x00,0x01,0xD8,0x00,0x32,0x65,0x6E,0x64,
    0x9A,0x00,0x01,0x17,0x00,0x16,0x64,0xD4,0x00,0x30,0x65,0x6E,
    0x64,0x43,0x01,0x02,0x48,0x00,0x11,0x64,0x40,0x01,0x00,0x08,
    0x01,0xE2,0x65,0x6E,0x76,0x69,0x72,0x6F,0x6E,0x6D,0x65,0x6E,
    0x74,0x4D,0x61,0x70,0x1E,0x00,0x05,0x12,0x00,0x10,0x20,0x13,
    0x00,0xF0,0x00,0x2C,0x20,0x22,0x66,0x61,0x6C,0x6C,0x62,0x61,
    0x63,0x6B,0x4D,0x6F,0x6E,0x6F,0x23,0x00,0x13,0x46,0x10,0x00,
    0x11,0x20,0x11,0x00,0x00,0x21,0x00,0x35,0x69,0x6C,0x6C,0x77,
    0x00,0x46,0x46,0x69,0x6C,0x6C,0x78,0x00,0x31,0x66,0x69,0x74,
    0x3C,0x01,0x01,0x19,0x00,0x15,0x74,0x48,0x01,0x52,0x66,0x6C,
    0x6F,0x61,0x74,0x27,0x01,0x00,0x1A,0x00,0x00,0x0E,0x00,0x06,
    0x36,0x01,0x40,0x66,0x6F,0x6E,0x74,0xAD,0x00,0x02,0xF0,0x01,
    0x41,0x46,0x6F,0x6E,0x74,0xB0,0x00,0x05,0xF0,0x01,0xB1,0x66,
    0x6F,0x76,0x59,0x44,0x65,0x67,0x72,0x65,0x65,0x73,0x8F,0x00,
    0x54,0x4F,0x56,0x20,0x59,0x20,0x11,0x00,0x00,0x8F,0x00,0x34,
    0x72,0x69,0x63,0xF1,0x02,0x14,0x46,0x0C,0x00,0xF0,0x01,0x2C,
    0x20,0x22,0x67,0x61,0x75,0x73,0x73,0x69,0x61,0x6E,0x53,0x70,
    0x6C,0x61,0x74,0x3A,0x00,0x13,0x47,0x11,0x00,0x12,0x20,0x12,
    0x00,0x00,0x23,0x00,0x21,0x70,0x75,0x19,0x00,0x20,0x50,0x55,
    0x1E,0x01,0x51,0x67,0x72,0x61,0x70,0x68,0x10,0x00,0x01,0x09,
    0x00,0x00,0x20,0x00,0x33,0x72,0x61,0x76,0x6C,0x03,0x13,0x47,
    0x0B,0x00,0x06,0x16,0x00,0x23,0x46,0x61,0xB6,0x04,0x00,0x30,
    0x00,0x00,0x27,0x00,0x13,0x20,0x12,0x00,0x01,0x4B,0x00,0x42,
    0x6F,0x75,0x6E,0x64,0x88,0x02,0x14,0x47,0x0C,0x00,0xC1,0x2C,
    0x20,0x22,0x68,0x61,0x6C,0x66,0x48,0x65,0x69,0x67,0x68,0x91,
    0x00,0x53,0x48,0x61,0x6C,0x66,0x20,0x0F,0x00,0x09,0x1D,0x00,
    0x91,0x4F,0x66,0x43,0x79,0x6C,0x69,0x6E,0x64,0x65,0xDA,0x01,
    0x07,0x27,0x00,0x45,0x20,0x4F,0x66,0x20,0x1B,0x00,0x01,0x33,
    0x00,0x45,0x6E,0x64,0x6C,0x65,0x8D,0x01,0x11,0x48,0x0F,0x00,
    0x06,0x8F,0x01,0x16,0x68,0x6B,0x00,0x02,0x0A,0x00,0x00,0x33,
    0x00,0xD1,0x6F,0x72,0x69,0x7A,0x6F,0x6E,0x74,0x61,0x6C,0x41,
    0x6C,0x69,0x67,0xBE,0x04,0x15,0x48,0x13,0x00,0x12,0x20,0x14,
    0x00,0x01,0x27,0x00,0x46,0x76,0x65,0x72,0x65,0x5F,0x02,0x12,
    0x48,0x10,0x00,0x06,0x5C,0x00,0x26,0x69,0x62,0x05,0x02,0x39,
    0x49,0x42,0x4C,0x19,0x00,0x09,0x59,0x05,0x00,0x1D,0x00,0x06,
    0x11,0x00,0xC4,0x2C,0x20,0x22,0x69,0x6E,0x6E,0x65,0x72,0x43,
    0x6F,0x6E,0x65,0xC5,0x01,0x40,0x3A,0x20,0x22,0x49,0x14,0x00,
    0x10,0x20,0x15,0x00,0x08,0xDB,0x01,0x72,0x69,0x6E,0x70,0x75,
    0x74,0x4D,0x6F,0x03,0x06,0x10,0x49,0x0D,0x00,0x11,0x20,0x0E,
    0x00,0x01,0x45,0x00,0x07,0xBC,0x05,0x0B,0x5F,0x00,0x60,0x74,
    0x65,0x72,0x61,0x63,0x74,0x4C,0x03,0x00,0xCE,0x01,0x00,0x1D,
    0x00,0x05,0x10,0x00,0x00,0x3A,0x00,0x52,0x73,0x53,0x65,0x6E,
    0x73,0x1A,0x06,0x33,0x49,0x73,0x20,0x0D,0x00,0xE2,0x2C,0x20,
    0x22,0x6A,0x75,0x6D,0x70,0x52,0x65,0x71,0x75,0x65,0x73,0x74,
    0xBA,0x01,0x56,0x4A,0x75,0x6D,0x70,0x20,0x12,0x00,0x03,0x23,
    0x00,0x37,0x53,0x70,0x65,0x1F,0x00,0x02,0x0E,0x00,0x61,0x2C,
    0x20,0x22,0x6B,0x69,0x6E,0x9F,0x03,0x10,0x4B,0x08,0x00,0xA1,
    0x2C,0x20,0x22,0x6C,0x69,0x66,0x65,0x74,0x69,0x6D,0xF2,0x02,
    0x14,0x4C,0x0C,0x00,0x07,0x18,0x00,0x44,0x56,0x61,0x72,0x69,
    0x8A,0x05,0x04,0x20,0x00,0x15,0x20,0x15,0x00,0x01,0x29,0x00,
    0x29,0x6E,0x65,0x15,0x06,0x11,0x4C,0x11,0x00,0x08,0x14,0x06,
    0x02,0x23,0x00,0x05,0xFF,0x05,0x06,0x24,0x00,0x05,0x13,0x00,
    0x00,0x48,0x00,0x11,0x6F,0x07,0x05,0x00,0x1D,0x00,0x02,0x0A,
    0x00,0x01,0x14,0x00,0x11,0x6F,0xFF,0x03,0x31,0x4C,0x6F,0x6F,
    0xF4,0x03,0x53,0x6D,0x61,0x72,0x67,0x69,0xA8,0x06,0x11,0x4D,
    0x0C,0x00,0x05,0x7F,0x03,0x13,0x6D,0xCE,0x04,0x04,0xC6,0x04,
    0x31,0x6D,0x61,0x73,0xB2,0x01,0x10,0x4D,0x08,0x00,0x01,0x10,
    0x00,0x60,0x74,0x65,0x72,0x69,0x61,0x6C,0x6B,0x01,0x14,0x4D,
    0x0C,0x00,0x07,0x18,0x00,0x02,0x4D,0x03,0x07,0x1D,0x00,0x12,
    0x20,0x12,0x00,0x07,0x23,0x00,0x72,0x4F,0x76,0x65,0x72,0x72,
    0x69,0x64,0xE0,0x03,0x04,0x44,0x00,0x16,0x20,0x16,0x00,0x01,
    0x2B,0x00,0x13,0x78,0xEE,0x06,0x05,0xDB,0x00,0x01,0x53,0x00,
    0x23,0x78,0x20,0x17,0x00,0x15,0x20,0x18,0x00,0x02,0x2E,0x00,
    0x02,0x2D,0x01,0x05,0x15,0x00,0x03,0x2D,0x00,0x02,0x16,0x00,
    0x0C,0x2C,0x00,0x74,0x50,0x61,0x72,0x74,0x69,0x63,0x6C,0x80,
    0x00,0x26,0x78,0x20,0x11,0x00,0x02,0x4D,0x00,0x98,0x53,0x6C,
    0x6F,0x70,0x65,0x41,0x6E,0x67,0x6C,0xB3,0x02,0x00,0x29,0x00,
    0x01,0x19,0x00,0x00,0x83,0x00,0x19,0x6C,0xB8,0x02,0x35,0x6D,
    0x61,0x78,0xEE,0x04,0x00,0x27,0x00,0x02,0x0D,0x00,0x00,0x4C,
    0x00,0x22,0x65,0x73,0x0C,0x01,0x00,0x08,0x00,0x00,0x10,0x00,
    0x22,0x69,0x6E,0x1C,0x00,0x00,0xA0,0x00,0x26,0x69,0x6E,0x15,
    0x05,0x13,0x6D,0x90,0x06,0x01,0x4E,0x05,0x00,0x29,0x00,0x10,
    0x6F,0xE3,0x04,0x43,0x51,0x75,0x61,0x6C,0x90,0x04,0x11,0x4D,
    0x11,0x00,0x14,0x20,0x12,0x00,0x05,0x23,0x00,0x32,0x54,0x79,
    0x70,0x4E,0x00,0x02,0x20,0x00,0x01,0x0F,0x00,0x52,0x2C,0x20,
    0x22,0x6E,0x61,0x8A,0x02,0x10,0x4E,0x08,0x00,0x00,0x10,0x00,
    0x46,0x6F,0x72,0x6D,0x61,0xC1,0x03,0x11,0x4E,0x0F,0x00,0x06,
    0xC4,0x03,0x92,0x6F,0x62,0x6A,0x65,0x63,0x74,0x4C,0x61,0x79,
    0x82,0x04,0x11,0x4F,0x0F,0x00,0x12,0x20,0x10,0x00,0x65,0x2C,
    0x20,0x22,0x6F,0x66,0x66,0x74,0x04,0x37,0x4F,0x66,0x66,0x38,
    0x00,0x16,0x6E,0x18,0x00,0x17,0x6E,0x17,0x00,0x41,0x72,0x74,
    0x68,0x6F,0x5F,0x05,0x23,0x69,0x63,0xF0,0x04,0x47,0x3A,0x20,
    0x22,0x4F,0x16,0x00,0x07,0x07,0x05,0x3D,0x6F,0x75,0x74,0x1F,
    0x04,0x10,0x4F,0x14,0x00,0x0D,0x1F,0x04,0x00,0x93,0x04,0x00,
    0x38,0x02,0x01,0x8B,0x02,0x00,0x51,0x00,0x03,0x48,0x02,0x00,
    0x72,0x07,0x01,0xBB,0x01,0x72,0x70,0x61,0x64,0x64,0x69,0x6E,
    0x67,0x5A,0x06,0x12,0x50,0x0D,0x00,0x05,0xD9,0x02,0xD5,0x70,
    0x61,0x72,0x61,0x6C,0x6C,0x61,0x78,0x43,0x6F,0x72,0x72,0x65,
    0x42,0x06,0x13,0x50,0x16,0x00,0x17,0x20,0x17,0x00,0x71,0x2C,
    0x20,0x22,0x70,0x69,0x76,0x6F,0xB5,0x00,0x11,0x50,0x09,0x00,
    0x01,0x12,0x00,0xA3,0x78,0x65,0x6C,0x73,0x50,0x65,0x72,0x55,
    0x6E,0x69,0x1A,0x00,0x00,0x11,0x00,0x51,0x20,0x50,0x65,0x72,
    0x20,0x13,0x00,0x00,0x24,0x00,0x92,0x6C,0x61,0x79,0x4F,0x6E,
    0x53,0x74,0x61,0x72,0x22,0x00,0x72,0x6C,0x61,0x79,0x20,0x4F,
    0x6E,0x20,0x11,0x00,0x03,0x20,0x00,0x03,0xC6,0x0A,0x13,0x50,
    0x0B,0x00,0x00,0x16,0x00,0x03,0x37,0x0A,0x00,0x52,0x03,0x04,
    0x2C,0x0A,0x00,0xA0,0x06,0x57,0x70,0x72,0x65,0x73,0x73,0x93,
    0x05,0x12,0x50,0x10,0x00,0x06,0x67,0x01,0x52,0x70,0x72,0x69,
    0x6D,0x61,0x78,0x09,0x13,0x50,0x0B,0x00,0x00,0x4F,0x00,0x43,
    0x72,0x69,0x6F,0x72,0x36,0x02,0x14,0x50,0x0C,0x00,0x01,0x18,
    0x00,0x10,0x6F,0xE5,0x01,0x04,0x69,0x00,0x06,0x0E,0x00,0x02,
    0x1C,0x00,0x52,0x70,0x65,0x72,0x74,0x69,0x13,0x03,0x16,0x50,
    0x0E,0x00,0x41,0x2C,0x20,0x22,0x72,0x1F,0x0A,0x00,0x9D,0x00,
    0x02,0x16,0x0A,0x00,0x9B,0x00,0x41,0x72,0x61,0x6E,0x67,0x77,
    0x02,0x11,0x52,0x09,0x00,0x00,0x26,0x00,0xE0,0x65,0x66,0x65,
    0x72,0x65,0x6E,0x63,0x65,0x52,0x65,0x73,0x6F,0x6C,0x75,0xBE,
    0x02,0x02,0x87,0x01,0x14,0x52,0x19,0x00,0x16,0x20,0x1A,0x00,
    0x05,0x94,0x01,0x20,0x72,0x65,0xF5,0x06,0x01,0xF5,0x02,0x01,
    0x2B,0x00,0x00,0x0E,0x00,0x05,0x46,0x08,0x02,0x1D,0x00,0x41,
    0x65,0x72,0x4B,0x65,0xD0,0x03,0x02,0x1E,0x00,0x30,0x65,0x72,
    0x20,0x10,0x00,0x01,0x72,0x00,0x41,0x73,0x74,0x69,0x74,0x6A,
    0x00,0x01,0x9D,0x00,0x07,0x0F,0x00,0x00,0x1E,0x00,0x25,0x6F,
    0x74,0x17,0x0B,0x14,0x52,0x0C,0x00,0x07,0x18,0x00,0x07,0x8C,
    0x06,0x04,0x1F,0x00,0x08,0xD2,0x03,0x32,0x73,0x63,0x61,0x4E,
    0x06,0x11,0x53,0x09,0x00,0x04,0x12,0x00,0x04,0xAA,0x00,0x01,
    0x16,0x00,0x05,0xA9,0x00,0x90,0x73,0x63,0x72,0x69,0x70,0x74,
    0x55,0x72,0x69,0x88,0x00,0x11,0x53,0x0D,0x00,0x40,0x20,0x55,
    0x52,0x49,0x29,0x01,0x46,0x73,0x65,0x6C,0x65,0x9B,0x06,0x16,
    0x53,0x0E,0x00,0x00,0x52,0x00,0x22,0x68,0x61,0xBC,0x03,0x11,
    0x53,0x09,0x00,0x00,0x12,0x00,0x82,0x69,0x7A,0x65,0x44,0x65,
    0x6C,0x74,0x61,0x3B,0x01,0x00,0x26,0x09,0x11,0x20,0x10,0x00,
    0x05,0x31,0x01,0x62,0x73,0x6B,0x65,0x6C,0x65,0x74,0xF2,0x00,
    0x14,0x53,0x0C,0x00,0x00,0x3A,0x00,0x41,0x6B,0x79,0x62,0x6F,
    0x77,0x0C,0x12,0x53,0x0A,0x00,0x00,0x14,0x00,0x12,0x6C,0xC3,
    0x02,0x10,0x53,0x08,0x00,0x00,0x10,0x00,0x40,0x6F,0x72,0x74,
    0x4F,0xF1,0x0B,0x01,0xA7,0x00,0x42,0x6F,0x72,0x74,0x20,0x0E,
    0x00,0x00,0x1B,0x00,0x35,0x70,0x61,0x63,0x39,0x03,0x12,0x53,
    0x0D,0x00,0x06,0x74,0x00,0x43,0x70,0x61,0x77,0x6E,0xFC,0x01,
    0x02,0x1F,0x00,0x23,0x77,0x6E,0x22,0x0C,0x01,0xE3,0x00,0x04,
    0x20,0x07,0x05,0x1B,0x07,0x46,0x73,0x74,0x61,0x72,0x8E,0x0D,
    0x01,0xFE,0x02,0x06,0xB5,0x02,0x01,0x1D,0x00,0x00,0xDA,0x00,
    0x01,0x86,0x00,0x00,0x2A,0x00,0x01,0xFF,0x09,0x01,0x4A,0x00,
    0x00,0x0E,0x00,0x08,0xC3,0x05,0x02,0x3B,0x00,0x05,0x12,0x00,
    0x00,0xA9,0x00,0x36,0x74,0x65,0x70,0x52,0x04,0x47,0x53,0x74,
    0x65,0x70,0x4A,0x04,0x61,0x73,0x74,0x65,0x72,0x65,0x6F,0x6F,
    0x06,0x05,0xA9,0x01,0x01,0x13,0x00,0x02,0x83,0x06,0x05,0xB0,
    0x01,0x61,0x74,0x61,0x72,0x67,0x65,0x74,0x28,0x00,0x20,0x69,
    0x63,0x87,0x00,0x11,0x54,0x11,0x00,0x02,0x26,0x00,0x20,0x69,
    0x63,0x8B,0x00,0x31,0x74,0x65,0x78,0xC3,0x03,0x10,0x54,0x08,
    0x00,0x03,0x10,0x00,0x21,0x75,0x72,0xA6,0x02,0x00,0x13,0x00,
    0x00,0x0B,0x00,0x06,0x16,0x00,0x03,0xFA,0x01,0x03,0x19,0x00,
    0x04,0xFB,0x01,0x04,0x0D,0x08,0x10,0x54,0x15,0x08,0x00,0x2D,
    0x00,0x22,0x69,0x6E,0x53,0x00,0x00,0x08,0x00,0x00,0x10,0x00,
    0x27,0x72,0x61,0xD8,0x0C,0x10,0x54,0x0E,0x00,0x06,0x26,0x01,
    0x10,0x74,0x0F,0x00,0x72,0x69,0x6E,0x67,0x4F,0x72,0x69,0x67,
    0x73,0x0E,0x01,0x21,0x00,0x43,0x69,0x6E,0x67,0x20,0x13,0x00,
    0x00,0x42,0x00,0x43,0x77,0x6F,0x53,0x69,0x76,0x0A,0x42,0x54,
    0x77,0x6F,0x20,0x0D,0x00,0x00,0x19,0x00,0x03,0x15,0x06,0x04,
    0x0E,0x06,0x31,0x75,0x75,0x69,0x11,0x08,0x40,0x55,0x55,0x49,
    0x44,0xDE,0x00,0x14,0x76,0xD1,0x0C,0x02,0x8D,0x06,0x47,0x2C,
    0x20,0x22,0x76,0x67,0x0E,0x08,0x70,0x01,0x04,0x18,0x00,0x05,
    0xA9,0x08,0x07,0x20,0x00,0x09,0xBE,0x08,0x10,0x76,0x3F,0x04,
    0x17,0x63,0x65,0x0A,0x13,0x56,0x11,0x00,0x06,0x63,0x0A,0x52,
    0x76,0x69,0x73,0x69,0x62,0x56,0x03,0x13,0x56,0x0B,0x00,0x80,
    0x2C,0x20,0x22,0x77,0x69,0x64,0x74,0x68,0x85,0x01,0x11,0x57,
    0x09,0x00,0x00,0x12,0x00,0x40,0x6F,0x72,0x6C,0x64,0x85,0x02,
    0x01,0x6E,0x00,0x10,0x57,0x0E,0x00,0x12,0x20,0x0F,0x00,0x61,
    0x2C,0x20,0x22,0x7A,0x46,0x61,0x25,0x0B,0x20,0x5A,0x20,0x09,
    0x00,0x00,0x11,0x00,0x24,0x4E,0x65,0x12,0x00,0x01,0x0A,0x00,
    0x30,0x20,0x7D,0x2C,0x56,0x10,0x61,0x70,0x72,0x65,0x76,0x69,
    0x65,0x71,0x0E,0x13,0x50,0x0B,0x00,0x01,0x18,0x00,0x52,0x75,
    0x6E,0x73,0x61,0x76,0xD0,0x09,0x13,0x55,0x0B,0x00,0x01,0x18,
    0x00,0x51,0x72,0x65,0x6C,0x6F,0x61,0x25,0x01,0x12,0x52,0x0A,
    0x00,0x01,0x16,0x00,0x01,0x49,0x0E,0x00,0x9D,0x00,0x01,0x28,
    0x0E,0x02,0x14,0x00,0xA1,0x64,0x69,0x61,0x67,0x6E,0x6F,0x73,
    0x74,0x69,0x63,0x0F,0x03,0x17,0x44,0x0F,0x00,0x01,0x20,0x00,
    0x32,0x6E,0x6F,0x6E,0x3C,0x08,0x00,0x38,0x00,0x10,0x3C,0x0E,
    0x00,0x12,0x3E,0x39,0x00,0x02,0x0C,0x04,0x06,0x1B,0x00,0x02,
    0x10,0x00,0x03,0x1D,0x00,0x00,0x28,0x00,0x41,0x50,0x61,0x72,
    0x65,0xA1,0x0B,0x10,0x28,0x0E,0x00,0x12,0x29,0x36,0x00,0xA2,
    0x61,0x64,0x64,0x43,0x6F,0x6D,0x70,0x6F,0x6E,0x65,0x3F,0x02,
    0x20,0x41,0x64,0xF8,0x0D,0x04,0x11,0x00,0x01,0x72,0x00,0x10,
    0x61,0xA0,0x0D,0x03,0x12,0x00,0x10,0x73,0x26,0x06,0x04,0x2B,
    0x00,0x60,0x6C,0x6C,0x20,0x61,0x64,0x64,0x19,0x0B,0x24,0x20,
    0x63,0x44,0x00,0xE0,0x73,0x20,0x61,0x72,0x65,0x20,0x61,0x6C,
    0x72,0x65,0x61,0x64,0x79,0x20,0x64,0x06,0x42,0x65,0x6E,0x74,
    0x2E,0x6C,0x00,0xA0,0x66,0x69,0x74,0x54,0x6F,0x4D,0x65,0x73,
    0x68,0x42,0xC3,0x0C,0x61,0x73,0x53,0x75,0x66,0x66,0x69,0x55,
    0x04,0xF1,0x00,0x20,0x28,0x66,0x69,0x74,0x20,0x74,0x6F,0x20,
    0x6D,0x65,0x73,0x68,0x20,0x62,0x1E,0x00,0x90,0x20,0x69,0x66,
    0x20,0x61,0x76,0x61,0x69,0x6C,0x60,0x00,0x03,0xAD,0x00,0x60,
    0x78,0x72,0x56,0x69,0x65,0x77,0x43,0x0B,0xA0,0x69,0x72,0x65,
    0x73,0x43,0x61,0x6D,0x65,0x72,0x61,0x07,0x01,0x30,0x58,0x52,
    0x20,0x19,0x00,0xC0,0x20,0x63,0x61,0x6E,0x20,0x6F,0x6E,0x6C,
    0x79,0x20,0x62,0x65,0x9A,0x00,0x20,0x65,0x64,0x54,0x00,0xF2,
    0x02,0x61,0x6E,0x20,0x65,0x6E,0x74,0x69,0x74,0x79,0x20,0x77,
    0x69,0x74,0x68,0x20,0x61,0x20,0x38,0x00,0x06,0xB3,0x00,0x03,
    0x9E,0x00,0xA5,0x73,0x65,0x72,0x76,0x69,0x63,0x65,0x73,0x55,
    0x6E,0x77,0x00,0x00,0x5C,0x00,0x13,0x53,0x17,0x00,0x01,0xD8,
    0x00,0x36,0x6E,0x6F,0x74,0x95,0x00,0x03,0x38,0x00,0x10,0x77,
    0x42,0x02,0x03,0x26,0x00,0x0B,0x3C,0x00,0x02,0x5D,0x02,0x03,
    0x59,0x00,0x3F,0x20,0x69,0x73,0x40,0x00,0x02,0x5F,0x61,0x73,
    0x73,0x65,0x74,0x40,0x00,0x03,0x10,0x41,0x1B,0x00,0x0F,0x40,
    0x00,0x0D,0x02,0xDD,0x00,0x31,0x47,0x6F,0x6E,0xD0,0x02,0x02,
    0x04,0x06,0x24,0x65,0x64,0xF4,0x00,0xF3,0x01,0x6E,0x6F,0x20,
    0x6C,0x6F,0x6E,0x67,0x65,0x72,0x20,0x65,0x78,0x69,0x73,0x74,
    0x73,0xB5,0x00,0x05,0xB0,0x01,0x10,0x41,0x27,0x01,0x00,0xE8,
    0x00,0x01,0x09,0x00,0x06,0x15,0x01,0x42,0x3A,0x20,0x7B,0x7D,
    0xB6,0x01,0x05,0x2B,0x00,0x43,0x52,0x65,0x6D,0x6F,0xDC,0x02,
    0x03,0x0B,0x00,0x0F,0x2F,0x00,0x0A,0x00,0x5B,0x0D,0x21,0x64,
    0x55,0x18,0x0C,0x01,0x0B,0x00,0x06,0x2D,0x00,0x3F,0x20,0x75,
    0x70,0x5F,0x00,0x00,0x01,0x25,0x00,0x31,0x44,0x6F,0x77,0xA3,
    0x02,0x01,0x0D,0x00,0x07,0x32,0x00,0x4F,0x64,0x6F,0x77,0x6E,
    0x34,0x00,0x00,0x00,0xD8,0x13,0xB2,0x0A,0x20,0x20,0x20,0x20,
    0x22,0x67,0x65,0x6E,0x65,0x72,0x6F,0x05,0x05,0xAD,0x02,0x01,
    0xC0,0x00,0x11,0x20,0xEE,0x04,0x60,0x6E,0x73,0x66,0x6F,0x72,
    0x6D,0xE8,0x00,0x15,0x54,0x0D,0x00,0x00,0xDD,0x02,0x01,0x9B,
    0x03,0x26,0x63,0x74,0x15,0x00,0x01,0x28,0x08,0x36,0x63,0x74,
    0x20,0x12,0x00,0x03,0x27,0x00,0x14,0x6C,0xBE,0x0A,0x03,0xB7,
    0x0A,0x02,0x77,0x00,0x60,0x63,0x61,0x6E,0x76,0x61,0x73,0x58,
    0x00,0x12,0x43,0x0A,0x00,0x03,0x2E,0x00,0x61,0x75,0x69,0x50,
    0x61,0x6E,0x65,0xC6,0x0C,0x32,0x55,0x49,0x20,0x0C,0x00,0x05,
    0x1B,0x00,0x32,0x49,0x6D,0x61,0xDF,0x08,0x32,0x55,0x49,0x20,
    0x0C,0x00,0x05,0x1B,0x00,0x00,0xE5,0x05,0x00,0x4E,0x00,0x31,
    0x55,0x49,0x20,0x0B,0x00,0x05,0x19,0x00,0x33,0x42,0x75,0x74,
    0x98,0x07,0x33,0x55,0x49,0x20,0x0D,0x00,0x05,0x1D,0x00,0x42,
    0x54,0x6F,0x67,0x67,0xAE,0x02,0x00,0x38,0x00,0x02,0x0D,0x00,
    0x05,0x1D,0x00,0x33,0x53,0x6C,0x69,0xFA,0x0F,0x33,0x55,0x49,
    0x20,0x0D,0x00,0x05,0x1D,0x00,0x40,0x50,0x72,0x6F,0x67,0xF8,
    0x09,0x12,0x42,0x88,0x04,0x00,0xAC,0x00,0x03,0x12,0x00,0x10,
    0x20,0x13,0x00,0x05,0x28,0x00,0x51,0x4C,0x61,0x79,0x6F,0x75,
    0x60,0x06,0x20,0x55,0x49,0xB9,0x0B,0x00,0x0D,0x00,0x03,0x1D,
    0x00,0x42,0x73,0x74,0x61,0x74,0xC1,0x09,0x12,0x53,0x0A,0x00,
    0x03,0x18,0x00,0x81,0x68,0x69,0x65,0x72,0x61,0x72,0x63,0x68,
    0x5E,0x09,0x15,0x48,0x0D,0x00,0x03,0x1E,0x00,0x00,0xEA,0x03,
    0x00,0xE9,0x00,0x00,0x0F,0x04,0x04,0x4D,0x01,0x11,0x61,0x60,
    0x14,0x02,0x4B,0x0F,0x02,0x6C,0x14,0x15,0x6F,0x83,0x00,0x0F,
    0x7F,0x11,0x0E,0x04,0x90,0x01,0x04,0x14,0x04,0x02,0xE6,0x03,
    0x04,0x18,0x00,0x02,0x3A,0x04,0x00,0x71,0x00,0x03,0x2C,0x04,
    0x04,0x19,0x00,0x07,0xC4,0x12,0x00,0x1E,0x00,0x07,0xC1,0x12,
    0x04,0x22,0x00,0x30,0x72,0x65,0x66,0x65,0x09,0x00,0x79,0x15,
    0x31,0x72,0x6F,0x62,0x65,0x03,0x15,0x52,0x13,0x00,0x00,0x2F,
    0x01,0x15,0x62,0x6D,0x01,0x14,0x6C,0x8B,0x11,0x11,0x4C,0x09,
    0x00,0x03,0xEB,0x00,0x13,0x70,0x10,0x0E,0x52,0x45,0x6D,0x69,
    0x74,0x74,0x1F,0x09,0x04,0x12,0x0E,0x14,0x20,0x14,0x00,0x03,
    0x2B,0x00,0x00,0x8F,0x07,0x41,0x64,0x42,0x6F,0x64,0x34,0x01,
    0x61,0x52,0x69,0x67,0x69,0x64,0x20,0x0E,0x00,0x03,0x1F,0x00,
    0x00,0x29,0x15,0x01,0xCD,0x09,0x01,0x4B,0x15,0x23,0x78,0x20,
    0xDA,0x09,0x02,0xFB,0x00,0x62,0x73,0x70,0x68,0x65,0x72,0x65,
    0x13,0x00,0x01,0x48,0x09,0x00,0x0F,0x00,0x0A,0x23,0x00,0x66,
    0x63,0x61,0x70,0x73,0x75,0x6C,0x24,0x00,0x12,0x43,0x10,0x00,
    0x0A,0x25,0x00,0x02,0x6F,0x0A,0x00,0x0D,0x01,0x02,0x6C,0x0A,
    0x04,0x60,0x00,0x60,0x70,0x72,0x65,0x66,0x61,0x62,0x18,0x00,
    0x12,0x50,0x0A,0x00,0x03,0x95,0x00,0x14,0x6D,0xA6,0x0F,0x00,
    0x75,0x0E,0x04,0x0C,0x00,0x23,0x0A,0x20,0x29,0x07,0x70,0x63,
    0x61,0x74,0x65,0x67,0x6F,0x72,0xD1,0x00,0x00,0x8F,0x17,0x01,
    0x50,0x04,0x02,0xE9,0x08,0x35,0x43,0x6F,0x72,0x39,0x01,0x20,
    0x75,0x69,0x58,0x00,0x24,0x55,0x49,0x6C,0x00,0x02,0x9C,0x0B,
    0x03,0x92,0x17,0x02,0x9A,0x0B,0x00,0x0D,0x00,0x03,0x72,0x00,
    0x02,0x28,0x02,0x03,0x6A,0x0C,0x02,0x29,0x02,0x00,0x0D,0x00,
    0x03,0x1E,0x00,0x01,0x85,0x01,0x00,0x2E,0x00,0x00,0xA3,0x10,
    0x00,0x88,0x01,0x00,0x0C,0x00,0x03,0x1C,0x00,0x43,0x70,0x68,
    0x79,0x73,0x59,0x07,0x13,0x50,0x0B,0x00,0x03,0x1A,0x00,0x0F,
    0x39,0x02,0x05,0x02,0x0E,0x01,0x00,0x43,0x00,0x00,0x54,0x01,
    0x01,0x7D,0x0B,0x00,0x0D,0x00,0x05,0xE0,0x00,0x03,0xF7,0x0C,
    0x06,0x89,0x04,0x32,0x74,0x69,0x74,0x8B,0x03,0x03,0x03,0x0D,
    0x04,0xD3,0x00,0x08,0x33,0x0F,0x05,0xCA,0x04,0x00,0x7F,0x04,
    0x12,0x6F,0x47,0x0B,0x48,0x52,0x6F,0x6F,0x74,0x18,0x00,0x01,
    0x17,0x06,0x00,0x15,0x00,0x00,0x1A,0x01,0x02,0x09,0x06,0x1B,
    0x72,0x23,0x00,0xA2,0x64,0x65,0x66,0x61,0x75,0x6C,0x74,0x53,
    0x63,0x65,0xFC,0x05,0x12,0x44,0x10,0x00,0x20,0x20,0x73,0x11,
    0x00,0x08,0x4C,0x00,0x24,0x6E,0x6F,0x8D,0x00,0x02,0xFE,0x07,
    0x13,0x20,0xB6,0x00,0x16,0x29,0xC8,0x00,0x02,0x46,0x06,0x0F,
    0xC7,0x00,0x00,0x11,0x45,0x3C,0x07,0x04,0xC6,0x00,0x08,0xEB,
    0x09,0x01,0x62,0x00,0x05,0x41,0x00,0x08,0xEF,0x03,0x04,0xEA,
    0x01,0x43,0x68,0x69,0x6C,0x64,0x74,0x08,0x13,0x43,0x0C,0x00,
    0x01,0x35,0x00,0x03,0x74,0x01,0x10,0x70,0x91,0x08,0x23,0x74,
    0x55,0x3E,0x0A,0x01,0x9F,0x08,0x20,0x74,0x20,0x45,0x0A,0x0E,
    0x25,0x00,0x01,0xE4,0x00,0x04,0x0E,0x01,0x02,0x2A,0x00,0x31,
    0x3A,0x20,0x3C,0xE9,0x00,0x01,0x17,0x01,0x16,0x3E,0xCA,0x00,
    0x15,0x74,0xE1,0x05,0x05,0x89,0x00,0x20,0x64,0x69,0xE5,0x05,
    0x00,0x24,0x02,0x01,0x52,0x09,0x04,0x0D,0x00,0x05,0xBC,0x00,
    0x00,0x11,0x00,0x06,0xF1,0x05,0x05,0x37,0x00,0x11,0x61,0xA2,
    0x19,0x01,0xDE,0x05,0x13,0x41,0x0B,0x00,0x03,0xBA,0x00,0x13,
    0x73,0xAF,0x18,0x10,0x53,0x08,0x00,0x03,0x14,0x00,0x02,0x2E,
    0x00,0x12,0x4D,0x4F,0x0B,0x02,0x30,0x00,0x02,0xC2,0x19,0x02,
    0x9F,0x03,0x03,0x1F,0x00,0x0E,0xFC,0x19,0x02,0x1F,0x00,0x0B,
    0x12,0x10,0x05,0x9B,0x00,0x01,0xCE,0x02,0x06,0x97,0x01,0x00,
    0x17,0x14,0x32,0x4C,0x61,0x62,0x5A,0x06,0x02,0x1C,0x14,0x02,
    0x40,0x00,0x00,0x19,0x00,0x05,0x27,0x00,0x08,0xF3,0x00,0x02,
    0x4B,0x13,0x05,0xF5,0x00,0x14,0x61,0x88,0x06,0x50,0x20,0x20,
    0x22,0x70,0x6F,0x2C,0x0C,0x01,0x17,0x10,0x00,0x09,0x00,0x02,
    0xC8,0x00,0x01,0x4A,0x04,0x02,0x76,0x02,0x37,0x53,0x70,0x6F,
    0x16,0x00,0x00,0x25,0x01,0x10,0x61,0x9B,0x12,0x31,0x41,0x72,
    0x65,0x76,0x09,0x00,0x28,0x07,0x01,0x11,0x00,0x11,0x20,0x12,
    0x00,0x01,0x88,0x00,0x01,0x1E,0x0B,0x01,0xE5,0x03,0x03,0x2D,
    0x1B,0x02,0xC1,0x11,0x02,0x5B,0x00,0x01,0x4C,0x15,0x05,0x22,
    0x1B,0x00,0x49,0x15,0x02,0x0D,0x00,0x03,0x1E,0x00,0x0C,0xF6,
    0x0F,0x01,0x51,0x00,0x0F,0x20,0x10,0x00,0x02,0x18,0x00,0x05,
    0xF7,0x15,0x00,0x20,0x03,0x0F,0xF0,0x15,0x01,0x02,0x27,0x00,
    0x05,0xFF,0x11,0x00,0x27,0x00,0x0F,0xF8,0x11,0x01,0x02,0x27,
    0x00,0x0C,0x27,0x0C,0x02,0x16,0x00,0x0E,0xF1,0x16,0x02,0x18,
    0x00,0x0F,0x73,0x1A,0x0A,0x02,0x23,0x00,0x0F,0x3D,0x0D,0x03,
    0x05,0xD7,0x01,0x05,0x90,0x06,0x03,0x2B,0x03,0x0A,0x91,0x0D,
    0x05,0xE2,0x01,0x0D,0x96,0x0D,0x03,0x5D,0x00,0x0C,0xBF,0x0D,
    0x62,0x7B,0x20,0x22,0x6C,0x6F,0x63,0xEB,0x01,0x11,0x4C,0x09,
    0x00,0x11,0x2C,0x99,0x07,0x02,0x67,0x08,0x11,0x53,0x09,0x00,
    0x02,0x91,0x05,0x00,0xDF,0x01,0x01,0xB5,0x0E,0x01,0xA0,0x0E,
    0x05,0x4B,0x02,0x11,0x53,0x14,0x00,0x11,0x20,0x15,0x00,0x04,
    0x66,0x00,0x07,0xF0,0x0E,0x00,0x5A,0x02,0x00,0xF6,0x02,0x00,
    0xFF,0x01,0x01,0x24,0x00,0x02,0x30,0x00,0x00,0x54,0x01,0x11,
    0x53,0x15,0x00,0x02,0x3A,0x00,0x13,0x20,0x17,0x00,0x05,0x6B,
    0x00,0x0F,0xFD,0x19,0x0C,0x02,0xCE,0x00,0x34,0x72,0x75,0x6E,
    0xCD,0x0E,0x13,0x52,0x0B,0x00,0x03,0x12,0x02,0x51,0x6F,0x70,
    0x65,0x6E,0x78,0x90,0x0D,0x68,0x4F,0x70,0x65,0x6E,0x58,0x52,
    0x18,0x04,0x42,0x6D,0x69,0x72,0x72,0x2B,0x08,0x11,0x4D,0x0A,
    0x00,0x08,0x1C,0x00,0x12,0x72,0x77,0x17,0x43,0x53,0x65,0x73,
    0x73,0xF5,0x03,0x00,0x34,0x0C,0x74,0x65,0x73,0x74,0x20,0x58,
    0x52,0x20,0x16,0x00,0x03,0x64,0x00,0x12,0x73,0x25,0x00,0x10,
    0x48,0x02,0x03,0x00,0xE3,0x05,0x02,0x0F,0x00,0x11,0x20,0x48,
    0x10,0x62,0x73,0x20,0x77,0x68,0x65,0x6E,0x42,0x0C,0x00,0x87,
    0x0C,0x10,0x64,0x40,0x00,0x02,0x2A,0x06,0x00,0xCE,0x0B,0x02,
    0x50,0x1E,0x16,0x2E,0x7B,0x04,0x07,0x28,0x09,0x03,0xD8,0x01,
    0x12,0x6C,0x2B,0x09,0x00,0x8B,0x06,0x02,0x0A,0x00,0x03,0x76,
    0x00,0x0F,0x4B,0x14,0x02,0x24,0x50,0x78,0x13,0x01,0x0F,0x41,
    0x17,0x00,0x06,0x1D,0x00,0x0F,0x4E,0x11,0x02,0x06,0x1F,0x00,
    0x0F,0xF1,0x1C,0x05,0x06,0x22,0x00,0x0C,0x2C,0x04,0x15,0x68,
    0xB1,0x19,0x00,0xD1,0x01,0x06,0xBF,0x19,0x03,0x8E,0x00,0x16,
    0x20,0x7F,0x0F,0x00,0x20,0x00,0x04,0x7A,0x0F,0x06,0x1E,0x00,
    0x22,0x67,0x72,0x00,0x10,0x10,0x47,0x08,0x00,0x01,0xD4,0x01,
    0x15,0x7D,0xE9,0x02,0x02,0xAC,0x07,0x01,0xA9,0x01,0x03,0x13,
    0x01,0x00,0x8C,0x16,0x05,0x78,0x02,0x01,0x49,0x11,0x03,0x14,
    0x01,0x0F,0x7D,0x12,0x03,0x01,0x50,0x00,0x00,0x3B,0x1B,0x01,
    0x86,0x02,0x00,0x1D,0x1B,0x06,0xA2,0x02,0x02,0x5D,0x00,0x12,
    0x69,0xB0,0x12,0x0D,0x09,0x08,0x0F,0x2F,0x15,0x0B,0x02,0x58,
    0x00,0x00,0x24,0x00,0x03,0x67,0x08,0x05,0x33,0x15,0x02,0x1A,
    0x00,0x0A,0xD4,0x18,0x02,0x14,0x00,0x0C,0x8C,0x12,0x02,0x16,
    0x00,0x04,0xBD,0x02,0x02,0x8A,0x11,0x02,0x14,0x00,0x51,0x72,
    0x65,0x73,0x65,0x74,0x11,0x00,0x01,0x51,0x0C,0x41,0x73,0x65,
    0x74,0x20,0x0E,0x00,0x03,0xEB,0x00,0x41,0x65,0x64,0x69,0x74,
    0x48,0x03,0x00,0x51,0x01,0x42,0x45,0x64,0x69,0x74,0x40,0x03,
    0x04,0x3E,0x00,0x01,0x18,0x10,0x04,0x80,0x13,0x04,0xB9,0x18,
    0x00,0x2B,0x00,0x01,0x28,0x10,0x14,0x20,0x1A,0x00,0x15,0x20,
    0x1B,0x00,0x03,0x57,0x00,0x04,0xC2,0x16,0x04,0x21,0x00,0x00,
    0x33,0x00,0x04,0x24,0x00,0x05,0x36,0x00,0x04,0x65,0x00,0x41,
    0x66,0x72,0x6F,0x6D,0x7E,0x0B,0x00,0x14,0x08,0x00,0x0D,0x00,
    0x01,0x7E,0x0F,0x02,0x6A,0x0F,0x70,0x20,0x20,0x22,0x6E,0x6F,
    0x53,0x6B,0x64,0x05,0x15,0x64,0x24,0x00,0x42,0x6E,0x6F,0x20,
    0x73,0x13,0x00,0x0C,0x2A,0x00,0x01,0xCB,0x00,0x01,0x28,0x07,
    0x10,0x4E,0x70,0x0F,0x02,0xC6,0x0B,0x11,0x20,0xA2,0x17,0x44,
    0x73,0x20,0x69,0x6E,0x6F,0x08,0x02,0x7C,0x0E,0x03,0x03,0x02,
    0x00,0x53,0x04,0x01,0x2C,0x01,0x00,0x92,0x04,0x01,0x44,0x04,
    0x31,0x43,0x6C,0x69,0x2E,0x0E,0x03,0x52,0x04,0x01,0x0F,0x00,
    0x02,0xD9,0x00,0x0E,0x01,0x02,0x01,0x3A,0x00,0x06,0x66,0x02,
    0x02,0xA6,0x09,0x05,0x53,0x00,0x10,0x22,0xE1,0x10,0x00,0xFD,
    0x00,0xA2,0x4E,0x6F,0x6E,0x65,0x20,0x28,0x4C,0x75,0x61,0x20,
    0xCC,0x0A,0x05,0xDE,0x00,0x74,0x64,0x69,0x61,0x6C,0x6F,0x67,
    0x54,0xAC,0x09,0x02,0x36,0x0F,0x16,0x20,0x29,0x00,0x04,0x25,
    0x01,0x72,0x63,0x68,0x6F,0x6F,0x73,0x65,0x54,0x99,0x00,0x92,
    0x43,0x6C,0x69,0x63,0x6B,0x20,0x74,0x6F,0x20,0x16,0x00,0x82,
    0x20,0x61,0x20,0x2E,0x6C,0x75,0x61,0x20,0x7D,0x00,0xB1,0x2C,
    0x20,0x6F,0x72,0x20,0x64,0x72,0x6F,0x70,0x20,0x61,0x48,0x00,
    0x02,0x16,0x00,0x11,0x20,0xC7,0x09,0x10,0x20,0x8B,0x0B,0x05,
    0xFE,0x00,0x02,0x99,0x11,0x03,0x54,0x00,0x07,0x7A,0x00,0x02,
    0x32,0x00,0x05,0x27,0x00,0x00,0x4C,0x00,0x51,0x4E,0x6F,0x74,
    0x4C,0x75,0x6D,0x07,0x73,0x44,0x72,0x6F,0x70,0x70,0x65,0x64,
    0x50,0x00,0x04,0x4B,0x10,0x07,0x6A,0x00,0x05,0x38,0x00,0x84,
    0x6D,0x75,0x73,0x74,0x42,0x65,0x49,0x6E,0x2E,0x09,0x02,0xFA,
    0x00,0x10,0x20,0x17,0x00,0x00,0x18,0x11,0xA4,0x69,0x6E,0x73,
    0x69,0x64,0x65,0x20,0x74,0x68,0x65,0x97,0x01,0x03,0x54,0x00,
    0x00,0x47,0x09,0x07,0xCC,0x04,0x01,0xB9,0x00,0x01,0xE2,0x13,
    0x06,0xBA,0x03,0x00,0x67,0x1A,0x00,0xE6,0x0B,0x00,0x08,0x00,
    0x02,0x9A,0x01,0x0F,0xB5,0x03,0x0A,0x02,0x0A,0x02,0x0F,0x9F,
    0x03,0x05,0x0F,0xD2,0x0D,0x14,0x00,0x2B,0x15,0x00,0x10,0x15,
    0x30,0x3A,0x20,0x22,0x12,0x0F,0x00,0x0B,0x00,0x03,0x7B,0x00,
    0x01,0xA2,0x00,0x00,0xE6,0x01,0x01,0x1E,0x0B,0x06,0x86,0x05,
    0x01,0x18,0x00,0x14,0x46,0xF7,0x23,0x01,0x2A,0x02,0x0B,0x11,
    0x02,0x26,0x7B,0x7D,0x09,0x02,0x33,0x72,0x6F,0x70,0xDF,0x01,
    0x00,0x63,0x01,0x53,0x20,0x61,0x20,0x7B,0x7D,0x11,0x01,0x0F,
    0xB5,0x01,0x0E,0x04,0x2A,0x00,0x05,0x7B,0x01,0x01,0xB8,0x03,
    0x03,0x4E,0x00,0x02,0xAB,0x03,0x14,0x72,0x9F,0x18,0x05,0x24,
    0x00,0x00,0xD7,0x01,0x20,0x52,0x65,0x2B,0x19,0x02,0x78,0x11,
    0x00,0x76,0x00,0x06,0xD9,0x01,0x40,0x74,0x79,0x70,0x65,0x5B,
    0x06,0x01,0x29,0x12,0xF0,0x02,0x63,0x63,0x65,0x70,0x74,0x65,
    0x64,0x20,0x62,0x79,0x20,0x74,0x68,0x69,0x73,0x20,0x66,0xD4,
    0x00,0x0C,0xA3,0x01,0x41,0x50,0x69,0x63,0x6B,0x55,0x0E,0x03,
    0x5F,0x05,0x02,0x5E,0x02,0x00,0x17,0x01,0x03,0x5B,0x02,0x03,
    0xC8,0x11,0x01,0x05,0x01,0x01,0x2A,0x01,0x04,0xA9,0x03,0x62,
    0x73,0x6F,0x75,0x72,0x63,0x65,0xED,0x00,0x42,0x73,0x20,0x6F,
    0x66,0x65,0x00,0x00,0x82,0x00,0x07,0x64,0x00,0x07,0xDE,0x0D,
    0x04,0x61,0x00,0x01,0x37,0x00,0x01,0x61,0x00,0x02,0x0A,0x00,
    0x03,0x8F,0x01,0x01,0xEF,0x03,0x00,0x17,0x00,0x01,0x0E,0x04,
    0x04,0x41,0x03,0x07,0x40,0x00,0x06,0x1E,0x0E,0x03,0x32,0x00,
    0x0F,0xDB,0x01,0x07,0x03,0x1A,0x00,0x0F,0xFA,0x16,0x01,0x02,
    0xD0,0x01,0x04,0xEA,0x04,0x01,0xCC,0x00,0x04,0x76,0x0E,0x05,
    0x10,0x05,0x05,0xA8,0x0B,0x34,0x61,0x64,0x64,0x00,0x05,0x00,
    0x9A,0x00,0x00,0xDD,0x14,0x0D,0x2D,0x00,0x04,0x53,0x00,0x43,
    0x66,0x6F,0x72,0x6B,0x60,0x24,0x00,0x2C,0x00,0x54,0x46,0x6F,
    0x72,0x6B,0x20,0x10,0x00,0x03,0xB1,0x00,0x07,0x23,0x00,0x04,
    0xE6,0x01,0x51,0x72,0x65,0x61,0x74,0x65,0x22,0x08,0x30,0x64,
    0x69,0x74,0x24,0x08,0x05,0x56,0x03,0xB1,0x2E,0x76,0x6D,0x61,
    0x74,0x2E,0x6A,0x73,0x6F,0x6E,0x20,0x5E,0x05,0x00,0x72,0x03,
    0x13,0x62,0xC0,0x24,0x44,0x50,0x42,0x52,0x20,0x1A,0x01,0x05,
    0x1A,0x02,0x12,0x70,0x18,0x1B,0x51,0x79,0x42,0x6C,0x6F,0x63,
    0xF2,0x23,0x03,0x29,0x1B,0x22,0x79,0x20,0x12,0x00,0x03,0x85,
    0x00,0x34,0x61,0x64,0x64,0x19,0x00,0x00,0xA8,0x00,0x00,0xD4,
    0x00,0x05,0x10,0x00,0x03,0x23,0x00,0x11,0x72,0xAA,0x13,0x05,
    0x16,0x00,0x01,0x83,0x06,0x00,0x12,0x00,0x00,0xAE,0x10,0x00,
    0x89,0x1B,0x05,0x29,0x00,0x32,0x61,0x64,0x64,0xC5,0x01,0x08,
    0x2C,0x00,0x00,0x52,0x00,0x02,0x16,0x00,0x0D,0x30,0x00,0x63,
    0x63,0x75,0x73,0x74,0x6F,0x6D,0x16,0x01,0x11,0x49,0xD0,0x16,
    0x11,0x43,0x13,0x00,0x04,0x2A,0x01,0x10,0x20,0x02,0x18,0x02,
    0xA3,0x01,0x03,0xCF,0x00,0x12,0x69,0xA4,0x01,0x03,0x61,0x00,
    0x00,0x0E,0x00,0x03,0xA5,0x00,0x00,0x29,0x17,0x00,0xC1,0x00,
    0x45,0x53,0x61,0x76,0x65,0x96,0x01,0x04,0x3D,0x00,0x00,0x1D,
    0x00,0x01,0x5F,0x00,0x00,0x1E,0x00,0x15,0x64,0x2C,0x01,0x08,
    0xE5,0x09,0x00,0x23,0x00,0x30,0x46,0x61,0x69,0xBC,0x24,0x00,
    0x06,0x24,0x01,0x0A,0x00,0x00,0x9D,0x05,0x00,0x18,0x00,0x0F,
    0x31,0x00,0x02,0x4F,0x70,0x61,0x72,0x73,0x32,0x00,0x02,0x01,
    0x19,0x00,0x05,0x33,0x00,0x02,0x11,0x03,0x08,0x6A,0x00,0x20,
    0x6E,0x6F,0x4F,0x26,0x20,0x65,0x72,0xCD,0x1D,0x11,0x6D,0xCE,
    0x00,0x26,0x4E,0x6F,0xF0,0x01,0x04,0xC8,0x01,0x10,0x20,0x02,
    0x1E,0xD0,0x6D,0x65,0x74,0x65,0x72,0x73,0x20,0x77,0x65,0x72,
    0x65,0x20,0x66,0xC8,0x16,0x42,0x20,0x66,0x6F,0x72,0x59,0x03,
    0x11,0x73,0x44,0x00,0x22,0x2E,0x20,0x63,0x26,0x41,0x74,0x68,
    0x61,0x74,0x85,0x05,0x02,0x17,0x00,0x80,0x20,0x6C,0x69,0x62,
    0x72,0x61,0x72,0x79,0xFC,0x03,0x40,0x6C,0x6F,0x61,0x64,0xEA,
    0x05,0x28,0x6E,0x64,0x21,0x00,0x86,0x64,0x65,0x63,0x6C,0x61,
    0x72,0x65,0x73,0xA8,0x00,0x01,0x70,0x00,0x03,0xD1,0x15,0x01,
    0xDE,0x03,0x7A,0x45,0x78,0x70,0x6F,0x73,0x65,0x64,0xA7,0x00,
    0x02,0x14,0x00,0x08,0x9D,0x00,0x06,0x92,0x00,0x01,0xFB,0x01,
    0x27,0x20,0x79,0xC2,0x04,0xB3,0x75,0x6E,0x73,0x75,0x70,0x70,
    0x6F,0x72,0x74,0x65,0x64,0xFC,0x05,0x26,0x22,0x55,0x13,0x00,
    0x00,0xDC,0x02,0x01,0x40,0x02,0x01,0x26,0x04,0x04,0xAC,0x01,
    0x0C,0x4F,0x0A,0x03,0xE5,0x02,0x00,0xDC,0x01,0x03,0x2A,0x02,
    0x03,0x2A,0x00,0x00,0x2F,0x06,0x01,0x05,0x01,0x00,0x1B,0x00,
    0x02,0x53,0x01,0x06,0x1A,0x00,0x0B,0x3F,0x04,0x01,0x44,0x02,
    0x04,0x4E,0x0E,0x00,0x4B,0x02,0x03,0x8F,0x00,0x02,0x85,0x04,
    0x00,0xD8,0x29,0x00,0xF7,0x25,0x00,0x49,0x00,0x11,0x46,0x09,
    0x00,0x02,0x55,0x02,0x0F,0x7A,0x0E,0x05,0x00,0x05,0x16,0x02,
    0x3D,0x06,0x20,0x32,0x44,0x34,0x00,0x03,0x4A,0x06,0x20,0x32,
    0x44,0x36,0x06,0x08,0x49,0x08,0x04,0xCD,0x01,0x01,0xD5,0x1C,
    0x04,0x6E,0x00,0x0B,0xEB,0x1C,0x01,0x9B,0x00,0x01,0x14,0x00,
    0x13,0x30,0x72,0x11,0x00,0x53,0x00,0x00,0x32,0x00,0x53,0x20,
    0x30,0x20,0x2D,0x20,0x14,0x00,0x0E,0xD3,0x02,0x70,0x6C,0x6F,
    0x74,0x30,0x4C,0x6F,0x61,0x43,0x20,0x09,0x31,0x00,0x03,0x14,
    0x00,0x10,0x20,0x69,0x09,0x05,0x36,0x00,0x05,0x27,0x03,0x04,
    0x92,0x00,0x10,0x4E,0x34,0x00,0x04,0x27,0x03,0x04,0x9D,0x17,
    0x03,0x88,0x00,0x05,0x4F,0x0B,0x01,0x85,0x00,0x4B,0x7B,0x7D,
    0x20,0x2D,0x21,0x00,0x43,0x55,0x6E,0x6B,0x6E,0x5A,0x17,0x06,
    0x23,0x00,0x03,0x15,0x00,0x05,0x73,0x00,0x04,0xDA,0x00,0x40,
    0x6B,0x65,0x65,0x70,0x26,0x00,0x00,0x71,0x00,0x50,0x4B,0x65,
    0x65,0x70,0x20,0x0D,0x00,0x07,0x51,0x00,0x94,0x75,0x73,0x65,
    0x64,0x42,0x79,0x53,0x75,0x62,0xC4,0x15,0x22,0x55,0x73,0xA5,
    0x06,0x12,0x73,0x13,0x00,0x08,0x3B,0x03,0x12,0x74,0x5B,0x07,
    0x05,0xB8,0x00,0x01,0xE6,0x01,0x15,0x20,0xBE,0x05,0x90,0x20,
    0x72,0x65,0x70,0x6C,0x61,0x63,0x65,0x20,0xA8,0x09,0x00,0x4F,
    0x00,0x06,0xDE,0x02,0x91,0x73,0x6C,0x6F,0x74,0x2E,0x20,0x54,
    0x68,0x65,0xD1,0x03,0x21,0x64,0x20,0x55,0x1C,0x00,0x1F,0x03,
    0x20,0x73,0x74,0x24,0x28,0x00,0x4E,0x05,0x72,0x6E,0x75,0x6D,
    0x65,0x72,0x69,0x63,0x2B,0x00,0x00,0xCA,0x01,0x01,0x30,0x02,
    0x06,0x64,0x02,0x02,0x2C,0x02,0x13,0x22,0x5B,0x03,0x00,0xCF,
    0x00,0x12,0x4C,0x66,0x03,0x04,0xEA,0x00,0x02,0x7C,0x03,0x00,
    0x19,0x00,0x09,0x8E,0x02,0x01,0x6E,0x1C,0x11,0x65,0x9A,0x1A,
    0x00,0xED,0x0C,0x15,0x65,0x97,0x0D,0x53,0x66,0x72,0x61,0x67,
    0x6D,0xFE,0x1A,0x14,0x46,0x0C,0x00,0x02,0x7A,0x02,0x03,0x34,
    0x00,0x04,0x61,0x00,0x05,0x3B,0x00,0x14,0x20,0x12,0x00,0x03,
    0x27,0x00,0x04,0x43,0x00,0x04,0x17,0x00,0x00,0xBB,0x04,0x03,
    0x4A,0x00,0x0C,0x2B,0x00,0x00,0x79,0x19,0x12,0x75,0xDC,0x29,
    0x00,0xD3,0x18,0x00,0x0B,0x00,0x03,0x45,0x00,0x42,0x72,0x61,
    0x79,0x67,0xCB,0x1B,0x12,0x52,0x0A,0x00,0x03,0x18,0x00,0x00,
    0x02,0x2A,0x00,0xCE,0x00,0x35,0x4D,0x69,0x73,0x40,0x02,0x82,
    0x63,0x6C,0x6F,0x73,0x65,0x73,0x74,0x48,0x56,0x22,0x12,0x43,
    0x0E,0x00,0x10,0x20,0x0F,0x00,0x03,0x35,0x00,0x30,0x61,0x6E,
    0x79,0x0E,0x00,0x01,0x42,0x0D,0x11,0x79,0x19,0x00,0x05,0xBD,
    0x0D,0x02,0x87,0x15,0x10,0x50,0xFF,0x22,0x05,0x4E,0x01,0x05,
    0xE0,0x14,0x02,0x97,0x15,0x02,0xB9,0x0C,0x11,0x20,0x24,0x00,
    0x03,0x51,0x00,0x40,0x70,0x69,0x70,0x65,0x4B,0x26,0x05,0x96,
    0x02,0x13,0x50,0x11,0x00,0x04,0x21,0x00,0x50,0x69,0x6E,0x70,
    0x75,0x74,0x53,0x00,0x02,0x85,0x27,0x05,0x39,0x00,0x34,0x6F,
    0x75,0x74,0x19,0x00,0x13,0x4F,0x0B,0x00,0x03,0x32,0x00,0xA2,
    0x64,0x69,0x73,0x70,0x61,0x74,0x63,0x68,0x42,0x79,0x19,0x00,
    0x01,0x78,0x13,0x01,0xCC,0x13,0x02,0x18,0x00,0x42,0x20,0x42,
    0x79,0x20,0x1A,0x00,0x03,0xEE,0x1F,0x03,0xA4,0x03,0x08,0x63,
    0x06,0x08,0xA3,0x00,0x01,0x53,0x02,0x00,0x2A,0x01,0x02,0x5F,
    0x06,0x02,0xE8,0x00,0x02,0xB1,0x0C,0x46,0x20,0x70,0x61,0x73,
    0x55,0x05,0x00,0x29,0x00,0x02,0x33,0x06,0x00,0x82,0x10,0x04,
    0x32,0x00,0x04,0x31,0x00,0x00,0x2B,0x00,0x21,0x20,0x66,0x7A,
    0x06,0x10,0x3A,0x7D,0x1C,0x40,0x6E,0x6F,0x74,0x20,0xB4,0x10,
    0x55,0x20,0x66,0x69,0x6C,0x65,0xD8,0x07,0x06,0x44,0x00,0x32,
    0x57,0x72,0x69,0xD0,0x01,0x00,0x77,0x00,0x0F,0x45,0x00,0x09,
    0x10,0x77,0x29,0x00,0x0A,0x46,0x00,0x14,0x70,0x45,0x01,0x04,
    0x8A,0x01,0x04,0x15,0x0D,0x03,0xD0,0x16,0x01,0x76,0x09,0x00,
    0x0C,0x00,0x02,0x33,0x01,0x01,0x0A,0x05,0x02,0x35,0x02,0x0D,
    0x40,0x02,0x01,0x56,0x13,0x10,0x79,0x73,0x12,0x03,0x8B,0x04,
    0x16,0x52,0x0E,0x00,0x01,0x39,0x01,0x1B,0x7D,0x02,0x02,0x04,
    0x25,0x23,0x03,0x51,0x03,0x30,0x72,0x61,0x79,0x99,0x12,0x3B,
    0x69,0x6E,0x67,0xF0,0x1C,0x43,0x52,0x61,0x79,0x20,0x57,0x00,
    0x00,0xAA,0x03,0x00,0x0F,0x01,0x05,0x4C,0x1D,0x31,0x20,0x6F,
    0x6E,0xCF,0x06,0x31,0x63,0x75,0x72,0xE8,0x15,0x03,0x43,0x01,
    0x20,0x64,0x65,0x75,0x1D,0x07,0x71,0x0A,0x01,0x22,0x04,0x12,
    0x4E,0xB0,0x26,0x03,0x70,0x00,0x05,0x73,0x02,0x05,0x47,0x04,
    0x01,0xED,0x00,0x11,0x20,0x26,0x00,0x02,0xEF,0x00,0x01,0x94,
    0x20,0x02,0x91,0x08,0x00,0x29,0x06,0x07,0x87,0x08,0x00,0x3B,
    0x02,0x31,0x6C,0x61,0x79,0xAA,0x26,0x03,0x32,0x02,0x00,0x38,
    0x25,0x01,0x10,0x00,0x03,0x3C,0x00,0x0F,0x90,0x02,0x1F,0x03,
    0x61,0x09,0x02,0xE5,0x06,0x04,0x5C,0x09,0x05,0xE8,0x06,0x01,
    0xA3,0x09,0x02,0x1C,0x00,0x00,0x4C,0x09,0x07,0x19,0x00,0x03,
    0xB2,0x17,0x06,0xA2,0x07,0x04,0x2D,0x06,0x03,0x12,0x00,0x03,
    0x91,0x00,0x00,0x40,0x00,0x30,0x61,0x72,0x61,0x8B,0x16,0x02,
    0x42,0x00,0x01,0x0D,0x00,0x03,0x1D,0x00,0x01,0xF7,0x07,0x00,
    0xBF,0x00,0x04,0xB3,0x12,0x01,0x11,0x00,0x11,0x20,0x60,0x18,
    0x03,0x23,0x00,0x03,0x67,0x00,0x03,0x3F,0x0B,0x04,0x64,0x00,
    0x01,0x34,0x24,0x01,0xE0,0x01,0x52,0x22,0x67,0x6C,0x73,0x6C,
    0x63,0x03,0x20,0x45,0x78,0xA4,0x1F,0x00,0x27,0x13,0x01,0x91,
    0x03,0x44,0x47,0x4C,0x53,0x4C,0x4A,0x03,0x08,0x1B,0x00,0x03,
    0x59,0x00,0x00,0xCB,0x02,0x05,0x05,0x03,0x08,0x7F,0x01,0x00,
    0x19,0x00,0x01,0x88,0x09,0x00,0xDA,0x02,0x06,0xB0,0x09,0x03,
    0x53,0x03,0x48,0x6E,0x6F,0x64,0x65,0x16,0x06,0x00,0x2E,0x00,
    0x02,0x56,0x03,0x00,0x4D,0x00,0x02,0x0A,0x00,0x0D,0xBB,0x09,
    0x0F,0x3C,0x00,0x04,0x01,0xAD,0x09,0x02,0x33,0x00,0x0A,0x3D,
    0x00,0x01,0x19,0x00,0x06,0x40,0x06,0x01,0x48,0x02,0x06,0x7A,
    0x00,0x05,0xD2,0x02,0x01,0x1E,0x0E,0x06,0x2A,0x10,0x05,0x5C,
    0x02,0x01,0x1B,0x0D,0x04,0x20,0x01,0x13,0x75,0x94,0x18,0x0C,
    0x8D,0x18,0x01,0xF7,0x08,0x00,0x8A,0x0E,0x2A,0x79,0x70,0xD1,
    0x00,0x01,0x4A,0x09,0x00,0x90,0x00,0x02,0x39,0x0B,0x08,0xED,
    0x00,0x22,0x69,0x6D,0x50,0x09,0x00,0x1E,0x00,0x13,0x49,0x0C,
    0x00,0x01,0x20,0x00,0x05,0x93,0x00,0x07,0x44,0x0F,0x0C,0xF2,
    0x02,0x05,0xCA,0x11,0x03,0x81,0x01,0x01,0xE6,0x01,0x03,0x79,
    0x29,0x01,0x45,0x00,0x03,0x18,0x00,0x10,0x6A,0xCB,0x17,0x01,
    0xC2,0x01,0x11,0x4A,0x0A,0x00,0x08,0x1C,0x00,0x30,0x70,0x61,
    0x79,0x53,0x0A,0x00,0x80,0x00,0x12,0x50,0x0B,0x00,0x08,0x1E,
    0x00,0x1B,0x75,0xEF,0x20,0x03,0xF6,0x25,0xA7,0x20,0x6D,0x65,
    0x74,0x61,0x64,0x61,0x74,0x61,0x20,0x21,0x00,0x07,0xA7,0x03,
    0x08,0xDC,0x0F,0x0C,0xB5,0x00,0x0D,0x8A,0x13,0x0F,0xB6,0x00,
    0x05,0x35,0x64,0x75,0x72,0x20,0x10,0x13,0x44,0x0C,0x00,0x95,
    0x3A,0x20,0x7B,0x3A,0x2E,0x33,0x66,0x7D,0x20,0x75,0x02,0x0F,
    0xC0,0x00,0x1A,0x05,0x7C,0x00,0x0F,0xC1,0x00,0x0D,0x02,0xFE,
    0x0E,0x02,0xF6,0x01,0x0E,0xC3,0x00,0x02,0xC7,0x01,0x12,0x20,
    0x1F,0x00,0x03,0x64,0x01,0x0F,0xC6,0x00,0x05,0x0F,0x15,0x02,
    0x05,0x22,0x70,0x61,0x7A,0x24,0x48,0x50,0x61,0x74,0x68,0x72,
    0x01,0x10,0x73,0x35,0x1A,0x00,0x6B,0x16,0x29,0x69,0x7A,0x45,
    0x02,0x33,0x66,0x6F,0x6C,0xA9,0x1F,0x12,0x46,0x0A,0x00,0x03,
    0x78,0x00,0x00,0x2D,0x14,0x22,0x41,0x73,0x92,0x00,0x00,0xC5,
    0x01,0x01,0x30,0x14,0x33,0x41,0x73,0x20,0x12,0x00,0x03,0x26,
    0x00,0x00,0x78,0x06,0x33,0x4C,0x75,0x61,0x15,0x00,0x03,0x33,
    0x17,0x02,0xD2,0x12,0x02,0x9D,0x02,0x07,0x28,0x00,0x60,0x49,
    0x6E,0x43,0x6F,0x64,0x65,0x48,0x00,0x01,0x99,0x15,0x10,0x22,
    0xDC,0x06,0x00,0xA8,0x13,0x00,0x16,0x00,0x13,0x20,0x17,0x00,
    0x03,0x2F,0x00,0x00,0x7D,0x00,0x31,0x69,0x6E,0x67,0x80,0x1B,
    0x04,0x7D,0x00,0x00,0x27,0x26,0x02,0x7B,0x1B,0x02,0x45,0x01,
    0x08,0xDD,0x00,0x00,0x87,0x00,0x43,0x65,0x64,0x49,0x6E,0x46,
    0x00,0x03,0x5D,0x00,0x2B,0x65,0x64,0x5F,0x00,0x01,0x33,0x00,
    0x06,0x01,0x03,0x00,0xB1,0x1C,0x05,0xBA,0x00,0x0C,0x4F,0x02,
    0x01,0x7C,0x00,0x03,0xAD,0x0C,0x04,0xA1,0x03,0x53,0x73,0x65,
    0x74,0x41,0x73,0xD9,0x04,0x00,0x97,0x00,0x21,0x53,0x65,0x13,
    0x01,0x03,0x12,0x00,0x11,0x20,0x33,0x00,0x04,0x2C,0x00,0x03,
    0x0E,0x05,0x11,0x53,0xF7,0x03,0x14,0x22,0x23,0x00,0x03,0xC1,
    0x00,0x10,0x65,0x78,0x24,0x0A,0x8E,0x00,0x05,0xE9,0x1E,0x03,
    0x89,0x00,0x22,0x75,0x72,0x9E,0x1E,0x21,0x52,0x49,0x28,0x00,
    0x03,0x19,0x01,0x0D,0x23,0x04,0x05,0xCE,0x00,0x02,0x21,0x18,
    0x06,0x63,0x04,0x10,0x61,0x19,0x31,0x41,0x57,0x69,0x74,0x68,
    0x96,0x00,0x00,0xA9,0x24,0x00,0xB2,0x00,0x01,0x1B,0x31,0x10,
    0x20,0x17,0x00,0x02,0xAE,0x00,0x01,0xC2,0x24,0x04,0xB3,0x00,
    0x0E,0x33,0x00,0x03,0x70,0x10,0x42,0x4D,0x6F,0x76,0x65,0x4F,
    0x0E,0x02,0xFE,0x24,0x12,0x20,0xB8,0x1D,0x00,0x3D,0x05,0x00,
    0x12,0x0B,0x04,0x5D,0x07,0x01,0x6A,0x00,0x01,0x52,0x00,0x12,
    0x20,0x8E,0x00,0x10,0x20,0x1A,0x0E,0x05,0x92,0x08,0x01,0x5F,
    0x00,0x01,0x24,0x00,0x00,0x8E,0x00,0x00,0x84,0x00,0x02,0x4E,
    0x00,0x06,0x98,0x00,0x01,0x1D,0x00,0x02,0x41,0x00,0x00,0x1F,
    0x00,0x03,0x34,0x25,0x09,0x9F,0x00,0x01,0x23,0x00,0x0A,0x40,
    0x00,0x0A,0xA5,0x00,0x17,0x65,0xD9,0x00,0x01,0x2F,0x0F,0x24,
    0x6F,0x72,0x8E,0x00,0x01,0xAF,0x00,0x0C,0xC5,0x00,0x05,0x9F,
    0x00,0x01,0x9B,0x01,0x00,0x5A,0x00,0x0B,0x5F,0x08,0x01,0x72,
    0x00,0x02,0x95,0x00,0x03,0xD6,0x00,0x0D,0x65,0x08,0x08,0xCC,
    0x0E,0x01,0xE6,0x00,0x41,0x65,0x64,0x54,0x6F,0x38,0x00,0x00,
    0x50,0x00,0x00,0xE0,0x00,0x02,0xEA,0x00,0x11,0x20,0x95,0x01,
    0x02,0x76,0x06,0x01,0x1F,0x00,0x01,0x57,0x00,0x0E,0x82,0x00,
    0x01,0xA6,0x01,0x02,0xBC,0x05,0x06,0x27,0x00,0x08,0x3D,0x00,
    0x02,0x4F,0x00,0x07,0x19,0x05,0x44,0x66,0x6F,0x72,0x6B,0x91,
    0x12,0x06,0x04,0x02,0x03,0x7B,0x13,0x04,0x94,0x15,0x01,0x5D,
    0x12,0x04,0xDA,0x0D,0x05,0x42,0x0A,0x06,0x99,0x1F,0x02,0x84,
    0x10,0x01,0xDA,0x1E,0x05,0x94,0x00,0x02,0x68,0x0A,0x00,0xC3,
    0x00,0x0F,0x3E,0x00,0x03,0x08,0xE8,0x13,0x40,0x46,0x69,0x6C,
    0x65,0x23,0x08,0x0F,0x2E,0x00,0x07,0x26,0x6E,0x6F,0xC9,0x26,
    0x01,0x69,0x0A,0x01,0x41,0x08,0x05,0x6D,0x00,0x30,0x6F,0x75,
    0x74,0x27,0x16,0x01,0x00,0x05,0x01,0x57,0x06,0x0F,0x74,0x00,
    0x03,0x02,0xEB,0x2A,0x00,0xEC,0x09,0x03,0x31,0x00,0x00,0x22,
    0x10,0x00,0xDC,0x14,0x02,0xC1,0x00,0x06,0x48,0x0B,0x00,0x16,
    0x01,0x06,0xBD,0x00,0x00,0x2F,0x0E,0x03,0x0A,0x13,0x04,0x05,
    0x01,0x08,0xC0,0x00,0x02,0x2D,0x00,0x22,0x4E,0x6F,0x2E,0x07,
    0x04,0xC4,0x00,0x0F,0x35,0x00,0x00,0x43,0x2C,0x20,0x62,0x75,
    0x6B,0x00,0x70,0x20,0x72,0x65,0x67,0x69,0x73,0x74,0x42,0x11,
    0x01,0x64,0x07,0x41,0x20,0x64,0x69,0x64,0x81,0x0A,0x37,0x72,
    0x75,0x6E,0x9E,0x01,0x03,0x59,0x14,0x06,0x99,0x01,0x02,0xC2,
    0x00,0x10,0x46,0xB1,0x30,0x00,0x08,0x06,0x04,0xAC,0x2B,0x03,
    0x11,0x00,0x03,0xEC,0x03,0x33,0x73,0x75,0x62,0xE5,0x05,0x02,
    0x13,0x04,0x01,0xEB,0x1B,0x20,0x53,0x70,0xA5,0x0B,0x00,0x9E,
    0x00,0x53,0x55,0x49,0x20,0x2F,0x20,0x0F,0x00,0x02,0x32,0x00,
    0x01,0x8F,0x11,0x00,0x13,0x31,0x00,0x05,0x37,0x00,0xAF,0x07,
    0x00,0x60,0x00,0x12,0x6C,0x13,0x37,0x01,0x82,0x09,0x00,0x9F,
    0x0B,0x23,0x75,0x72,0x37,0x34,0x12,0x43,0x0A,0x00,0x01,0x19,
    0x00,0x15,0x7D,0x47,0x04,0x03,0xAB,0x00,0x05,0x05,0x01,0x02,
    0x7B,0x00,0x06,0xB1,0x08,0x03,0xC4,0x10,0x13,0x20,0x21,0x00,
    0x02,0x79,0x00,0x07,0xAB,0x00,0x23,0x22,0x53,0xB6,0x00,0x04,
    0x1A,0x00,0x01,0x07,0x06,0x04,0x3A,0x0D,0x02,0x6E,0x05,0x01,
    0x2E,0x0D,0x08,0x7B,0x01,0x04,0xAD,0x08,0x04,0x27,0x00,0x02,
    0x5D,0x00,0x12,0x65,0xF4,0x37,0x08,0x29,0x00,0x00,0x6B,0x0E,
    0x03,0x3E,0x0C,0x00,0x6E,0x0E,0x00,0x0B,0x00,0x03,0x68,0x00,
    0x34,0x6E,0x6F,0x74,0x36,0x00,0x00,0x1D,0x01,0x33,0x4E,0x6F,
    0x74,0x93,0x01,0x00,0x3D,0x39,0x01,0xE4,0x00,0x02,0xAD,0x27,
    0xA0,0x61,0x74,0x65,0x4D,0x69,0x70,0x6D,0x61,0x70,0x73,0x27,
    0x00,0x13,0x47,0x13,0x00,0x14,0x20,0x14,0x00,0x03,0x4E,0x00,
    0x50,0x66,0x6C,0x69,0x70,0x59,0x21,0x00,0x64,0x46,0x6C,0x69,
    0x70,0x20,0x59,0x42,0x00,0x12,0x71,0xBB,0x32,0x32,0x4C,0x65,
    0x76,0x0B,0x21,0x12,0x51,0x10,0x00,0x12,0x20,0x11,0x00,0x03,
    0x3C,0x00,0x00,0x01,0x0D,0x00,0xDD,0x26,0x32,0x69,0x6F,0x6E,
    0x18,0x00,0x03,0x0A,0x0D,0x03,0x14,0x00,0x0F,0x2D,0x00,0x03,
    0x50,0x4F,0x6E,0x6C,0x79,0x4C,0xB1,0x2D,0x00,0x75,0x00,0x00,
    0x78,0x0F,0x00,0x2E,0x00,0x10,0x20,0x16,0x00,0x12,0x20,0x17,
    0x00,0x03,0x5D,0x00,0x00,0x92,0x28,0x01,0xC7,0x2F,0x02,0x16,
    0x00,0x00,0x5A,0x06,0x04,0x12,0x00,0x0F,0x29,0x00,0x04,0x60,
    0x4D,0x69,0x6E,0x44,0x69,0x6D,0x23,0x3C,0x02,0x9A,0x1B,0x06,
    0x30,0x00,0x46,0x4D,0x69,0x6E,0x20,0x1B,0x00,0x0C,0x61,0x00,
    0x02,0x93,0x02,0x06,0x20,0x00,0x09,0x6B,0x00,0x02,0x1D,0x00,
    0x0E,0x3E,0x00,0x42,0x62,0x61,0x6B,0x65,0x87,0x33,0x03,0x83,
    0x02,0x30,0x42,0x61,0x6B,0xB3,0x0B,0x00,0x95,0x02,0x07,0x88,
    0x02,0x03,0x1B,0x23,0x12,0x58,0x19,0x00,0x03,0x2B,0x00,0x02,
    0x2D,0x22,0x22,0x58,0x20,0x15,0x00,0x08,0x2E,0x00,0x20,0x72,
    0x65,0x1B,0x11,0x00,0x1A,0x01,0x12,0x52,0x0A,0x00,0x03,0xAC,
    0x00,0x0A,0xD1,0x0B,0x04,0x9A,0x02,0x02,0x4D,0x02,0x00,0x64,
    0x07,0x51,0x74,0x69,0x6E,0x67,0x73,0xC9,0x11,0x03,0xED,0x04,
    0x05,0x69,0x04,0x52,0x61,0x70,0x70,0x6C,0x69,0x2A,0x02,0x12,
    0x41,0x0B,0x00,0x13,0x20,0xF9,0x02,0x03,0x36,0x02,0x06,0x3F,
    0x00,0x81,0x61,0x6E,0x64,0x20,0x71,0x75,0x65,0x75,0xB1,0x0F,
    0x02,0x5C,0x00,0x01,0x92,0x02,0x05,0x32,0x03,0x65,0x6D,0x6F,
    0x64,0x65,0x6C,0x50,0x9A,0x2D,0x03,0x31,0x03,0x03,0x3F,0x2B,
    0x1B,0x73,0x4D,0x06,0x03,0x28,0x00,0x04,0x5E,0x2B,0x02,0xE0,
    0x2B,0x09,0xEC,0x0A,0x03,0xDC,0x00,0x41,0x65,0x6D,0x70,0x74,
    0xA8,0x11,0x05,0x32,0x00,0x00,0xAE,0x08,0x00,0xF4,0x04,0x01,
    0x1A,0x00,0x07,0x5D,0x04,0x01,0x23,0x2A,0x03,0xAF,0x3B,0x03,
    0x7D,0x00,0x21,0x61,0x6C,0x76,0x02,0x36,0x41,0x6C,0x6C,0xA0,
    0x12,0x02,0x3D,0x0E,0x02,0xD4,0x17,0x05,0x29,0x00,0x05,0x75,
    0x08,0x03,0x5E,0x27,0x11,0x20,0x7C,0x0B,0x10,0x69,0xEF,0x15,
    0x30,0x6E,0x61,0x67,0xFC,0x04,0x00,0x05,0x1A,0x10,0x65,0x52,
    0x2D,0x62,0x66,0x61,0x62,0x20,0x69,0x6E,0x79,0x3D,0x05,0xA6,
    0x00,0x22,0x75,0x69,0x15,0x2A,0x02,0x10,0x02,0x01,0x20,0x0F,
    0x02,0x0E,0x2B,0x05,0x2F,0x2A,0x12,0x20,0xEB,0x04,0x03,0x1B,
    0x00,0x52,0x20,0x75,0x73,0x65,0x73,0x4A,0x08,0x01,0x83,0x2A,
    0x21,0x2E,0x20,0x84,0x2E,0x00,0xC5,0x1C,0x22,0x72,0x65,0x2A,
    0x00,0x0B,0x31,0x00,0x71,0x62,0x65,0x66,0x6F,0x72,0x65,0x20,
    0xBE,0x00,0x00,0x02,0x0A,0x18,0x69,0x74,0x13,0x30,0x65,0x6E,
    0x75,0xAE,0x0E,0x03,0xF6,0x00,0x03,0x5F,0x26,0x02,0xE8,0x02,
    0x02,0x14,0x00,0x00,0x6F,0x24,0x21,0x65,0x72,0x9C,0x3F,0x03,
    0x84,0x3F,0x17,0x50,0x0F,0x00,0x02,0x6B,0x01,0x1A,0x20,0xDB,
    0x35,0x00,0x67,0x02,0x08,0xD5,0x35,0x00,0x42,0x01,0x03,0xE4,
    0x13,0x00,0x3F,0x05,0x00,0xAF,0x00,0x01,0x3F,0x20,0x07,0x63,
    0x00,0x0F,0x77,0x24,0x02,0x00,0x16,0x05,0x02,0xB6,0x32,0x00,
    0x15,0x05,0x02,0x0A,0x00,0x01,0x88,0x04,0x01,0x2F,0x14,0x01,
    0x8F,0x1E,0x00,0x50,0x34,0x12,0x54,0xD6,0x30,0x05,0xAF,0x00,
    0x00,0xD8,0x2A,0x02,0x85,0x00,0x00,0xD8,0x2A,0x00,0xB8,0x31,
    0x01,0x35,0x00,0x11,0x20,0x9C,0x39,0x10,0x65,0x16,0x3F,0x01,
    0xDD,0x31,0x15,0x4B,0x0D,0x00,0x05,0xC5,0x00,0x52,0x64,0x79,
    0x6E,0x61,0x6D,0x3B,0x00,0x13,0x44,0x0B,0x00,0x01,0x3B,0x00,
    0x04,0x70,0x00,0x0A,0x0F,0x37,0x05,0x71,0x00,0x41,0x6E,0x6F,
    0x6E,0x4D,0x5B,0x01,0x00,0xF9,0x00,0x30,0x4E,0x6F,0x6E,0x9D,
    0x3A,0x06,0x58,0x05,0x01,0xA8,0x00,0x01,0x10,0x00,0x00,0x4A,
    0x1B,0x02,0x1A,0x00,0x09,0x56,0x00,0x02,0xC6,0x00,0x03,0x09,
    0x05,0x05,0xE1,0x06,0x01,0xE3,0x03,0x42,0x73,0x63,0x72,0x65,
    0xAB,0x06,0x14,0x44,0x0C,0x00,0x05,0xAD,0x00,0x00,0xAA,0x13,
    0x20,0x61,0x72,0x36,0x3F,0x00,0x77,0x00,0x03,0x15,0x3A,0x01,
    0x0F,0x00,0x09,0x5E,0x00,0x16,0x67,0x86,0x3F,0x05,0xB1,0x00,
    0x80,0x65,0x78,0x74,0x65,0x72,0x6E,0x61,0x6C,0xB9,0x16,0x00,
    0x3D,0x00,0x13,0x45,0x10,0x00,0x01,0xCA,0x16,0x06,0x2F,0x01,
    0x22,0x71,0x75,0x7D,0x0E,0x10,0x51,0x08,0x00,0x05,0x78,0x00,
    0x22,0x63,0x75,0x4C,0x2B,0x10,0x43,0x08,0x00,0x05,0x16,0x00,
    0x02,0xC5,0x2A,0x00,0x4D,0x00,0x02,0xC0,0x2A,0x06,0x46,0x00,
    0x12,0x63,0xAC,0x2A,0x00,0x1B,0x00,0x03,0xB7,0x2A,0x0A,0x10,
    0x02,0x01,0x8C,0x05,0x0E,0x10,0x02,0x01,0x28,0x03,0x12,0x74,
    0x4D,0x37,0x01,0x3C,0x00,0x03,0x12,0x00,0x13,0x20,0x13,0x00,
    0x06,0x7A,0x00,0x00,0x8A,0x35,0x00,0xEC,0x0A,0x43,0x53,0x63,
    0x72,0x65,0xEB,0x13,0x00,0x13,0x00,0x04,0xA3,0x0B,0x01,0x15,
    0x00,0x09,0x13,0x01,0x06,0x9E,0x3E,0x05,0x12,0x01,0x70,0x73,
    0x74,0x72,0x65,0x74,0x63,0x68,0x69,0x00,0x13,0x53,0x0B,0x00,
    0x05,0x61,0x00,0x10,0x63,0x26,0x3D,0x11,0x69,0xBF,0x05,0x13,
    0x43,0x0B,0x00,0x07,0x1C,0x00,0x12,0x76,0x88,0x16,0x10,0x43,
    0x1B,0x17,0x0A,0xD9,0x00,0x11,0x68,0x84,0x0A,0x08,0xD1,0x01,
    0x31,0x6C,0x65,0x66,0xAC,0x08,0x10,0x4C,0x08,0x00,0x06,0x44,
    0x00,0x33,0x65,0x6E,0x74,0x45,0x00,0x02,0x0A,0x00,0x05,0x1A,
    0x00,0x10,0x72,0x06,0x2B,0x00,0x94,0x00,0x11,0x52,0x09,0x00,
    0x09,0xC5,0x00,0x1D,0x76,0x5E,0x00,0x12,0x74,0xCC,0x3B,0x10,
    0x54,0xCB,0x3B,0x01,0x2B,0x00,0x00,0x7A,0x02,0x32,0x69,0x64,
    0x64,0x7C,0x01,0x12,0x4D,0x0A,0x00,0x05,0x5C,0x00,0x50,0x62,
    0x6F,0x74,0x74,0x6F,0xFB,0x03,0x22,0x22,0x42,0x0A,0x00,0x01,
    0x33,0x00,0x04,0xEA,0x02,0x13,0x73,0xAE,0x2C,0x05,0x21,0x01,
    0x03,0x46,0x36,0x24,0x42,0x6F,0x54,0x17,0x00,0x9D,0x03,0x01,
    0xB9,0x2C,0x00,0xA0,0x00,0x03,0xF4,0x01,0x02,0x43,0x00,0x00,
    0xD7,0x05,0x52,0x0A,0x7D,0x2C,0x0A,0x22,0x2A,0x14,0x01,0xB8,
    0x04,0x03,0x06,0x01,0x03,0xE5,0x1E,0x01,0xBD,0x0E,0x02,0x5B,
    0x00,0x11,0x22,0xEF,0x11,0x00,0x44,0x00,0x02,0x28,0x00,0x02,
    0xA0,0x00,0x01,0xF7,0x1F,0x02,0x07,0x1F,0x02,0x63,0x06,0x10,
    0x3C,0x19,0x22,0x08,0x2C,0x2A,0x41,0x6F,0x6F,0x6C,0x62,0xFB,
    0x2E,0x03,0x47,0x00,0x0F,0xA8,0x33,0x02,0x01,0x44,0x18,0x61,
    0x76,0x65,0x41,0x70,0x70,0x6C,0x09,0x06,0x52,0x4C,0x69,0x76,
    0x65,0x20,0x0E,0x00,0x03,0x68,0x00,0x45,0x74,0x6F,0x70,0x6F,
    0xFC,0x36,0x52,0x54,0x6F,0x70,0x6F,0x20,0x0E,0x00,0x03,0x1F,
    0x00,0x46,0x61,0x75,0x74,0x6F,0x42,0x2F,0x4B,0x41,0x75,0x74,
    0x6F,0x44,0x2F,0x59,0x64,0x65,0x6C,0x65,0x74,0xAA,0x00,0x11,
    0x44,0x12,0x00,0x15,0x20,0x13,0x00,0x03,0x4A,0x00,0x07,0x06,
    0x16,0x0D,0x57,0x17,0x03,0xAB,0x0F,0x00,0x05,0x01,0x00,0x7E,
    0x0F,0x00,0xA4,0x05,0x08,0x14,0x0C,0x01,0x19,0x01,0x05,0x50,
    0x00,0x01,0x95,0x0A,0x04,0x83,0x16,0x01,0x3D,0x01,0x12,0x20,
    0x55,0x01,0x06,0xA6,0x09,0x03,0xC8,0x1B,0x40,0x52,0x65,0x61,
    0x64,0xFF,0x08,0x08,0xAF,0x33,0x03,0x1B,0x00,0x70,0x2C,0x20,
    0x72,0x65,0x61,0x64,0x2D,0x73,0x33,0x05,0x51,0x21,0x00,0x01,
    0x10,0x01,0x37,0x0C,0x22,0x48,0x69,0x53,0x2F,0x01,0x5D,0x10,
    0x62,0x61,0x20,0x2E,0x76,0x72,0x67,0x0E,0x1F,0x02,0xD0,0x01,
    0x03,0xDF,0x13,0x10,0x61,0xE3,0x32,0x07,0x44,0x07,0x20,0x65,
    0x78,0x2E,0x13,0x03,0xE8,0x01,0x08,0xEF,0x0A,0x00,0xDD,0x1C,
    0x25,0x72,0x74,0x68,0x1E,0x08,0x7E,0x18,0x03,0xA8,0x02,0x10,
    0x22,0x8D,0x00,0x00,0xAA,0x00,0x04,0x7A,0x00,0x03,0x7E,0x1C,
    0x02,0x6A,0x00,0x02,0xE1,0x07,0x00,0x23,0x00,0x01,0xB0,0x00,
    0x00,0x88,0x1D,0x00,0xDB,0x23,0x01,0xBB,0x1F,0x01,0x74,0x00,
    0x03,0xEF,0x06,0x05,0x52,0x07,0x90,0x73,0x75,0x67,0x67,0x65,
    0x73,0x74,0x65,0x64,0x4D,0x0D,0x00,0x55,0x01,0x14,0x53,0x11,
    0x00,0x01,0x30,0x0D,0x01,0x7B,0x08,0x03,0x96,0x01,0x02,0x30,
    0x07,0x00,0x24,0x00,0x02,0x7F,0x07,0x00,0xC1,0x03,0x01,0x03,
    0x03,0x00,0x0A,0x16,0x46,0x4D,0x65,0x6E,0x75,0xD0,0x00,0x03,
    0x1B,0x07,0x01,0x8D,0x18,0x00,0xC4,0x01,0x03,0x2F,0x0D,0x01,
    0x10,0x00,0x03,0x4E,0x00,0x03,0x5D,0x01,0x01,0x13,0x00,0x00,
    0x58,0x03,0x03,0x2A,0x0D,0x01,0x10,0x00,0x00,0x15,0x03,0x00,
    0x27,0x00,0x29,0x22,0x6D,0x56,0x00,0x00,0xFB,0x01,0x10,0x49,
    0xFF,0x03,0x22,0x6E,0x61,0xE7,0x04,0x00,0x01,0x02,0x16,0x20,
    0x12,0x00,0x00,0x33,0x00,0x00,0x0A,0x06,0x01,0x55,0x02,0x31,
    0x46,0x65,0x61,0x47,0x23,0x00,0x48,0x0A,0x01,0x11,0x00,0x14,
    0x20,0x12,0x00,0x09,0x27,0x00,0x30,0x4C,0x69,0x6E,0xA0,0x08,
    0x04,0x24,0x00,0x01,0x0F,0x00,0x09,0x21,0x00,0x01,0x91,0x00,
    0x06,0x21,0x00,0x01,0x0F,0x00,0x03,0x21,0x00,0x03,0x2F,0x29,
    0x00,0x12,0x01,0x02,0x79,0x44,0x01,0x18,0x28,0x02,0x13,0x01,
    0x07,0xC3,0x02,0x03,0x75,0x03,0x02,0x56,0x20,0x02,0xD2,0x01,
    0x01,0xA6,0x02,0x00,0x38,0x00,0x03,0x58,0x20,0x02,0x16,0x00,
    0x02,0x66,0x1A,0x04,0x5E,0x00,0x03,0x21,0x01,0x04,0xB6,0x00,
    0x15,0x3A,0x12,0x00,0x23,0x20,0x66,0xDB,0x00,0x03,0x29,0x00,
    0x00,0xA0,0x19,0x32,0x43,0x6F,0x75,0x88,0x02,0x30,0x7B,0x7D,
    0x20,0x10,0x00,0x15,0x65,0xA5,0x00,0x41,0x64,0x6F,0x75,0x62,
    0x76,0x26,0x20,0x63,0x6B,0x2F,0x01,0x00,0x75,0x00,0x11,0x44,
    0x13,0x00,0x20,0x2D,0x63,0x14,0x00,0x31,0x20,0x74,0x6F,0xB6,
    0x10,0x10,0x20,0xB6,0x2C,0x00,0xE7,0x06,0x07,0x7E,0x01,0x11,
    0x70,0xC8,0x05,0x03,0xBF,0x00,0x01,0x0C,0x00,0x16,0x22,0xE5,
    0x17,0x00,0x1C,0x33,0x12,0x3A,0x07,0x00,0x05,0xAF,0x01,0x05,
    0x28,0x34,0x04,0x34,0x00,0x01,0xA5,0x0E,0x20,0x65,0x64,0xB5,
    0x3C,0x00,0x86,0x23,0x00,0x7D,0x00,0x02,0xD3,0x0A,0x01,0xDE,
    0x0A,0x03,0x15,0x00,0x03,0xC7,0x00,0x06,0xA7,0x1C,0x02,0x0A,
    0x00,0x01,0x7B,0x02,0x05,0x5B,0x00,0x01,0xFF,0x17,0x06,0x61,
    0x02,0x16,0x75,0xEB,0x1D,0x03,0xE1,0x1D,0x06,0x8E,0x02,0x41,
    0x62,0x61,0x6E,0x6E,0x23,0x06,0x03,0x86,0x00,0x01,0xF8,0x03,
    0x54,0x49,0x6E,0x76,0x61,0x6C,0xC1,0x29,0x52,0x61,0x70,0x68,
    0x20,0x69,0x11,0x00,0x0A,0x66,0x00,0x02,0x71,0x11,0x06,0x67,
    0x00,0x00,0x72,0x02,0x22,0x6F,0x72,0xFE,0x10,0x00,0xBD,0x00,
    0x00,0x42,0x01,0x10,0x6F,0x39,0x08,0x01,0x80,0x33,0x03,0xB9,
    0x00,0x43,0x67,0x61,0x6D,0x65,0x12,0x00,0x7B,0x3A,0x20,0x22,
    0x47,0x61,0x6D,0x65,0x49,0x12,0x06,0x21,0x00,0x00,0xAE,0x10,
    0x01,0x96,0x04,0x07,0x26,0x00,0x0A,0x82,0x00,0x06,0x27,0x2C,
    0x03,0xBE,0x00,0x00,0xE7,0x0B,0x25,0x65,0x72,0xC4,0x27,0x03,
    0x3C,0x2C,0x20,0x20,0x46,0x86,0x21,0x02,0x31,0x02,0x10,0x20,
    0xF5,0x11,0x05,0x65,0x20,0x40,0x22,0x63,0x61,0x70,0xF9,0x02,
    0x00,0xCF,0x09,0x01,0xB9,0x02,0x03,0x69,0x0C,0x10,0x73,0x68,
    0x00,0x43,0x2F,0x7B,0x7D,0x20,0x20,0x00,0x22,0x64,0x2C,0x32,
    0x04,0x03,0x17,0x00,0x04,0x76,0x02,0x00,0xC5,0x05,0x12,0x46,
    0x27,0x02,0x01,0xC2,0x05,0x00,0x0C,0x00,0x03,0xE8,0x00,0x01,
    0x7C,0x08,0x00,0x06,0x01,0x01,0xB9,0x3D,0x04,0x31,0x00,0x21,
    0x6E,0x6F,0x8B,0x00,0x01,0x55,0x01,0x00,0x1D,0x00,0x41,0x4E,
    0x6F,0x20,0x66,0x9C,0x00,0x01,0x77,0x01,0x91,0x20,0x68,0x61,
    0x73,0x20,0x62,0x65,0x65,0x6E,0xE6,0x36,0x00,0xC7,0x22,0x09,
    0x89,0x21,0x52,0x63,0x6F,0x70,0x79,0x44,0x84,0x1F,0x84,0x43,
    0x6F,0x70,0x79,0x20,0x44,0x4F,0x54,0x58,0x00,0x03,0x1B,0x00,
    0x04,0x49,0x47,0x12,0x54,0x63,0x1F,0x01,0x26,0x00,0x41,0x61,
    0x20,0x72,0x65,0xF4,0x08,0x20,0x72,0x75,0xCA,0x05,0x02,0x06,
    0x01,0x30,0x76,0x69,0x7A,0x3F,0x00,0x14,0x20,0x8D,0x2D,0x0B,
    0x48,0x00,0x08,0x40,0x00,0x00,0x62,0x0C,0x04,0x07,0x06,0x13,
    0x20,0x71,0x01,0x02,0x0D,0x01,0x01,0x42,0x00,0x11,0x65,0xC2,
    0x34,0x01,0x8C,0x0C,0x07,0xDB,0x00,0x03,0x05,0x01,0x01,0xD6,
    0x00,0x05,0xF4,0x1D,0x03,0x85,0x20,0x00,0x6C,0x27,0x01,0x85,
    0x19,0x15,0x73,0x21,0x06,0x32,0x70,0x69,0x6E,0x20,0x10,0x00,
    0x14,0x01,0x02,0xF4,0x02,0x04,0x92,0x00,0x12,0x70,0x6E,0x06,
    0x00,0x19,0x00,0x00,0xA9,0x05,0x07,0x17,0x00,0x20,0x49,0x6E,
    0x7E,0x3C,0x33,0x45,0x66,0x66,0xDC,0x26,0x32,0x69,0x6E,0x5C,
    0xC8,0x28,0x12,0x65,0x13,0x00,0x03,0x84,0x00,0x00,0x5C,0x00,
    0x01,0x62,0x09,0x06,0x8E,0x03,0x51,0x70,0x69,0x6E,0x55,0x73,
    0x25,0x04,0x25,0x75,0x73,0x52,0x03,0x21,0x70,0x69,0x50,0x00,
    0x00,0x69,0x00,0x00,0xE7,0x12,0x07,0x69,0x00,0x1F,0x4F,0xBD,
    0x03,0x00,0x03,0x28,0x02,0x06,0xFD,0x02,0x00,0x0A,0x18,0x04,
    0x22,0x11,0x86,0x7B,0x7D,0x20,0x7C,0x20,0x7B,0x7D,0x78,0x29,
    0x02,0x04,0x1E,0x00,0x03,0x44,0x12,0x09,0x24,0x00,0x01,0x2C,
    0x00,0x04,0x6F,0x00,0x02,0x70,0x02,0x03,0xD3,0x0B,0x11,0x43,
    0x9D,0x02,0x00,0xB5,0x07,0x05,0x81,0x01,0x03,0x78,0x00,0x00,
    0xF4,0x0D,0x00,0xEC,0x02,0x25,0x2E,0x2E,0x9C,0x06,0x00,0xEA,
    0x0E,0x1F,0x43,0x63,0x31,0x02,0x00,0x1A,0x00,0x62,0x52,0x61,
    0x77,0x44,0x65,0x70,0x7D,0x18,0x42,0x52,0x61,0x77,0x20,0x0D,
    0x00,0x03,0x23,0x01,0x00,0x21,0x00,0x02,0xE6,0x0B,0x02,0x17,
    0x00,0x00,0x9B,0x2E,0x02,0xF5,0x0B,0x02,0x10,0x00,0x07,0x27,
    0x00,0x20,0x49,0x6E,0xEE,0x0F,0x2B,0x65,0x64,0x2F,0x00,0x04,
    0x17,0x00,0x12,0x20,0x18,0x00,0x0E,0x5F,0x00,0x41,0x41,0x6C,
    0x70,0x68,0xF2,0x03,0x02,0x09,0x00,0x07,0x52,0x00,0x02,0x52,
    0x10,0x00,0x77,0x01,0x03,0x0A,0x00,0x07,0x1C,0x00,0x43,0x54,
    0x6F,0x6F,0x6C,0x2F,0x22,0x04,0x41,0x10,0x03,0xBC,0x1D,0x10,
    0x20,0xB4,0x00,0x04,0x35,0x01,0x01,0x0C,0x00,0x01,0x03,0x0D,
    0x06,0x14,0x00,0x41,0x67,0x61,0x6D,0x6D,0x71,0x00,0x11,0x47,
    0x09,0x00,0x03,0x55,0x00,0x02,0x84,0x2D,0x06,0x56,0x00,0x02,
    0x87,0x2D,0x03,0xBA,0x3D,0x05,0x57,0x10,0x04,0x58,0x00,0x32,
    0x66,0x69,0x74,0x6E,0x42,0x00,0x92,0x21,0x32,0x69,0x74,0x20,
    0x0D,0x00,0x03,0x4B,0x00,0x04,0x1D,0x00,0x07,0xA4,0x00,0x01,
    0x04,0x04,0x50,0x66,0x69,0x74,0x20,0x64,0x6B,0x01,0x20,0x20,
    0x72,0xAA,0x42,0x06,0xE9,0x27,0x04,0x66,0x00,0x11,0x69,0xEB,
    0x39,0x03,0x46,0x00,0x62,0x63,0x6C,0x61,0x6D,0x70,0x4D,0x2F,
    0x06,0x10,0x43,0x0C,0x00,0x08,0x20,0x34,0x02,0x1D,0x00,0x02,
    0x1F,0x34,0x03,0x1D,0x00,0x14,0x61,0x25,0x0B,0x03,0x7E,0x05,
    0x10,0x5A,0x39,0x01,0x02,0x50,0x05,0x21,0x20,0x7A,0x28,0x1B,
    0x21,0x34,0x66,0xEC,0x23,0x45,0x3A,0x2E,0x31,0x66,0x8D,0x08,
    0x00,0x1E,0x0C,0x21,0x45,0x79,0xC8,0x00,0x00,0x21,0x0C,0x10,
    0x20,0x0C,0x00,0x03,0x81,0x00,0x01,0x09,0x0C,0x00,0x10,0x00,
    0x00,0x12,0x28,0x32,0x69,0x67,0x68,0x1D,0x00,0x05,0x4A,0x06,
    0x00,0x7C,0x0C,0x20,0x6C,0x61,0xE3,0x0A,0x11,0x7B,0x83,0x0B,
    0x13,0x22,0xC6,0x00,0x00,0x77,0x00,0x03,0xFD,0x10,0x04,0x2E,
    0x01,0x60,0x70,0x72,0x65,0x70,0x61,0x72,0xD4,0x41,0x02,0x9C,
    0x02,0x03,0x23,0x00,0x02,0x14,0x00,0x04,0xB1,0x02,0x04,0x2D,
    0x00,0x00,0x7F,0x36,0x01,0x4B,0x44,0x02,0xBC,0x00,0x00,0x2C,
    0x00,0x33,0x4E,0x6F,0x20,0x5F,0x44,0x03,0x13,0x18,0x06,0xA5,
    0x06,0x12,0x73,0x46,0x3A,0x05,0x85,0x00,0x62,0x73,0x77,0x69,
    0x74,0x63,0x68,0x4D,0x08,0x13,0x53,0x0C,0x00,0x09,0x44,0x0A,
    0x04,0x67,0x00,0x02,0x14,0x00,0x60,0x65,0x72,0x49,0x6E,0x66,
    0x6F,0x64,0x00,0x02,0x3B,0x08,0x70,0x65,0x72,0x20,0x27,0x7B,
    0x7D,0x27,0xCD,0x05,0x04,0x29,0x00,0x02,0x52,0x00,0x0F,0x44,
    0x1E,0x01,0x02,0x1A,0x00,0x0F,0x5E,0x00,0x02,0x03,0x5B,0x08,
    0x01,0xD8,0x0B,0x43,0x55,0x70,0x64,0x61,0xD5,0x49,0x03,0x0B,
    0x00,0x04,0x7A,0x08,0x11,0x20,0xE1,0x4E,0x04,0x69,0x00,0x42,
    0x6C,0x69,0x6E,0x6B,0x1E,0x20,0x01,0xDB,0x06,0x03,0x0B,0x00,
    0x01,0x87,0x08,0x11,0x20,0x75,0x20,0x10,0x20,0x22,0x00,0x04,
    0x2E,0x00,0x00,0xF3,0x04,0x00,0xBF,0x0A,0x22,0x45,0x64,0x7D,
    0x14,0x10,0x54,0xF4,0x2B,0x21,0x69,0x73,0xD5,0x05,0x03,0xB6,
    0x0A,0x00,0x6D,0x02,0x00,0xD4,0x44,0x76,0x6E,0x63,0x79,0x20,
    0x65,0x64,0x67,0x64,0x22,0x00,0xDA,0x08,0x02,0x33,0x0C,0x01,
    0x6A,0x00,0x03,0x0B,0x00,0x01,0x6A,0x00,0x04,0x5F,0x00,0x00,
    0x0B,0x1F,0x04,0xCC,0x0B,0x00,0x1F,0x01,0x01,0x5F,0x00,0x00,
    0x15,0x00,0x00,0xCB,0x12,0x05,0x62,0x00,0x05,0x63,0x04,0x04,
    0x85,0x08,0x03,0x4B,0x00,0x00,0x32,0x00,0x03,0x0B,0x00,0x14,
    0x20,0x1B,0x00,0x06,0x5A,0x00,0x20,0x74,0x68,0x24,0x1C,0x01,
    0x7F,0x44,0x02,0x2B,0x00,0x12,0x4E,0x13,0x00,0x0D,0x54,0x0C,
    0x02,0xDF,0x0B,0x02,0x24,0x00,0x02,0xD2,0x0B,0x06,0x70,0x0C,
    0x04,0x1C,0x00,0x51,0x44,0x65,0x74,0x61,0x69,0x37,0x13,0x04,
    0x22,0x00,0x05,0x2E,0x18,0x02,0xE3,0x01,0x02,0x92,0x06,0x08,
    0xD2,0x01,0x00,0x80,0x0D,0x00,0x91,0x0D,0x03,0x4A,0x14,0x01,
    0x82,0x0D,0x01,0x8A,0x01,0x14,0x20,0x60,0x14,0x03,0x02,0x03,
    0x00,0xC5,0x07,0x02,0x8A,0x0D,0x07,0x2F,0x00,0x01,0xCB,0x03,
    0x11,0x6C,0xA0,0x33,0x0C,0x30,0x00,0x00,0xD3,0x02,0x21,0x69,
    0x72,0x03,0x05,0x10,0x6B,0x94,0x02,0x23,0x22,0x52,0x11,0x00,
    0x00,0x21,0x34,0x10,0x6C,0x50,0x0C,0x01,0x54,0x46,0x01,0xFC,
    0x06,0x01,0xCD,0x01,0x05,0x5E,0x0A,0x00,0x73,0x1F,0x23,0x65,
    0x64,0x83,0x0C,0x00,0x3E,0x01,0x00,0xE7,0x27,0x07,0xCB,0x00,
    0x01,0x33,0x00,0x04,0x42,0x01,0x00,0x2D,0x00,0x03,0x2B,0x00,
    0x0F,0x97,0x02,0x01,0x00,0x1F,0x00,0x05,0x04,0x01,0x01,0x39,
    0x00,0x08,0xFD,0x00,0x00,0x1E,0x00,0x02,0x52,0x01,0x02,0x63,
    0x00,0x08,0x55,0x00,0x0F,0x4E,0x00,0x06,0x0D,0x46,0x00,0xB1,
    0x63,0x6F,0x6E,0x6E,0x65,0x63,0x74,0x54,0x6F,0x52,0x65,0x3A,
    0x01,0x00,0xB3,0x00,0x12,0x43,0x14,0x00,0x06,0xDD,0x02,0x01,
    0x33,0x22,0x20,0x20,0x74,0xE5,0x31,0x55,0x6F,0x74,0x68,0x65,
    0x72,0x1A,0x00,0x02,0xCE,0x02,0x42,0x74,0x6F,0x20,0x72,0x3E,
    0x00,0x01,0xEB,0x23,0x04,0xEA,0x0B,0x05,0x54,0x02,0x03,0x44,
    0x03,0x03,0x48,0x02,0x00,0x62,0x00,0x03,0x0B,0x00,0x05,0x2B,
    0x00,0x04,0x51,0x00,0x04,0xC4,0x00,0x00,0xD8,0x02,0x43,0x4C,
    0x69,0x6E,0x6B,0x67,0x03,0x00,0x33,0x00,0x03,0x0B,0x00,0x01,
    0xDC,0x02,0x0F,0x46,0x03,0x00,0x01,0xCD,0x0A,0x01,0x56,0x20,
    0x06,0xFC,0x00,0x15,0x56,0x14,0x00,0x03,0x7F,0x16,0x08,0x3F,
    0x01,0x03,0xE7,0x08,0x00,0x10,0x02,0x2A,0x79,0x55,0x0D,0x21,
    0x04,0x53,0x0A,0x00,0x45,0x02,0x15,0x79,0x3B,0x00,0x02,0xF4,
    0x01,0x11,0x2F,0xBA,0x0E,0x04,0x3F,0x16,0x0A,0x26,0x21,0x04,
    0x6D,0x02,0x02,0xD1,0x16,0x62,0x49,0x6E,0x4D,0x65,0x6D,0x6F,
    0x81,0x28,0x00,0x66,0x00,0x12,0x69,0x0E,0x1F,0x12,0x6D,0x15,
    0x00,0x0F,0x2C,0x00,0x03,0x06,0x04,0x03,0x04,0x32,0x00,0x02,
    0x76,0x00,0x02,0xFB,0x02,0x00,0x4D,0x1F,0x02,0x3F,0x00,0x08,
    0xC9,0x00,0x03,0x17,0x0D,0x08,0xE4,0x03,0x03,0x54,0x02,0x02,
    0x36,0x00,0x0B,0x02,0x0F,0x10,0x3B,0x03,0x16,0x12,0x20,0x63,
    0x03,0x05,0xB3,0x00,0x00,0xC9,0x17,0x01,0x42,0x04,0x11,0x53,
    0x09,0x00,0x03,0x9D,0x00,0x01,0x16,0x00,0x06,0x93,0x00,0x01,
    0x1C,0x00,0x09,0x25,0x05,0x01,0x87,0x00,0x00,0x48,0x06,0x01,
    0xB1,0x11,0x05,0xC0,0x1D,0x03,0x32,0x09,0x01,0x67,0x11,0x03,
    0x0C,0x00,0x05,0xBD,0x11,0x00,0xCB,0x01,0x02,0x8E,0x10,0x35,
    0x20,0x28,0x51,0x1D,0x0A,0x00,0xA6,0x2E,0x00,0x1A,0x00,0x01,
    0xE8,0x1E,0x25,0x28,0x57,0x18,0x00,0x10,0x72,0x64,0x49,0x02,
    0xB8,0x06,0x01,0x0A,0x00,0x35,0x20,0x28,0x45,0x1C,0x00,0x0A,
    0x7E,0x0B,0x35,0x20,0x28,0x52,0x1A,0x00,0x00,0xB3,0x3A,0x00,
    0x4E,0x00,0x00,0xAA,0x3A,0x10,0x20,0xBC,0x07,0x35,0x20,0x28,
    0x54,0x1D,0x00,0x08,0x28,0x3C,0x24,0x22,0x54,0x0D,0x00,0x03,
    0x27,0x00,0x17,0x59,0x1B,0x3D,0x40,0x63,0x6F,0x6F,0x72,0x14,
    0x01,0x03,0x15,0x07,0x11,0x6C,0x60,0x39,0x00,0x37,0x09,0x01,
    0x09,0x00,0x03,0x23,0x01,0x01,0x16,0x00,0x00,0x63,0x00,0x03,
    0xC3,0x08,0x01,0x86,0x39,0x11,0x20,0x3B,0x00,0x20,0x69,0x6E,
    0x23,0x30,0x00,0xB6,0x37,0x05,0x89,0x07,0x42,0x67,0x6C,0x6F,
    0x62,0x08,0x09,0x12,0x47,0x0A,0x00,0x03,0x46,0x00,0x02,0x18,
    0x00,0x07,0x47,0x00,0x02,0x1F,0x00,0x0E,0x48,0x00,0x00,0x6C,
    0x01,0x00,0x34,0x00,0x01,0x5B,0x01,0x09,0xC2,0x12,0x10,0x67,
    0x85,0x37,0x01,0x08,0x13,0x15,0x69,0xC0,0x01,0x42,0x75,0x69,
    0x53,0x6E,0xA1,0x53,0x00,0x03,0x42,0x00,0x0B,0x00,0x00,0x3C,
    0x00,0x00,0xB5,0x2A,0x30,0x69,0x65,0x77,0x49,0x09,0x07,0x72,
    0x00,0xA6,0x33,0x44,0x20,0x2F,0x20,0x32,0x44,0x20,0x55,0x49,
    0x93,0x07,0x50,0x67,0x69,0x7A,0x6D,0x6F,0xFF,0x04,0x03,0x03,
    0x01,0x55,0x70,0x6F,0x70,0x75,0x70,0x79,0x0D,0x03,0xFB,0x0D,
    0x12,0x47,0x25,0x00,0x03,0x5A,0x00,0x16,0x74,0x78,0x09,0x03,
    0x20,0x00,0x02,0x45,0x00,0x30,0x20,0x28,0x69,0xA1,0x0C,0x13,
    0x2C,0xE6,0x45,0x51,0x2C,0x20,0x63,0x6F,0x6C,0xA1,0x42,0x31,
    0x73,0x2C,0x20,0xEC,0x3C,0x06,0x29,0x0C,0x20,0x68,0x65,0x31,
    0x2F,0x00,0xC0,0x01,0x03,0x42,0x00,0x0A,0x62,0x00,0x01,0x48,
    0x00,0x00,0x1E,0x00,0x10,0x49,0x51,0x00,0x04,0x78,0x00,0x00,
    0x16,0x00,0x04,0x9B,0x0B,0x00,0x19,0x00,0x11,0x20,0x0D,0x00,
    0x03,0x1D,0x00,0x02,0x5A,0x0B,0x40,0x69,0x6F,0x6E,0x42,0x9B,
    0x2F,0x00,0xD1,0x00,0x03,0x83,0x02,0x43,0x69,0x6F,0x6E,0x20,
    0x14,0x00,0x03,0x2B,0x00,0x05,0x97,0x00,0x00,0x62,0x00,0x14,
    0x43,0xA4,0x00,0x04,0x66,0x00,0x01,0xAA,0x00,0x02,0xCE,0x08,
    0x03,0x95,0x00,0x00,0x10,0x02,0x01,0x52,0x09,0x13,0x26,0xE3,
    0x0E,0x13,0x20,0x19,0x00,0x03,0x50,0x00,0x52,0x73,0x68,0x6F,
    0x77,0x41,0x0D,0x1A,0x50,0x53,0x68,0x6F,0x77,0x20,0x0C,0x00,
    0x03,0x1B,0x00,0x40,0x68,0x69,0x64,0x65,0x0F,0x00,0x01,0x27,
    0x43,0x21,0x64,0x65,0x1B,0x00,0x05,0xE0,0x01,0x01,0x53,0x34,
    0x04,0xEB,0x0B,0x03,0x7F,0x01,0x01,0x8F,0x04,0x07,0xB3,0x01,
    0x00,0x23,0x04,0x43,0x79,0x20,0x55,0x49,0xC3,0x19,0x02,0x2E,
    0x00,0x03,0x5D,0x00,0x0A,0xAB,0x01,0x03,0x55,0x11,0x0F,0x2B,
    0x00,0x03,0x02,0x87,0x11,0x07,0x58,0x00,0x0F,0x2E,0x00,0x0A,
    0x14,0x6C,0x3B,0x3C,0x02,0x38,0x1A,0x02,0x75,0x00,0x05,0xB7,
    0x00,0x00,0xD9,0x0F,0x00,0x7D,0x0F,0x06,0xF6,0x03,0x05,0xB8,
    0x1E,0x01,0xE1,0x0F,0x01,0x1C,0x00,0x04,0xA3,0x00,0x00,0x65,
    0x07,0x0F,0x4C,0x0A,0x43,0x0D,0xD2,0x0A,0x05,0x88,0x11,0x22,
    0x22,0x43,0xBA,0x45,0x05,0xB2,0x00,0x42,0x68,0x69,0x73,0x74,
    0xA5,0x05,0x03,0x66,0x01,0x00,0x8B,0x04,0x20,0x55,0x69,0x3B,
    0x04,0x00,0x03,0x02,0x01,0x91,0x04,0x31,0x55,0x49,0x20,0x10,
    0x00,0x03,0xB9,0x00,0x02,0x95,0x04,0x06,0x24,0x00,0x03,0x9B,
    0x04,0x0C,0x26,0x00,0x48,0x65,0x73,0x69,0x7A,0x26,0x00,0x01,
    0x10,0x00,0x00,0xAF,0x01,0x08,0x4C,0x00,0x01,0xC5,0x04,0x06,
    0x25,0x00,0x01,0x49,0x10,0x0C,0x24,0x00,0x05,0xB2,0x04,0x03,
    0x94,0x41,0x09,0xB8,0x04,0x03,0x14,0x00,0x00,0xD0,0x00,0x01,
    0x36,0x17,0x04,0x59,0x21,0x04,0x7F,0x10,0x00,0xD6,0x00,0x0F,
    0x2E,0x04,0x01,0x03,0x9D,0x10,0x02,0x27,0x00,0x03,0xD9,0x00,
    0x11,0x6E,0xB9,0x01,0x26,0x22,0x4E,0xC3,0x0B,0x52,0x63,0x6F,
    0x6D,0x70,0x69,0xE4,0x10,0x00,0x14,0x1F,0x00,0x0B,0x00,0x03,
    0x2C,0x00,0x06,0x52,0x09,0x00,0x27,0x01,0x01,0x4B,0x09,0x02,
    0x61,0x09,0x06,0x2C,0x03,0x0F,0x3B,0x17,0x03,0x00,0xAA,0x00,
    0x00,0x44,0x00,0x10,0x22,0x84,0x0A,0x0A,0x25,0x15,0x00,0x5D,
    0x12,0x22,0x4E,0x6F,0xB2,0x1A,0x00,0xFC,0x03,0x10,0x20,0x0D,
    0x00,0x07,0xFF,0x0E,0x01,0x15,0x03,0x00,0x14,0x00,0x00,0x73,
    0x00,0x02,0x80,0x02,0x01,0x0E,0x00,0x00,0x4F,0x00,0x01,0x51,
    0x00,0x02,0x1A,0x00,0x01,0x14,0x00,0x05,0x67,0x00,0x88,0x62,
    0x6C,0x61,0x63,0x6B,0x62,0x6F,0x61,0xCC,0x05,0x12,0x64,0x32,
    0x43,0x02,0xA8,0x4C,0x01,0xCB,0x14,0x01,0x52,0x43,0x04,0xBB,
    0x00,0x03,0x1F,0x00,0x0F,0x48,0x2B,0x00,0x05,0x56,0x00,0x0C,
    0x70,0x5C,0x0C,0x69,0x00,0x26,0x22,0x42,0x77,0x00,0x03,0x9F,
    0x00,0x04,0xDE,0x2B,0x13,0x65,0xAF,0x19,0x05,0xE2,0x2B,0x01,
    0x11,0x00,0x03,0x25,0x00,0x0A,0xCE,0x33,0x00,0x1A,0x00,0x01,
    0x64,0x04,0x21,0x4E,0x6F,0xAE,0x16,0x00,0x71,0x31,0x01,0xF8,
    0x13,0x01,0x19,0x00,0x05,0xBE,0x07,0x03,0x30,0x0F,0x01,0x96,
    0x53,0x00,0xCE,0x00,0x0F,0xEC,0x2C,0x00,0x22,0x75,0x69,0xD9,
    0x0E,0x00,0xD9,0x33,0x1A,0x49,0xE5,0x0E,0x12,0x6D,0xA8,0x0A,
    0x00,0xA1,0x0E,0x03,0x85,0x00,0x12,0x6D,0x8F,0x0E,0x01,0xA3,
    0x5C,0x02,0x12,0x0E,0x0F,0x9E,0x4C,0x0C,0x01,0x7D,0x01,0x08,
    0xB3,0x4C,0x00,0x46,0x02,0x27,0x6F,0x20,0x36,0x00,0x07,0xEB,
    0x17,0x06,0x5E,0x0E,0x00,0x9C,0x02,0x01,0xD4,0x16,0x02,0x48,
    0x1C,0x03,0xC3,0x1F,0x08,0x47,0x1C,0x0E,0xC2,0x1D,0x03,0xA3,
    0x00,0x10,0x74,0xFF,0x4E,0x00,0x09,0x03,0x00,0x08,0x00,0x03,
    0x14,0x00,0x27,0x75,0x73,0x8E,0x0C,0x04,0x9D,0x1C,0x03,0x55,
    0x00,0x15,0x3A,0x93,0x0C,0x01,0xC5,0x3C,0x11,0x20,0x2C,0x00,
    0x01,0x42,0x32,0x25,0x20,0x30,0x98,0x32,0x04,0xEE,0x00,0x01,
    0x1D,0x00,0x03,0x95,0x1A,0x01,0xAD,0x17,0x01,0x98,0x00,0x22,
    0x3A,0x20,0xA6,0x1C,0x0F,0x3C,0x00,0x0B,0x00,0xEF,0x1B,0x44,
    0x72,0x6F,0x6C,0x73,0x8D,0x18,0x01,0x8C,0x0F,0x62,0x64,0x72,
    0x61,0x67,0x3A,0x20,0x38,0x04,0x04,0x26,0x0F,0xF2,0x02,0x20,
    0x20,0x57,0x68,0x65,0x65,0x6C,0x3A,0x20,0x7A,0x6F,0x6F,0x6D,
    0x20,0x20,0x46,0x3A,0x26,0x14,0x06,0x7E,0x07,0x31,0x61,0x64,
    0x64,0x6B,0x2D,0x05,0x28,0x01,0x20,0x73,0x65,0x58,0x49,0x04,
    0x59,0x00,0x11,0x53,0x0E,0x00,0x02,0x65,0x13,0x04,0xB9,0x00,
    0x30,0x6E,0x6F,0x4D,0x2F,0x31,0x30,0x69,0x6E,0x67,0x3A,0x00,
    0x04,0x87,0x01,0x13,0x6D,0x14,0x00,0x02,0x2C,0x00,0x07,0x8A,
    0x01,0x0E,0xA5,0x47,0x01,0xD0,0x0B,0x01,0x38,0x00,0x21,0x49,
    0x6E,0x94,0x31,0x03,0x5B,0x01,0x06,0x75,0x02,0x00,0x7B,0x03,
    0x01,0xB6,0x2E,0x01,0x83,0x02,0x04,0x79,0x00,0x13,0x6D,0xF4,
    0x2A,0x10,0x4D,0x08,0x00,0x03,0x34,0x00,0x32,0x6C,0x6F,0x67,
    0x0D,0x1F,0x11,0x4C,0x09,0x00,0x03,0x16,0x00,0x03,0xDD,0x12,
    0x00,0x47,0x00,0x03,0xEF,0x11,0x04,0x44,0x00,0x00,0xE5,0x16,
    0x03,0x15,0x13,0x00,0x97,0x33,0x00,0x0B,0x00,0x03,0x34,0x00,
    0x02,0x21,0x32,0x00,0x33,0x00,0x46,0x4F,0x75,0x74,0x70,0x63,
    0x04,0x01,0x8C,0x0C,0x01,0x17,0x00,0x00,0x95,0x0C,0x06,0x3A,
    0x01,0x3E,0x73,0x75,0x62,0xDB,0x00,0x01,0xD4,0x12,0x92,0x78,
    0x41,0x74,0x74,0x72,0x69,0x62,0x75,0x74,0x9E,0x38,0x02,0xE7,
    0x33,0x17,0x20,0x15,0x00,0x03,0x72,0x00,0x03,0xA6,0x00,0x01,
    0x0A,0x01,0x03,0xA7,0x00,0x07,0x34,0x06,0x0C,0xAB,0x10,0x02,
    0x8A,0x0D,0x02,0x12,0x39,0x05,0x79,0x01,0x02,0x95,0x0D,0x00,
    0x57,0x3C,0x02,0x61,0x07,0x01,0x7E,0x01,0x16,0x28,0xE7,0x08,
    0x0D,0x35,0x00,0x30,0x53,0x6B,0x69,0xEB,0x3D,0x00,0xD0,0x00,
    0x0F,0x3C,0x00,0x05,0x32,0x2C,0x20,0x73,0x25,0x00,0x07,0x97,
    0x35,0x02,0xBB,0x1C,0x02,0x38,0x00,0x02,0x65,0x50,0x06,0x0B,
    0x0E,0x03,0x90,0x4F,0x00,0x8B,0x1B,0x00,0x57,0x00,0x20,0x41,
    0x6C,0xF0,0x0F,0x11,0x79,0xAC,0x32,0x04,0x76,0x01,0x07,0x23,
    0x00,0x43,0x4D,0x65,0x73,0x73,0xA2,0x4C,0x04,0xCA,0x28,0x02,
    0x42,0x0C,0x05,0xD8,0x4F,0x00,0xE5,0x1B,0x01,0xF4,0x0B,0x03,
    0x27,0x01,0x00,0x10,0x00,0x01,0x6B,0x03,0x04,0x38,0x00,0x00,
    0x6A,0x00,0x00,0x63,0x03,0x09,0x3F,0x00,0x0C,0x32,0x00,0x02,
    0xA1,0x0D,0x07,0x6E,0x00,0x00,0x36,0x00,0x0B,0x34,0x00,0x05,
    0x76,0x0D,0x06,0xBF,0x11,0x00,0x31,0x01,0x02,0x3B,0x00,0x00,
    0xCC,0x00,0x00,0x23,0x01,0x03,0x25,0x00,0x04,0xCB,0x00,0x00,
    0x21,0x00,0x06,0x1D,0x00,0x06,0x18,0x00,0x00,0xC7,0x0C,0x06,
    0x39,0x00,0x00,0xC6,0x0C,0x0B,0x39,0x00,0x00,0x21,0x00,0x01,
    0x3D,0x0B,0x00,0x1C,0x00,0x05,0xB0,0x05,0x03,0xFC,0x06,0x06,
    0x3A,0x00,0x03,0x02,0x07,0x0B,0x3D,0x00,0x01,0xB4,0x33,0x00,
    0xB1,0x02,0x26,0x65,0x72,0x2B,0x00,0x02,0x0A,0x00,0x41,0x20,
    0x74,0x6F,0x20,0x1F,0x00,0x14,0x20,0xFA,0x26,0x20,0x64,0x20,
    0xE6,0x02,0x06,0x2A,0x12,0x03,0x64,0x00,0x01,0x7D,0x00,0x03,
    0x5F,0x00,0x09,0xF4,0x00,0x06,0x66,0x07,0x00,0xED,0x09,0x12,
    0x69,0xDE,0x00,0x01,0x6D,0x07,0x0F,0xB8,0x10,0x03,0x00,0x75,
    0x07,0x03,0xAF,0x04,0x07,0xAD,0x12,0x01,0xB9,0x1E,0x03,0x77,
    0x05,0x23,0x20,0x75,0x18,0x00,0x03,0xC3,0x01,0x00,0x74,0x07,
    0x02,0x57,0x00,0x00,0x72,0x07,0x06,0x35,0x01,0x03,0x2F,0x00,
    0x00,0x47,0x05,0x20,0x43,0x68,0xE5,0x14,0x01,0xA4,0x00,0x03,
    0x5C,0x00,0x02,0x44,0x05,0x13,0x63,0x18,0x00,0x03,0x4A,0x00,
    0x07,0x32,0x00,0x10,0x52,0x83,0x15,0x00,0xA6,0x01,0x09,0x30,
    0x00,0x01,0x99,0x15,0x00,0x14,0x01,0x02,0x48,0x05,0x04,0xB7,
    0x01,0x03,0x38,0x00,0x02,0x62,0x56,0x0F,0x6C,0x00,0x00,0x11,
    0x73,0xBB,0x23,0x0F,0x6E,0x00,0x04,0x03,0x36,0x00,0x00,0x15,
    0x24,0x02,0xC6,0x00,0x04,0x72,0x00,0x04,0x36,0x00,0x03,0x1A,
    0x00,0x00,0xB9,0x07,0x01,0x20,0x09,0x02,0xC1,0x30,0x22,0x6F,
    0x72,0xF9,0x08,0x02,0x5C,0x05,0x0E,0x20,0x09,0x0E,0x0A,0x09,
    0x00,0x33,0x3D,0x04,0x8C,0x0E,0x00,0xBA,0x07,0x00,0x4E,0x1A,
    0x07,0x66,0x08,0x0C,0x13,0x04,0x02,0x1A,0x03,0x00,0x03,0x01,
    0x00,0xDD,0x02,0x34,0x65,0x64,0x20,0x78,0x00,0x02,0x52,0x03,
    0x08,0xE4,0x01,0x06,0x6C,0x00,0x0F,0x25,0x00,0x08,0x02,0x1D,
    0x3C,0x00,0x50,0x00,0x00,0xF9,0x02,0x06,0xA7,0x01,0x0F,0xBB,
    0x02,0x03,0x00,0x16,0x00,0x02,0x83,0x02,0x00,0x32,0x00,0x00,
    0xD6,0x02,0x13,0x20,0x47,0x2C,0x03,0xAC,0x01,0x06,0x21,0x00,
    0x33,0x42,0x61,0x64,0xE8,0x08,0x07,0x27,0x00,0x91,0x3A,0x20,
    0x62,0x61,0x64,0x20,0x75,0x72,0x69,0x38,0x01,0x00,0x34,0x00,
    0x02,0x02,0x06,0x09,0x2C,0x25,0x22,0x22,0x62,0xDF,0x0F,0x20,
    0x22,0x42,0x08,0x00,0x00,0x25,0x00,0x00,0x4A,0x01,0x42,0x72,
    0x69,0x67,0x67,0x95,0x05,0x13,0x54,0x0B,0x00,0x03,0x1A,0x00,
    0x11,0x66,0xB0,0x3B,0x00,0x66,0x17,0x01,0x09,0x00,0x05,0x59,
    0x00,0x34,0x63,0x6F,0x6E,0x74,0x3C,0x03,0x10,0x08,0x11,0x67,
    0x5D,0x3F,0x10,0x72,0xBB,0x00,0x24,0x3E,0x20,0x0D,0x00,0x03,
    0x46,0x00,0x22,0x6C,0x65,0xEB,0x38,0x21,0x3C,0x20,0x0A,0x00,
    0x03,0x16,0x00,0x10,0x65,0x18,0x2A,0x00,0x30,0x00,0x32,0x3D,
    0x3D,0x20,0x0C,0x00,0x03,0x19,0x00,0x44,0x6E,0x6F,0x74,0x45,
    0x1C,0x00,0x35,0x21,0x3D,0x20,0x0F,0x00,0x03,0x1F,0x00,0x42,
    0x69,0x73,0x54,0x72,0x84,0x63,0x40,0x69,0x73,0x20,0x74,0x0B,
    0x00,0x05,0x19,0x00,0x32,0x46,0x61,0x6C,0x3F,0x1A,0x00,0x81,
    0x41,0x01,0x0C,0x00,0x03,0x1B,0x00,0x12,0x74,0xD7,0x00,0x03,
    0x57,0x30,0x03,0x0E,0x00,0x00,0x57,0x18,0x06,0x2C,0x01,0x00,
    0xDA,0x0A,0x06,0x02,0x0D,0x32,0x61,0x6E,0x79,0x2D,0x02,0x01,
    0xA7,0x32,0x10,0x79,0xB8,0x5B,0x15,0x74,0x4E,0x00,0x33,0x61,
    0x6E,0x79,0x7B,0x1A,0x52,0x61,0x6E,0x79,0x20,0x2D,0xB7,0x55,
    0x01,0x33,0x4B,0x00,0xCF,0x00,0x36,0x2D,0x3E,0x20,0xD2,0x1A,
    0x12,0x6F,0x03,0x07,0x37,0x6F,0x75,0x74,0x28,0x00,0x22,0x63,
    0x6C,0x07,0x1C,0x00,0x08,0x00,0x07,0x15,0x06,0x05,0xB2,0x46,
    0x01,0x09,0x00,0x00,0x2A,0x18,0x38,0x32,0x66,0x7D,0x4B,0x05,
    0x27,0x6F,0x70,0xD8,0x21,0x10,0x20,0x10,0x00,0x06,0xBF,0x00,
    0x0A,0x64,0x20,0x01,0x73,0x31,0x23,0x45,0x6E,0x8A,0x65,0x20,
    0x53,0x65,0x79,0x2D,0x12,0x20,0x10,0x00,0x03,0x12,0x01,0x31,
    0x61,0x64,0x64,0x48,0x11,0x10,0x69,0x4F,0x27,0x62,0x46,0x72,
    0x6F,0x6D,0x48,0x65,0xE1,0x07,0x00,0x28,0x03,0x06,0x1A,0x00,
    0x10,0x20,0x1B,0x00,0x11,0x20,0x1C,0x00,0x03,0x39,0x00,0x03,
    0xFF,0x22,0x01,0x10,0x01,0x00,0xB8,0x0A,0x02,0x96,0x20,0x02,
    0x2D,0x01,0x09,0x23,0x00,0x06,0x45,0x00,0x00,0x16,0x01,0x02,
    0x3D,0x14,0x02,0xAB,0x53,0x01,0x74,0x00,0x06,0xBB,0x00,0x15,
    0x73,0x83,0x5D,0x05,0x4C,0x02,0x0F,0xE9,0x0C,0x01,0x01,0xCD,
    0x02,0x02,0xC1,0x08,0x00,0xE0,0x09,0x10,0x61,0x9F,0x1D,0x01,
    0x6B,0x0B,0x03,0x76,0x00,0x00,0xCE,0x03,0x01,0x93,0x00,0x09,
    0x8C,0x00,0x01,0x88,0x0D,0x02,0x71,0x00,0x00,0x7A,0x0A,0x00,
    0x3B,0x12,0x02,0x0E,0x00,0x05,0xCC,0x02,0x01,0xAA,0x43,0x06,
    0xFA,0x01,0x14,0x65,0x36,0x01,0x09,0x2F,0x01,0x00,0xAB,0x01,
    0x00,0xC7,0x00,0x10,0x43,0xBB,0x01,0x04,0x71,0x00,0x0B,0xEE,
    0x5A,0x02,0x76,0x0B,0x01,0x97,0x01,0x00,0x62,0x10,0x01,0x60,
    0x61,0x02,0x14,0x00,0x25,0x6E,0x6F,0xEB,0x34,0x01,0x6F,0x23,
    0x01,0xC2,0x00,0x20,0x28,0x6E,0x9B,0x15,0x00,0x80,0x47,0x41,
    0x69,0x6F,0x6E,0x20,0xA2,0x14,0x13,0x73,0x48,0x2B,0x27,0x65,
    0x64,0xD3,0x12,0x01,0xF8,0x00,0x06,0xA0,0x00,0x21,0x61,0x64,
    0xD5,0x05,0x00,0xA7,0x01,0x05,0xD3,0x09,0x04,0x68,0x00,0x03,
    0xD9,0x02,0x04,0x6E,0x0A,0x13,0x28,0x10,0x00,0x07,0x4D,0x00,
    0x09,0x0F,0x01,0x03,0x6F,0x01,0x10,0x72,0x78,0x4D,0x00,0xDD,
    0x00,0x77,0x7B,0x7D,0x20,0x20,0x2D,0x3E,0x20,0x93,0x02,0x0F,
    0xF5,0x35,0x01,0x04,0x6D,0x00,0x04,0x1C,0x00,0x06,0x3B,0x1D,
    0x46,0x25,0x2E,0x32,0x66,0x0B,0x36,0x65,0x68,0x61,0x73,0x45,
    0x78,0x69,0x59,0x49,0x10,0x48,0x82,0x02,0x2B,0x78,0x69,0x5C,
    0x49,0x07,0x21,0x00,0x00,0x2D,0x00,0x09,0x79,0x49,0x00,0x65,
    0x04,0x01,0xAC,0x01,0x05,0x98,0x0B,0x15,0x43,0x12,0x00,0x52,
    0x20,0x28,0x61,0x6C,0x6C,0x28,0x47,0x00,0x77,0x16,0x14,0x29,
    0x95,0x00,0x01,0x2D,0x01,0x10,0x50,0xA7,0x3E,0x12,0x68,0x98,
    0x35,0x00,0x31,0x49,0x01,0x15,0x00,0x05,0x23,0x00,0x01,0x46,
    0x59,0x03,0x48,0x00,0x00,0xF6,0x00,0x00,0x4A,0x01,0x06,0x11,
    0x00,0x00,0x17,0x02,0x01,0x74,0x06,0x18,0x63,0x76,0x35,0x00,
    0x2A,0x01,0x00,0x94,0x5C,0x02,0x3D,0x55,0x00,0x0E,0x00,0x03,
    0x2F,0x06,0x06,0xB1,0x05,0x02,0x0A,0x00,0x31,0x20,0x74,0x6F,
    0xAA,0x09,0x01,0x77,0x24,0x05,0xEC,0x0D,0x0D,0x59,0x06,0x02,
    0x34,0x22,0x08,0x51,0x06,0x06,0xDD,0x05,0x00,0x94,0x00,0x06,
    0x4D,0x00,0x00,0x18,0x00,0x0A,0x4D,0x00,0x00,0x12,0x00,0x01,
    0x03,0x02,0x00,0xFC,0x05,0x0F,0x4B,0x00,0x01,0x04,0xA0,0x17,
    0x05,0x59,0x0A,0x00,0x3B,0x13,0x00,0x23,0x16,0x01,0xA7,0x42,
    0x04,0x7B,0x0A,0x04,0xA5,0x16,0x04,0x2E,0x00,0x05,0xAD,0x00,
    0x02,0xED,0x08,0x0F,0x3D,0x00,0x0C,0x02,0x25,0x00,0x13,0x20,
    0xAF,0x3F,0x05,0x3C,0x00,0x04,0xEC,0x2D,0x02,0xC6,0x00,0x22,
    0x52,0x65,0x33,0x20,0x05,0xA6,0x00,0x02,0xE6,0x02,0x05,0x2E,
    0x00,0x22,0x6E,0x6F,0x5D,0x20,0x03,0x89,0x25,0x02,0x80,0x0E,
    0x02,0x33,0x00,0x03,0xE1,0x25,0x30,0x20,0x77,0x61,0xF0,0x1A,
    0x50,0x66,0x72,0x65,0x73,0x68,0xB9,0x1B,0x04,0xA0,0x43,0x02,
    0x5E,0x01,0x00,0xAC,0x01,0x00,0x8C,0x03,0x17,0x22,0xB4,0x0E,
    0x06,0x29,0x03,0x05,0xC5,0x12,0x08,0xE4,0x0E,0x00,0x2F,0x00,
    0x01,0xF9,0x0E,0x02,0x22,0x37,0x0C,0xF0,0x0E,0x03,0x1F,0x00,
    0x00,0x68,0x2B,0x05,0x1E,0x21,0x00,0x3A,0x1F,0x31,0x20,0x7B,
    0x7D,0xAD,0x01,0x05,0x72,0x00,0x00,0x33,0x15,0x09,0xCB,0x15,
    0x02,0x57,0x01,0x00,0xBC,0x01,0x02,0x3A,0x01,0x04,0x91,0x02,
    0x04,0x12,0x01,0x02,0x1A,0x00,0x02,0xDD,0x00,0x06,0xFB,0x04,
    0x12,0x68,0x78,0x27,0x08,0x51,0x02,0x30,0x72,0x6F,0x6D,0x73,
    0x2A,0x82,0x65,0x6E,0x74,0x42,0x72,0x6F,0x77,0x73,0x97,0x07,
    0x00,0x90,0x08,0x14,0x20,0x76,0x4A,0x00,0xF8,0x2D,0x03,0x80,
    0x01,0x05,0xAD,0x46,0x03,0x33,0x00,0x13,0x20,0x34,0x00,0x05,
    0xCA,0x00,0x22,0x6E,0x6F,0x3D,0x32,0x0A,0xF0,0x1B,0x03,0xA1,
    0x37,0x01,0x58,0x02,0x05,0x64,0x0F,0x02,0x50,0x01,0x00,0xFC,
    0x02,0x61,0x0A,0x22,0x61,0x69,0x43,0x68,0xB2,0x43,0x00,0x9A,
    0x00,0x60,0x22,0x74,0x68,0x69,0x6E,0x6B,0xDB,0x0D,0x00,0x42,
    0x05,0x04,0x0C,0x00,0x00,0x2B,0x01,0x30,0x22,0x79,0x6F,0x2F,
    0x27,0x41,0x22,0x59,0x6F,0x75,0xF0,0x00,0x00,0x40,0x13,0x00,
    0xB9,0x5F,0x02,0xED,0x00,0x01,0x97,0x4F,0x02,0x18,0x00,0x34,
    0x6E,0x65,0x77,0x51,0x00,0x02,0x3C,0x01,0x03,0x7A,0x17,0x30,
    0x4E,0x65,0x77,0x24,0x0A,0x31,0x74,0x20,0x28,0x27,0x12,0x13,
    0x20,0xD9,0x13,0x23,0x29,0x22,0xD9,0x01,0x12,0x73,0xE1,0x2A,
    0x0A,0x35,0x00,0x10,0x53,0x15,0x00,0x04,0x21,0x00,0x12,0x65,
    0x4B,0x53,0x0A,0x21,0x00,0x60,0x65,0x6E,0x64,0x20,0x28,0x45,
    0x64,0x27,0x05,0x4A,0x00,0x00,0xB5,0x0B,0x12,0x6F,0x4E,0x01,
    0x15,0x7B,0x78,0x01,0x11,0x22,0x24,0x00,0x00,0xB4,0x03,0x10,
    0x73,0x33,0x00,0x82,0xC2,0xB7,0x20,0x43,0x74,0x72,0x6C,0x2B,
    0x16,0x00,0x00,0x7B,0x45,0x30,0x6E,0x65,0x77,0x0C,0x02,0x04,
    0x8F,0x00,0x06,0x94,0x25,0xA0,0x20,0x22,0x61,0x67,0x65,0x6E,
    0x74,0x44,0x69,0x73,0x48,0x48,0x01,0x63,0x03,0x10,0x41,0x11,
    0x00,0x04,0x14,0x1B,0x02,0xC0,0x19,0x13,0x64,0x1F,0x00,0x22,
    0x2E,0x20,0x5A,0x27,0x01,0x6A,0x1B,0x01,0x39,0x00,0x33,0x20,
    0x69,0x6E,0xBD,0x39,0x24,0x20,0x53,0x73,0x31,0x01,0xAD,0x4C,
    0x34,0x61,0x74,0x2E,0x6E,0x00,0x00,0xD1,0x06,0x01,0xAD,0x59,
    0x00,0x85,0x01,0x00,0xD8,0x2A,0x52,0x61,0x75,0x6E,0x63,0x68,
    0x1B,0x04,0x00,0x62,0x01,0x02,0x0A,0x00,0x00,0xBE,0x00,0x02,
    0x1A,0x00,0xC0,0x20,0x27,0x63,0x6C,0x61,0x75,0x64,0x65,0x27,
    0x2E,0x20,0x49,0x2F,0x30,0x00,0x97,0x4D,0x00,0x10,0x00,0x42,
    0x20,0x43,0x4C,0x49,0x85,0x30,0x10,0x6C,0x17,0x51,0x30,0x61,
    0x6E,0x64,0xE0,0x3F,0x51,0x50,0x41,0x54,0x48,0x3F,0x9E,0x01,
    0x0B,0x5B,0x00,0x07,0x64,0x08,0x10,0x2D,0x6F,0x1E,0x0F,0x49,
    0x00,0x13,0x09,0x1A,0x03,0x06,0x85,0x03,0x04,0xC8,0x24,0x04,
    0xE7,0x12,0x00,0x38,0x03,0x04,0x75,0x00,0x01,0xB8,0x10,0x00,
    0x42,0x31,0x02,0x59,0x5E,0x01,0x0F,0x00,0x24,0x3A,0x20,0x1E,
    0x00,0x57,0x72,0x65,0x73,0x75,0x6C,0x1F,0x00,0x02,0x10,0x00,
    0x26,0x3A,0x20,0x6A,0x00,0x31,0x70,0x65,0x72,0xDA,0x34,0x01,
    0xC7,0x05,0x03,0x24,0x01,0x00,0x60,0x00,0x03,0x5C,0x02,0x02,
    0x90,0x01,0x06,0x25,0x00,0x09,0x9A,0x22,0x06,0xB0,0x18,0x15,
    0x50,0x46,0x00,0x09,0x21,0x00,0x02,0x7D,0x01,0x07,0xF0,0x0E,
    0x2C,0x41,0x49,0x4C,0x00,0x01,0x12,0x04,0x00,0x07,0x03,0x00,
    0x3C,0x2A,0x02,0x49,0x32,0x07,0x6B,0x17,0x12,0x41,0xFA,0x6D,
    0x03,0xE2,0x03,0x44,0x22,0x41,0x73,0x6B,0x96,0x31,0x42,0x65,
    0x61,0x63,0x68,0xAE,0x28,0x00,0x65,0x39,0x64,0x6F,0x6D,0x6D,
    0x61,0x6E,0x64,0xF5,0x01,0x00,0x4B,0x00,0x01,0x4B,0x4C,0x00,
    0xD9,0x0D,0x00,0x27,0x08,0x09,0x53,0x00,0x01,0x1A,0x00,0x01,
    0x38,0x02,0x01,0x8F,0x65,0x05,0x5C,0x00,0x52,0x75,0x74,0x6F,
    0x2D,0x61,0x1D,0x00,0x00,0x1A,0x05,0x01,0x5D,0x00,0x23,0x73,
    0x3B,0x7E,0x45,0x42,0x67,0x61,0x74,0x65,0xC6,0x01,0x00,0x27,
    0x65,0x07,0x69,0x00,0x30,0x70,0x6C,0x61,0x15,0x09,0x08,0x62,
    0x00,0x10,0x50,0x13,0x00,0x00,0x03,0x6C,0x02,0x98,0x04,0x00,
    0xB7,0x66,0x03,0xA6,0x5F,0x32,0x2D,0x20,0x6E,0x63,0x29,0x10,
    0x73,0x7F,0x04,0x03,0xB6,0x00,0x02,0xE6,0x02,0x01,0xB6,0x37,
    0x02,0x90,0x03,0x00,0x61,0x0C,0x10,0x79,0x91,0x07,0x00,0x02,
    0x02,0x07,0xBA,0x00,0x12,0x42,0x15,0x00,0x07,0x5A,0x00,0x40,
    0x52,0x75,0x6E,0x20,0x97,0x34,0x10,0x79,0x5D,0x04,0x11,0x67,
    0xEF,0x5F,0x00,0x25,0x0B,0x41,0x70,0x72,0x6F,0x6D,0xB6,0x59,
    0x51,0x20,0x28,0x75,0x73,0x65,0x17,0x00,0x60,0x20,0x63,0x61,
    0x72,0x65,0x29,0x62,0x00,0x00,0xFA,0x01,0x00,0xA0,0x04,0x04,
    0x99,0x2B,0x04,0x3A,0x03,0x00,0x6D,0x00,0x00,0xE9,0x61,0x05,
    0xF2,0x05,0x04,0xAA,0x2B,0x05,0x21,0x00,0x00,0xA6,0x01,0x0F,
    0x8B,0x13,0x03,0x13,0x73,0x7E,0x03,0x04,0xB2,0x16,0x01,0x1B,
    0x06,0x01,0xB5,0x58,0x00,0x63,0x03,0x08,0x7E,0x61,0x01,0x0A,
    0x0F,0x23,0x54,0x6F,0x77,0x16,0x00,0x9C,0x01,0x00,0x1F,0x18,
    0x02,0x1D,0x0F,0x05,0x15,0x00,0x01,0x69,0x00,0x33,0x6E,0x61,
    0x76,0x93,0x00,0x00,0x84,0x0D,0x02,0x8C,0x00,0x00,0x4E,0x00,
    0x03,0x97,0x00,0x04,0xE2,0x02,0x03,0xC6,0x00,0x04,0x03,0x23,
    0x03,0x1E,0x00,0x11,0x20,0x10,0x00,0x00,0x48,0x00,0x01,0x50,
    0x05,0x00,0xB3,0x20,0x05,0xC7,0x00,0x01,0x73,0x00,0x00,0x12,
    0x00,0x05,0x35,0x04,0x04,0x4C,0x00,0x00,0x50,0x1E,0x11,0x64,
    0xF6,0x3A,0x01,0x26,0x00,0x00,0x4C,0x1E,0x12,0x64,0xD3,0x3B,
    0x02,0x94,0x00,0x00,0x89,0x00,0x53,0x61,0x63,0x6B,0x61,0x67,
    0x75,0x2E,0x15,0x50,0x0D,0x00,0x03,0x6A,0x00,0x52,0x70,0x6C,
    0x75,0x67,0x69,0xA4,0x1B,0x13,0x50,0x0B,0x00,0x03,0x1A,0x00,
    0x42,0x65,0x6E,0x67,0x69,0x2E,0x07,0x12,0x45,0x0A,0x00,0x03,
    0x18,0x00,0x02,0x1F,0x11,0x01,0x0B,0x1B,0x13,0x47,0x0B,0x00,
    0x03,0x1A,0x00,0x02,0xB6,0x00,0x03,0x6A,0x00,0x02,0xB1,0x00,
    0x00,0x0D,0x00,0x03,0x1E,0x00,0x04,0xED,0x18,0x01,0xA9,0x00,
    0x13,0x4D,0x75,0x12,0x05,0x6E,0x00,0x02,0x59,0x51,0x00,0x2F,
    0x00,0x00,0xB6,0x08,0x0E,0xC4,0x5B,0x12,0x69,0x31,0x24,0x03,
    0xEF,0x03,0x07,0xC7,0x03,0x02,0x67,0x01,0x09,0x3E,0x01,0x03,
    0x61,0x01,0x04,0x7C,0x04,0x04,0x23,0x00,0x01,0x10,0x00,0x03,
    0x8D,0x00,0x01,0x77,0x0B,0x22,0x52,0x6F,0xBD,0x29,0x01,0x9C,
    0x0B,0x11,0x20,0x0E,0x00,0x03,0x1F,0x00,0x03,0x55,0x18,0x01,
    0x59,0x01,0x00,0xC2,0x01,0x03,0xE8,0x01,0x02,0x5A,0x01,0x04,
    0x7C,0x01,0x00,0x33,0x25,0x01,0x42,0x69,0x03,0xE6,0x0F,0x02,
    0xC8,0x08,0x03,0x7D,0x00,0x13,0x20,0x05,0x10,0x00,0xBC,0x02,
    0x00,0x55,0x00,0x03,0x22,0x31,0x06,0x20,0x02,0x06,0xC3,0x00,
    0x02,0x2A,0x01,0x0D,0xDB,0x01,0x00,0xED,0x11,0x32,0x69,0x6E,
    0x67,0x1E,0x00,0x04,0x02,0x11,0x10,0x22,0x20,0x04,0x00,0x39,
    0x03,0x02,0x17,0x00,0x02,0x3D,0x2A,0x10,0x22,0x61,0x00,0x03,
    0x32,0x00,0x22,0x6F,0x72,0xF3,0x07,0x02,0x1E,0x05,0x01,0x2F,
    0x00,0x01,0x6C,0x06,0x03,0x1F,0x5F,0x04,0x2B,0x00,0x05,0x66,
    0x1D,0x31,0x4F,0x75,0x74,0xEA,0x06,0x00,0x76,0x01,0x01,0x2C,
    0x08,0x10,0x69,0xB4,0x54,0x03,0x15,0x00,0x03,0x58,0x00,0x12,
    0x6F,0x0F,0x00,0x04,0xE2,0x1C,0x13,0x22,0x34,0x00,0x04,0xAB,
    0x66,0x02,0xEC,0x0C,0x03,0x25,0x00,0x63,0x54,0x68,0x69,0x63,
    0x6B,0x6E,0xF9,0x0F,0x04,0x29,0x00,0x06,0x15,0x00,0x03,0x52,
    0x00,0x74,0x66,0x69,0x6C,0x6C,0x4F,0x70,0x61,0xD6,0x74,0x01,
    0x52,0x72,0x04,0x10,0x00,0x03,0x23,0x00,0x00,0x3B,0x25,0x04,
    0x13,0x00,0x01,0xC9,0x00,0x34,0x67,0x65,0x20,0x10,0x00,0x05,
    0x55,0x01,0x0A,0xFF,0x02,0x0D,0x1D,0x02,0x0F,0x0F,0x03,0x01,
    0x33,0x61,0x64,0x64,0xCE,0x01,0x00,0xD9,0x01,0x00,0x05,0x0C,
    0x04,0x0F,0x00,0x03,0x79,0x00,0x33,0x61,0x64,0x64,0xEA,0x1D,
    0x00,0x1D,0x00,0x00,0x0B,0x00,0x03,0x19,0x00,0x21,0x6E,0x6F,
    0x10,0x02,0x11,0x73,0xA9,0x03,0x02,0xED,0x01,0x01,0x80,0x00,
    0x02,0x6D,0x38,0xA0,0x73,0x20,0x63,0x6F,0x6E,0x66,0x69,0x67,
    0x75,0x72,0xF8,0x07,0x00,0x3B,0x00,0x01,0x63,0x21,0x02,0xDF,
    0x07,0x02,0x68,0x18,0x21,0x20,0x70,0x7E,0x03,0x11,0x65,0x34,
    0x3E,0x02,0x2C,0x39,0x03,0xD9,0x22,0x02,0x43,0x00,0x60,0x20,
    0x69,0x6E,0x64,0x69,0x63,0xF6,0x17,0x03,0x72,0x00,0x32,0x61,
    0x6C,0x69,0xB9,0x62,0x11,0x41,0x09,0x00,0x03,0x16,0x00,0x01,
    0x58,0x00,0x00,0xBD,0x00,0x01,0x8F,0x00,0x05,0x80,0x01,0x04,
    0xDB,0x32,0x01,0xFE,0x26,0x04,0x16,0x00,0x02,0xB0,0x25,0x04,
    0xB2,0x00,0x02,0x8E,0x08,0x02,0xA7,0x24,0x05,0xA0,0x00,0x00,
    0x0C,0x66,0x02,0x27,0x00,0x00,0x2A,0x0C,0x18,0x73,0xBF,0x26,
    0x02,0xA8,0x00,0x22,0x69,0x6E,0x9F,0x00,0x10,0x2D,0x9F,0x72,
    0x12,0x78,0x3E,0x27,0x02,0x35,0x0A,0x00,0x91,0x00,0x09,0x60,
    0x04,0x0D,0x82,0x01,0x0E,0x70,0x04,0x02,0x03,0x01,0x01,0x8C,
    0x03,0x00,0x69,0x06,0x02,0x0F,0x00,0x11,0x20,0x10,0x00,0x00,
    0x4F,0x00,0x05,0x51,0x00,0x72,0x65,0x4D,0x61,0x6E,0x69,0x66,
    0x65,0xF3,0x36,0x02,0x47,0x00,0x00,0x83,0x50,0x03,0x14,0x00,
    0x03,0x2B,0x00,0x03,0x16,0x04,0x05,0x05,0x24,0x03,0x61,0x01,
    0x11,0x73,0x37,0x23,0xA0,0x61,0x20,0x73,0x61,0x6D,0x65,0x2D,
    0x6E,0x61,0x6D,0xE1,0x00,0x40,0x65,0x63,0x75,0x74,0xB4,0x09,
    0x01,0x0D,0x0D,0x38,0x56,0x50,0x4B,0xC2,0x00,0x03,0xF9,0x04,
    0x0F,0xC0,0x00,0x01,0x03,0x1B,0x00,0x0B,0x70,0x00,0x03,0x2B,
    0x05,0x10,0x20,0xC3,0x15,0x00,0xD3,0x09,0x11,0x3C,0x50,0x04,
    0x10,0x2D,0x30,0x01,0x23,0x3E,0x2F,0x53,0x05,0x65,0x20,0x28,
    0x65,0x2E,0x67,0x2E,0x89,0x27,0x14,0x73,0x18,0x00,0x40,0x29,
    0x20,0x73,0x6F,0x11,0x0A,0x11,0x79,0x0F,0x02,0x31,0x20,0x69,
    0x6E,0x69,0x41,0x00,0xF4,0x15,0x01,0x4D,0x04,0x51,0x20,0x56,
    0x50,0x4B,0x2C,0xA5,0x00,0x00,0x99,0x01,0x30,0x6F,0x66,0x66,
    0xCA,0x2D,0x03,0x90,0x04,0x05,0x50,0x0A,0x00,0x8B,0x4D,0x04,
    0x74,0x26,0x61,0x69,0x74,0x20,0x6E,0x6F,0x77,0x32,0x00,0x00,
    0x41,0x3A,0x73,0x68,0x65,0x20,0x6E,0x65,0x78,0x74,0x1C,0x0A,
    0x50,0x2E,0x20,0x4E,0x61,0x74,0x0B,0x35,0x04,0x95,0x00,0x00,
    0x55,0x00,0x72,0x64,0x65,0x73,0x6B,0x74,0x6F,0x70,0x64,0x33,
    0x04,0x2A,0x02,0x00,0x00,0x07,0x10,0x46,0x73,0x21,0x00,0x5A,
    0x02,0x00,0xFB,0x29,0x02,0xFA,0x00,0x20,0x20,0x66,0x14,0x00,
    0x00,0xE4,0x00,0x06,0x92,0x12,0x53,0x70,0x72,0x6F,0x76,0x69,
    0xB3,0x1A,0x04,0x0C,0x00,0x08,0x15,0x09,0x44,0x6E,0x6F,0x74,
    0x53,0xA2,0x50,0x02,0x4E,0x00,0x25,0x74,0x20,0xB3,0x50,0x00,
    0x84,0x0A,0x10,0x74,0x36,0x29,0x00,0xA4,0x75,0x00,0xF1,0x65,
    0x00,0x7F,0x2E,0x17,0x29,0x8E,0x01,0x02,0x82,0x09,0x06,0x29,
    0x05,0x04,0xBA,0x16,0x00,0x2E,0x02,0x03,0xCA,0x05,0x04,0xBD,
    0x07,0x00,0x44,0x0C,0x20,0x6E,0x67,0xC3,0x0C,0x03,0xA0,0x01,
    0x01,0xAC,0x07,0x00,0x73,0x00,0x03,0x9A,0x05,0x00,0xEB,0x13,
    0x02,0x65,0x0B,0x01,0x1A,0x00,0x05,0x28,0x00,0x0B,0x4C,0x0F,
    0x04,0x7B,0x01,0x04,0x58,0x00,0x09,0x28,0x00,0x02,0x6F,0x0B,
    0x0F,0x55,0x00,0x02,0x00,0x47,0x00,0x03,0xAD,0x15,0x01,0x00,
    0x01,0x00,0x98,0x04,0x01,0xA9,0x08,0x00,0xBC,0x05,0x00,0x8A,
    0x05,0x02,0xE2,0x0B,0x03,0xCC,0x00,0x06,0xA8,0x08,0x00,0xC5,
    0x05,0x01,0x96,0x05,0x03,0x20,0x00,0x00,0xBE,0x00,0x0F,0xA7,
    0x08,0x14,0x01,0xC8,0x00,0x0F,0x8E,0x08,0x1F,0x0F,0xB5,0x07,
    0x07,0x91,0x61,0x70,0x70,0x65,0x61,0x72,0x61,0x6E,0x63,0x90,
    0x03,0x16,0x41,0x0E,0x00,0x00,0x95,0x00,0x01,0xE9,0x41,0x03,
    0xB5,0x48,0x11,0x46,0x09,0x00,0x03,0x16,0x00,0x04,0x57,0x3A,
    0x02,0xCA,0x00,0x00,0x1D,0x01,0x05,0x59,0x3A,0x03,0x13,0x00,
    0x03,0x29,0x00,0x21,0x61,0x69,0x90,0x0B,0x00,0x22,0x00,0x32,
    0x41,0x49,0x20,0x0C,0x00,0x04,0x1B,0x00,0x20,0x64,0x76,0x77,
    0x00,0x01,0xDA,0x01,0x14,0x41,0x0C,0x00,0x03,0x1C,0x00,0x00,
    0xCF,0x0A,0x10,0x73,0x95,0x47,0x00,0x96,0x03,0x10,0x22,0xDE,
    0x35,0x42,0x73,0x20,0x26,0x20,0x11,0x00,0x03,0x23,0x00,0x00,
    0x52,0x24,0x14,0x6F,0xEF,0x20,0x02,0x0B,0x00,0x03,0x1A,0x00,
    0x61,0x70,0x72,0x69,0x76,0x61,0x63,0x37,0x06,0x13,0x50,0x0B,
    0x00,0x00,0x9A,0x01,0x00,0x1E,0x00,0x00,0xF0,0x27,0x06,0xEF,
    0x00,0x0D,0xAF,0x04,0x16,0x41,0x1E,0x00,0x00,0x2E,0x00,0x00,
    0xD6,0x2D,0x00,0xF5,0x06,0x32,0x54,0x68,0x65,0xA8,0x43,0x01,
    0x03,0x07,0x12,0x20,0x0F,0x00,0x03,0x21,0x00,0x42,0x62,0x61,
    0x63,0x6B,0xFC,0x77,0x00,0xE4,0x00,0x16,0x42,0x0E,0x00,0x03,
    0x20,0x00,0x14,0x70,0x64,0x68,0x09,0x61,0x68,0x00,0xB4,0x1C,
    0x00,0x30,0x00,0x00,0xB0,0x1C,0x04,0x82,0x03,0x00,0xCA,0x0B,
    0x03,0x2A,0x01,0x02,0x0A,0x00,0x03,0x42,0x00,0x00,0x4B,0x24,
    0x71,0x69,0x63,0x61,0x74,0x69,0x6F,0x6E,0x73,0x22,0x00,0x38,
    0x00,0x16,0x41,0x14,0x00,0x12,0x20,0x15,0x00,0x03,0x2D,0x00,
    0x00,0x59,0x00,0x02,0x11,0x00,0x00,0xB5,0x0F,0x00,0x09,0x04,
    0x02,0x0E,0x00,0x03,0x1F,0x00,0x00,0xE3,0x24,0x42,0x53,0x70,
    0x6C,0x61,0xC5,0x1F,0x01,0xE6,0x24,0x02,0x0F,0x00,0x40,0x20,
    0x53,0x63,0x72,0xE9,0x32,0x00,0x50,0x00,0x00,0xCB,0x0F,0x15,
    0x75,0xEF,0x14,0x02,0x28,0x36,0x05,0xC9,0x14,0x01,0x91,0x01,
    0x02,0x49,0x06,0x17,0x20,0x15,0x00,0x05,0x61,0x01,0x13,0x74,
    0x2C,0x01,0x03,0x5C,0x01,0x32,0x64,0x61,0x72,0xA2,0x36,0x00,
    0x08,0x00,0x03,0x85,0x00,0x01,0xE8,0x15,0x03,0x66,0x4F,0x01,
    0xD9,0x08,0x00,0x0C,0x00,0x03,0x1C,0x00,0x01,0xB6,0x25,0x00,
    0xE2,0x00,0x09,0x9F,0x67,0x02,0x96,0x1D,0x00,0x17,0x00,0x02,
    0xB9,0x1D,0x06,0x0D,0x0E,0x04,0x9F,0x02,0x03,0x6F,0x00,0x06,
    0x56,0x09,0x09,0xAF,0x02,0x01,0x1F,0x36,0x40,0x66,0x61,0x63,
    0x65,0x16,0x00,0x00,0x47,0x00,0x14,0x49,0x11,0x00,0x11,0x20,
    0x12,0x00,0x03,0x7D,0x00,0x09,0x27,0x00,0x13,0x53,0x03,0x4A,
    0x0A,0x2B,0x00,0x09,0xAC,0x26,0x67,0x6D,0x6F,0x6E,0x6F,0x73,
    0x70,0x57,0x00,0x14,0x4D,0x11,0x00,0x09,0x57,0x00,0x09,0x27,
    0x00,0x04,0x57,0x00,0x0A,0x2B,0x00,0x09,0x57,0x00,0x90,0x75,
    0x73,0x65,0x53,0x79,0x73,0x74,0x65,0x6D,0x9C,0x00,0x01,0x70,
    0x01,0x42,0x55,0x73,0x65,0x20,0x13,0x00,0x01,0x59,0x00,0x07,
    0x6F,0x01,0x0D,0x89,0x03,0x0D,0x09,0x01,0x0F,0x99,0x03,0x04,
    0x06,0x12,0x07,0x00,0x10,0x01,0x15,0x45,0x20,0x07,0x04,0x8E,
    0x02,0x04,0x5B,0x07,0x05,0x39,0x54,0x01,0x9B,0x44,0x02,0xCA,
    0x13,0x01,0x56,0x61,0x27,0x6F,0x6E,0x7B,0x61,0x04,0xFD,0x03,
    0x02,0xF9,0x04,0x04,0xDE,0x0E,0x00,0x47,0x10,0x05,0x20,0x6E,
    0x07,0xE3,0x05,0x06,0x15,0x04,0x0D,0xAE,0x00,0x0C,0x25,0x04,
    0x02,0x7E,0x02,0x02,0x3C,0x03,0x07,0x79,0x02,0x01,0x74,0x11,
    0x02,0x16,0x00,0x03,0xBC,0x01,0x00,0x7E,0x1D,0x01,0xBA,0x02,
    0x21,0x4D,0x63,0x88,0x17,0x00,0x79,0x1D,0x11,0x2D,0x8B,0x12,
    0x50,0x20,0x4D,0x43,0x50,0x20,0xBD,0x6D,0x06,0x17,0x09,0x32,
    0x6D,0x63,0x70,0x11,0x00,0x01,0x78,0x08,0x00,0xAA,0x32,0x05,
    0x23,0x00,0x09,0x8B,0x08,0x52,0x6D,0x63,0x70,0x48,0x6F,0x83,
    0x08,0x00,0x45,0x00,0x01,0x0C,0x00,0x03,0x70,0x00,0x52,0x6D,
    0x63,0x70,0x50,0x6F,0xF3,0x12,0x00,0x1B,0x00,0x01,0x0C,0x00,
    0x03,0x1B,0x00,0x20,0x63,0x6C,0x8C,0x80,0x15,0x48,0x1B,0x29,
    0x01,0xF6,0x04,0x21,0x20,0x43,0x16,0x00,0x04,0x5F,0x01,0x40,
    0x65,0x6E,0x64,0x70,0x06,0x4E,0x01,0x7D,0x01,0x04,0x0C,0x00,
    0x03,0x40,0x00,0x01,0x24,0x43,0x00,0x19,0x00,0x00,0xF7,0x29,
    0x05,0xE1,0x00,0x30,0x63,0x6C,0x69,0x00,0x05,0x00,0x18,0x00,
    0x00,0xD9,0x11,0x01,0x0C,0x00,0x03,0x31,0x00,0x34,0x63,0x6C,
    0x69,0xE3,0x09,0x00,0x17,0x00,0x00,0x73,0x0A,0x00,0x52,0x08,
    0x11,0x61,0x26,0x01,0x00,0x2D,0x00,0x02,0x8B,0x08,0x02,0x27,
    0x12,0x50,0x29,0x2E,0x20,0x4C,0x65,0xD0,0x59,0x01,0x35,0x43,
    0x00,0x2C,0x00,0x00,0x2C,0x30,0x35,0x6C,0x76,0x65,0x48,0x12,
    0x00,0xA3,0x07,0x00,0x27,0x12,0x05,0x07,0x07,0xA6,0x67,0x75,
    0x61,0x72,0x64,0x72,0x61,0x69,0x6C,0x73,0xD5,0x00,0x20,0x4F,
    0x70,0x1F,0x46,0x00,0x2E,0x0C,0x15,0x47,0x1E,0x00,0x04,0xDD,
    0x00,0x53,0x61,0x6C,0x6C,0x6F,0x77,0x83,0x07,0x12,0x4F,0x3C,
    0x46,0x10,0x41,0x13,0x00,0x13,0x20,0x14,0x00,0x15,0x20,0x3D,
    0x00,0x05,0xCE,0x05,0x01,0x33,0x00,0x02,0x69,0x0E,0x09,0x32,
    0x00,0x02,0x13,0x00,0x0F,0x31,0x00,0x00,0x00,0x40,0x64,0x40,
    0x69,0x72,0x65,0x43,0x75,0x0B,0x21,0x72,0x6D,0x8A,0x00,0x00,
    0x1B,0x01,0x00,0x45,0x64,0x21,0x69,0x72,0x19,0x15,0x05,0x18,
    0x00,0x22,0x20,0x42,0x81,0x11,0x01,0xDB,0x53,0x05,0x72,0x00,
    0x06,0xD5,0x00,0x04,0x3C,0x01,0x01,0x6E,0x31,0x10,0x70,0x68,
    0x0A,0x01,0xA1,0x70,0x00,0x6C,0x28,0x23,0x65,0x73,0x46,0x01,
    0x31,0x61,0x6E,0x64,0x48,0x02,0x00,0x04,0x44,0x02,0xE6,0x76,
    0x34,0x73,0x2E,0x20,0x77,0x0A,0x01,0x67,0x02,0x30,0x75,0x70,
    0x2C,0x90,0x08,0x30,0x74,0x2C,0x20,0x8D,0x12,0x62,0x20,0x63,
    0x61,0x6C,0x6C,0x73,0xC9,0x09,0x03,0x15,0x03,0x14,0x6F,0x32,
    0x01,0x85,0x73,0x20,0x73,0x68,0x6F,0x75,0x6C,0x64,0x3F,0x0A,
    0x50,0x61,0x20,0x64,0x65,0x64,0xE3,0x05,0x00,0x82,0x0B,0x01,
    0xB5,0x01,0x03,0x11,0x45,0x07,0x34,0x03,0x0C,0x17,0x09,0x10,
    0x6C,0x1E,0x82,0x37,0x61,0x67,0x65,0x85,0x1F,0x13,0x4C,0x13,
    0x00,0x00,0x87,0x00,0x00,0x17,0x09,0x01,0x94,0x08,0x03,0x23,
    0x02,0x01,0x97,0x05,0x07,0x2C,0x00,0x02,0xA6,0x07,0x00,0x2F,
    0x0A,0x1F,0x6D,0x30,0x00,0x02,0x01,0x68,0x08,0x01,0x72,0x03,
    0x02,0xAC,0x08,0x04,0x1B,0x09,0x00,0xD0,0x0A,0x0F,0x49,0x09,
    0x07,0x03,0xEA,0x00,0x04,0x2D,0x00,0x05,0x41,0x02,0x00,0x29,
    0x09,0x06,0x48,0x09,0x03,0x7C,0x00,0x04,0x26,0x00,0x08,0x74,
    0x46,0x01,0xB3,0x00,0x00,0x4C,0x06,0x02,0x47,0x09,0x01,0xF5,
    0x3D,0x05,0x27,0x09,0x02,0x2F,0x04,0x07,0x47,0x09,0x01,0x1F,
    0x00,0x0A,0x39,0x0F,0x14,0x22,0x57,0x0A,0x00,0xBC,0x00,0x13,
    0x50,0x63,0x0A,0x01,0x98,0x02,0x90,0x22,0x61,0x72,0x63,0x68,
    0x69,0x74,0x65,0x63,0x60,0x3A,0x00,0x1E,0x00,0x18,0x41,0x10,
    0x00,0x00,0x27,0x01,0x01,0xCE,0x82,0x11,0x64,0x52,0x02,0x17,
    0x67,0x01,0x1B,0x02,0x46,0x0E,0x0A,0x17,0x00,0x01,0x2F,0x00,
    0x02,0x36,0x0D,0x30,0x54,0x65,0x6D,0x74,0x00,0x01,0x53,0x00,
    0x02,0xAA,0x2F,0x15,0x20,0x13,0x00,0x01,0x27,0x00,0x42,0x68,
    0x6F,0x73,0x74,0x19,0x00,0x04,0x69,0x02,0x00,0x48,0x04,0x10,
    0x20,0x35,0x00,0x01,0x00,0x0B,0x02,0x47,0x00,0x01,0x19,0x73,
    0x00,0xFC,0x12,0x00,0xBA,0x03,0x04,0x24,0x4E,0x03,0x50,0x01,
    0x06,0xAC,0x05,0x02,0xED,0x66,0x01,0xBA,0x03,0x02,0x5D,0x01,
    0x6A,0x22,0x63,0x72,0x6F,0x73,0x73,0x5F,0x00,0x10,0x43,0x13,
    0x00,0x1C,0x2D,0x60,0x00,0x03,0x31,0x03,0x34,0x73,0x20,0x61,
    0x65,0x19,0x04,0x7D,0x0E,0x06,0x5F,0x00,0x03,0x54,0x00,0x02,
    0xC4,0x25,0x02,0x63,0x48,0x21,0x6F,0x72,0x49,0x09,0x02,0xCD,
    0x25,0x16,0x20,0x14,0x00,0x01,0xDB,0x00,0x03,0x39,0x0B,0x04,
    0x46,0x05,0x04,0xDF,0x03,0x01,0x10,0x00,0x01,0x21,0x00,0xF0,
    0x03,0x69,0x6E,0x63,0x6C,0x75,0x64,0x65,0x44,0x65,0x62,0x75,
    0x67,0x53,0x79,0x6D,0x62,0x6F,0x6C,0xC7,0x01,0x22,0x22,0x49,
    0x17,0x00,0x11,0x20,0x18,0x00,0x14,0x20,0x19,0x00,0x01,0x32,
    0x00,0x00,0xB1,0x17,0x00,0xCF,0x49,0x03,0xDA,0x18,0x00,0x56,
    0x01,0x00,0x6D,0x23,0x00,0x13,0x00,0x14,0x20,0x14,0x00,0x01,
    0x29,0x00,0x61,0x75,0x73,0x65,0x56,0x70,0x6B,0x1B,0x0A,0x00,
    0x25,0x00,0x30,0x55,0x73,0x65,0x3B,0x0D,0x12,0x20,0x11,0x00,
    0x01,0x22,0x00,0x40,0x61,0x64,0x64,0x69,0xA8,0x06,0x80,0x61,
    0x6C,0x41,0x72,0x67,0x75,0x6D,0x65,0x39,0x07,0x01,0x6C,0x0A,
    0x04,0x17,0x00,0x16,0x20,0x18,0x00,0x01,0x31,0x00,0x02,0x8A,
    0x01,0x00,0x4E,0x00,0x02,0x51,0x01,0x02,0x38,0x02,0x02,0x16,
    0x00,0x50,0x41,0x6E,0x64,0x52,0x75,0x38,0x15,0x04,0x77,0x02,
    0x10,0x26,0xFF,0x03,0x02,0x22,0x00,0x02,0x9C,0x03,0x06,0x1C,
    0x05,0x02,0x3E,0x00,0x00,0x49,0x09,0x00,0x39,0x1C,0x01,0x5B,
    0x00,0x02,0x23,0x00,0x13,0x4C,0x52,0x13,0x00,0xAB,0x1E,0x11,
    0x75,0xD4,0x3C,0x02,0x41,0x00,0x43,0x72,0x75,0x6E,0x6E,0xA2,
    0x13,0x13,0x52,0x0B,0x00,0x01,0x36,0x00,0x41,0x6C,0x61,0x73,
    0x74,0x7F,0x02,0x00,0x94,0x00,0x32,0x4C,0x61,0x73,0x5C,0x41,
    0x06,0x76,0x24,0x12,0x22,0x74,0x10,0x03,0x61,0x0C,0x00,0x12,
    0x1B,0x00,0x6D,0x4B,0x20,0x6F,0x70,0xEC,0x00,0x00,0x33,0x00,
    0x17,0x44,0x0F,0x00,0x00,0x51,0x00,0x01,0x88,0x12,0x32,0x6C,
    0x65,0x61,0x2E,0x21,0x13,0x52,0x0B,0x00,0x00,0x70,0x03,0x00,
    0x1E,0x00,0x02,0x00,0x03,0x06,0x4D,0x00,0x06,0x4D,0x09,0x02,
    0x84,0x00,0x06,0x28,0x00,0x03,0xFE,0x60,0x03,0xBE,0x07,0x03,
    0x97,0x26,0x04,0xBA,0x00,0x06,0x23,0x01,0x25,0x69,0x73,0x8E,
    0x26,0x03,0xE2,0x00,0x02,0x61,0x02,0x00,0x45,0x1D,0x01,0x1D,
    0x28,0x03,0xAE,0x05,0x01,0x03,0x0C,0x03,0x62,0x02,0x02,0xED,
    0x4A,0x10,0x6F,0x25,0x4E,0x00,0xB6,0x0D,0x01,0xCE,0x05,0x15,
    0x64,0x37,0x00,0x05,0x74,0x13,0x00,0xDE,0x00,0x00,0xA6,0x0E,
    0x03,0x12,0x0E,0x05,0x93,0x5F,0x07,0x2A,0x00,0x03,0xD8,0x11,
    0x02,0x26,0x11,0x02,0x2F,0x00,0x03,0x4C,0x2C,0x02,0xD0,0x10,
    0x00,0x61,0x00,0x02,0x08,0x13,0x07,0x37,0x00,0x00,0x7A,0x1A,
    0x40,0x50,0x6C,0x61,0x79,0x7B,0x07,0x00,0x64,0x00,0x00,0x75,
    0x1A,0x10,0x20,0x11,0x00,0x01,0x3B,0x7A,0x05,0xCB,0x17,0x01,
    0x7A,0x04,0x05,0x6C,0x00,0x01,0x8F,0x18,0x25,0x6E,0x67,0xF7,
    0x03,0x00,0x51,0x08,0x00,0xF9,0x85,0x23,0x6E,0x67,0x2A,0x00,
    0x23,0x20,0x74,0x25,0x04,0x75,0x20,0x66,0x6F,0x72,0x20,0x7B,
    0x7D,0x3A,0x00,0x04,0x18,0x00,0x03,0x2F,0x00,0x00,0x72,0x00,
    0x03,0x3D,0x02,0x04,0x1A,0x00,0x40,0x20,0x64,0x6F,0x65,0x04,
    0x38,0x12,0x74,0x1D,0x76,0x0F,0x12,0x06,0x08,0x02,0x36,0x24,
    0x32,0x4E,0x6F,0x50,0x14,0x01,0x07,0x4C,0x00,0x02,0x1A,0x00,
    0x01,0x51,0x50,0x03,0xB2,0x03,0x00,0xFC,0x00,0x02,0xA2,0x14,
    0x05,0x8B,0x00,0x02,0x25,0x00,0x12,0x4E,0xE5,0x12,0x0F,0x3D,
    0x00,0x03,0x0F,0x3F,0x01,0x10,0x31,0x61,0x76,0x65,0x71,0x01,
    0x32,0x46,0x69,0x72,0x38,0x09,0x03,0xCF,0x00,0x00,0x58,0x01,
    0x10,0x70,0x84,0x00,0x00,0x0B,0x06,0x00,0x77,0x06,0x05,0xE4,
    0x04,0x01,0xCF,0x12,0x20,0x20,0x66,0x30,0x00,0x02,0xDD,0x00,
    0x02,0xFB,0x05,0x01,0x77,0x06,0x20,0x41,0x70,0xCC,0x09,0x00,
    0x67,0x02,0x32,0x22,0x61,0x62,0x54,0x23,0x00,0x0D,0x00,0x08,
    0x05,0x06,0x10,0x41,0x18,0x00,0x71,0x20,0x56,0x75,0x6C,0x74,
    0x72,0x61,0x23,0x19,0x06,0x90,0x74,0x52,0x70,0x72,0x6F,0x64,
    0x75,0x09,0x01,0x0F,0x20,0x00,0x02,0x33,0x76,0x65,0x72,0x46,
    0x1A,0x22,0x22,0x56,0x0B,0x00,0x01,0x7F,0x06,0x00,0x0B,0x03,
    0x02,0x5B,0x03,0x02,0x7F,0x2A,0x12,0x6F,0x49,0x2B,0x00,0x7D,
    0x04,0x01,0x8F,0x2A,0xF0,0x06,0x6F,0x72,0x73,0x3A,0x20,0x4C,
    0x61,0x7A,0x79,0x5F,0x56,0x20,0x28,0x4B,0x65,0x78,0x75,0x61,
    0x6E,0x20,0x5A,0x72,0x07,0x11,0x29,0xCD,0x03,0x00,0x57,0x1B,
    0x42,0x69,0x63,0x65,0x6E,0x64,0x03,0x12,0x4C,0x0B,0x00,0x45,
    0x3A,0x20,0x4D,0x49,0x1D,0x40,0x51,0x67,0x69,0x74,0x68,0x75,
    0xA6,0x73,0x66,0x47,0x69,0x74,0x48,0x75,0x62,0xCE,0x0C,0x00,
    0x31,0x20,0x01,0x3F,0x01,0x01,0x6E,0x06,0x01,0xC5,0x06,0x0C,
    0xF0,0x00,0x01,0x13,0x1E,0x01,0x24,0x00,0x04,0x6E,0x00,0x02,
    0x3C,0x19,0x00,0xB2,0x01,0x83,0x44,0x69,0x73,0x63,0x61,0x72,
    0x64,0x20,0xE2,0x7A,0x03,0xD8,0x07,0x02,0x6A,0x14,0x00,0x5B,
    0x00,0x02,0x4C,0x4C,0x01,0x71,0x01,0x07,0xBA,0x1B,0x02,0x9D,
    0x1E,0x44,0x50,0x6F,0x70,0x75,0x6D,0x01,0x08,0x60,0x01,0x02,
    0xAB,0x1F,0x02,0x66,0x57,0x07,0x78,0x0C,0x02,0x35,0x00,0x06,
    0x2C,0x04,0x05,0x6D,0x3C,0x00,0x88,0x00,0x14,0x50,0x2E,0x32,
    0x03,0x2F,0x0C,0x02,0x2D,0x00,0x04,0x6B,0x19,0x00,0x32,0x25,
    0x01,0x5B,0x43,0x41,0x69,0x6E,0x67,0x41,0xFF,0x22,0x00,0x34,
    0x00,0x02,0x68,0x00,0x05,0x34,0x00,0x02,0x37,0x05,0x00,0x2B,
    0x00,0x21,0x74,0x65,0xBB,0x48,0x10,0x49,0x08,0x00,0x03,0x9B,
    0x01,0x31,0x73,0x63,0x61,0x30,0x05,0x06,0x3E,0x00,0x13,0x53,
    0x12,0x00,0x05,0x11,0x04,0x11,0x61,0x59,0x00,0x07,0x73,0x00,
    0x04,0x34,0x00,0x00,0x21,0x0B,0x00,0x70,0x00,0x05,0x32,0x00,
    0x03,0x84,0x05,0x00,0x6B,0x00,0x0A,0x96,0x00,0x07,0x48,0x03,
    0x06,0x9D,0x00,0x04,0x40,0x03,0x0D,0x60,0x00,0x02,0xE4,0x00,
    0x07,0x61,0x00,0x06,0x34,0x00,0x06,0x62,0x00,0xF3,0x00,0x66,
    0x69,0x6E,0x61,0x6C,0x69,0x7A,0x69,0x6E,0x67,0x44,0x61,0x74,
    0x61,0x62,0x88,0x05,0x15,0x46,0x16,0x00,0x03,0x30,0x01,0x00,
    0x58,0x4E,0x00,0x1D,0x00,0x07,0xBF,0x00,0x05,0x5F,0x00,0x07,
    0xC4,0x09,0x06,0x62,0x00,0x10,0x63,0x7F,0x02,0x00,0x3D,0x0A,
    0x0C,0xF6,0x00,0x13,0x65,0x81,0x6F,0x02,0x46,0x02,0x04,0xF9,
    0x18,0x02,0x39,0x00,0x06,0x91,0x09,0x01,0xCD,0x00,0x03,0x84,
    0x24,0x03,0xD0,0x12,0x03,0x5D,0x02,0x00,0x98,0x12,0x43,0x61,
    0x76,0x65,0x52,0xB9,0x53,0x06,0x33,0x00,0x02,0x2E,0x04,0x05,
    0x11,0x5C,0x02,0x42,0x00,0x04,0xE0,0x53,0x06,0x3D,0x00,0x02,
    0xB7,0x00,0x2B,0x65,0x72,0xB5,0x39,0x12,0x76,0x30,0x00,0x04,
    0x1E,0x00,0x00,0x8E,0x04,0x07,0xD7,0x4F,0x01,0xCC,0x14,0x10,
    0x6E,0x98,0x0C,0x03,0x2F,0x54,0x02,0x17,0x7B,0x00,0x27,0x03,
    0x08,0x7D,0x53,0x00,0xC0,0x04,0x02,0x71,0x02,0x02,0xDE,0x00,
    0x06,0xA5,0x34,0x41,0x57,0x6F,0x72,0x6B,0x98,0x0F,0x00,0xE9,
    0x01,0x06,0x8D,0x02,0x03,0x4E,0x09,0x14,0x77,0x1E,0x00,0x07,
    0x5F,0x01,0x05,0xBF,0x02,0x03,0x3D,0x05,0x06,0x5A,0x02,0x06,
    0x3F,0x00,0x0F,0xFB,0x01,0x06,0x00,0x5B,0x03,0x04,0xCC,0x02,
    0x08,0xD8,0x01,0x00,0xAB,0x03,0x05,0xD1,0x02,0x01,0x2D,0x50,
    0x0B,0xD5,0x01,0x05,0x76,0x00,0x60,0x54,0x68,0x75,0x6D,0x62,
    0x6E,0x61,0x0D,0x0A,0xB2,0x00,0x02,0x27,0x01,0x15,0x74,0x1E,
    0x00,0x07,0xB2,0x00,0x05,0x6D,0x1B,0x0A,0x3C,0x00,0x02,0x18,
    0x1A,0x06,0x76,0x00,0x0F,0x3C,0x00,0x02,0x05,0x78,0x00,0x61,
    0x57,0x69,0x6E,0x64,0x6F,0x77,0x16,0x09,0x06,0xE8,0x00,0x04,
    0x27,0x01,0x02,0x1C,0x00,0x07,0x73,0x00,0x03,0x71,0x01,0x02,
    0x7D,0x04,0x30,0x3A,0x20,0x22,0xF8,0x1A,0x00,0x6A,0x00,0x01,
    0x51,0x04,0x00,0xD6,0x06,0x06,0xE1,0x03,0x08,0x2B,0x00,0x06,
    0x4C,0x01,0x0A,0x31,0x00,0x01,0xDD,0x00,0x08,0x60,0x00,0x03,
    0x48,0x01,0x02,0x1F,0x0C,0x00,0x09,0x01,0x04,0x41,0x01,0x02,
    0x92,0x00,0x07,0x2A,0x00,0x01,0x1B,0x2F,0x00,0x22,0x00,0x10,
    0x52,0xC3,0x7E,0x02,0x37,0x06,0x00,0x1C,0x04,0x0E,0x4D,0x36,
    0x0E,0x54,0x00,0xD7,0x50,0x45,0x4E,0x49,0x4E,0x47,0x20,0x45,
    0x44,0x49,0x54,0x4F,0x52,0x54,0x00,0x03,0xB3,0x00,0x07,0xAE,
    0x00,0x30,0x4F,0x41,0x44,0x2A,0x00,0x67,0x41,0x53,0x53,0x45,
    0x54,0x53,0x2A,0x00,0x05,0x3F,0x01,0x00,0x82,0x00,0x05,0x38,
    0x01,0x00,0x21,0x00,0x05,0x22,0x09,0x58,0x74,0x61,0x73,0x6B,
    0x42,0xB5,0x4C,0x12,0x66,0x07,0x0F,0x30,0x46,0x50,0x53,0xE1,
    0x29,0x07,0x0B,0x42,0x71,0x63,0x70,0x75,0x43,0x61,0x63,0x68,
    0x51,0x01,0x50,0x43,0x50,0x55,0x20,0x63,0x0D,0x00,0x07,0x8B,
    0x27,0x02,0x05,0x28,0x4A,0x22,0x52,0x41,0x4D,0x15,0x00,0x00,
    0x07,0x4F,0x23,0x41,0x76,0x85,0x3F,0x02,0x1E,0x00,0x22,0x20,
    0x2F,0x6E,0x11,0x07,0x29,0x00,0x13,0x76,0x3F,0x00,0x12,0x56,
    0x22,0x00,0x03,0x99,0x03,0x01,0x17,0x00,0x00,0x41,0x00,0x42,
    0x42,0x75,0x64,0x67,0xE7,0x0D,0x03,0x21,0x00,0x27,0x20,0x2F,
    0x3D,0x00,0x21,0x6A,0x6F,0xA5,0x06,0x20,0x54,0x61,0xD3,0x20,
    0x02,0xE6,0x1B,0x00,0x3C,0x03,0x03,0xF9,0x00,0x00,0x65,0x03,
    0x03,0xF7,0x00,0x00,0x7B,0x01,0x00,0x2A,0x04,0x00,0x75,0x53,
    0x00,0xE4,0x01,0x00,0x18,0x01,0x01,0x26,0x02,0x11,0x20,0x0E,
    0x00,0x03,0x1F,0x00,0x71,0x6D,0x63,0x70,0x4C,0x69,0x73,0x74,
    0x14,0x03,0x00,0x22,0x00,0x00,0x37,0x11,0x14,0x6C,0x11,0x00,
    0x00,0x74,0x10,0x06,0xA0,0x00,0x67,0x6D,0x63,0x70,0x4E,0x6F,
    0x74,0x51,0x0A,0x00,0x2C,0x00,0x00,0x04,0x09,0x03,0x47,0x0A,
    0x22,0x20,0x28,0x18,0x12,0x1B,0x20,0xE6,0x11,0x0E,0x5E,0x23,
    0x05,0x94,0x07,0x09,0x53,0x00,0x13,0x45,0x17,0x05,0x01,0xF8,
    0x11,0x07,0x58,0x00,0x08,0x00,0x08,0x01,0x89,0x0F,0x0E,0xE9,
    0x23,0x04,0xDC,0x23,0x00,0x8E,0x04,0x10,0x7D,0xDA,0x00,0x13,
    0x22,0xBD,0x24,0x06,0x0C,0x07,0x01,0x10,0x03,0x00,0xBC,0x02,
    0x02,0xD9,0x0A,0x02,0x0A,0x01,0x03,0x10,0x00,0x00,0x32,0x00,
    0x08,0x2B,0x01,0x08,0x23,0x00,0x00,0x2D,0x01,0x08,0x59,0x00,
    0x02,0x34,0x0C,0x06,0x58,0x00,0x00,0xCC,0x02,0x01,0x4D,0x00,
    0x05,0x13,0x00,0x00,0x4A,0x00,0x03,0xFC,0x80,0x0B,0x62,0x05,
    0x00,0x6F,0x00,0x03,0xE7,0x0A,0x02,0xAB,0x05,0x00,0x55,0x35,
    0x02,0x3D,0x81,0x0F,0x08,0x3F,0x01,0x00,0x49,0x00,0x07,0xFA,
    0x0A,0x05,0xBE,0x09,0x0F,0xFF,0x0A,0x03,0x00,0x89,0x00,0x00,
    0xF9,0x03,0x04,0x62,0x40,0x01,0xF1,0x00,0x04,0x07,0x02,0x00,
    0x4B,0x00,0x00,0x09,0x02,0x10,0x57,0x74,0x81,0x0F,0x96,0x00,
    0x10,0x00,0x2C,0x00,0x20,0x2F,0x77,0x2D,0x00,0x04,0xA2,0x00,
    0x0F,0xA1,0x00,0x04,0x02,0xC8,0x00,0x00,0x3A,0x02,0x0F,0xDD,
    0x00,0x00,0x05,0x3C,0x02,0x00,0x05,0x04,0x05,0x7B,0x01,0x00,
    0x29,0x00,0x00,0x86,0x28,0x00,0x64,0x00,0x0A,0x24,0x00,0x30,
    0x63,0x61,0x6E,0x85,0x75,0x0D,0x50,0x00,0x05,0x18,0x00,0x01,
    0xCD,0x03,0x03,0xE3,0x01,0x00,0xD3,0x00,0x04,0xD9,0x0A,0x09,
    0x7C,0x01,0x0F,0x33,0x01,0x17,0x20,0x73,0x61,0x18,0x54,0x01,
    0xF9,0x0A,0x0C,0x2E,0x01,0x03,0x58,0x1E,0x04,0x99,0x08,0x00,
    0xA7,0x27,0x00,0xB0,0x00,0x10,0x20,0x9C,0x60,0x00,0x1A,0x07,
    0x04,0xA4,0x0C,0x01,0x3C,0x0C,0x02,0x48,0x00,0x0F,0x6C,0x01,
    0x11,0x01,0x2A,0x02,0x0A,0x5C,0x11,0x01,0x7A,0x00,0x0F,0x6C,
    0x01,0x12,0x10,0x73,0x38,0x2A,0x00,0x6B,0x01,0x10,0x53,0x09,
    0x00,0x02,0x91,0x00,0x0A,0x41,0x01,0x06,0x8E,0x01,0x0F,0x69,
    0x00,0x00,0x02,0xC5,0x11,0x06,0x3E,0x01,0x16,0x70,0x52,0x0D,
    0x02,0xAC,0x07,0x00,0x52,0x01,0x50,0x6E,0x61,0x70,0x73,0x68,
    0x24,0x4B,0x00,0x59,0x4B,0x00,0x6C,0x00,0x01,0x67,0x0D,0x54,
    0x6D,0x6F,0x64,0x65,0x20,0x1C,0x00,0x03,0x8D,0x08,0x03,0xBA,
    0x00,0x01,0x8F,0x4B,0x20,0x6E,0x6F,0x27,0x02,0x10,0x69,0x47,
    0x09,0x01,0xCF,0x1D,0x00,0x74,0x1D,0x07,0x0F,0x01,0x01,0x57,
    0x53,0x02,0x4F,0x00,0x12,0x45,0x0B,0x00,0x06,0xBE,0x0D,0x08,
    0x27,0x00,0x23,0x78,0x69,0x87,0x45,0x00,0x7F,0x2C,0x09,0x25,
    0x00,0x13,0x20,0xD0,0x00,0x10,0x74,0x12,0x40,0x00,0x3B,0x25,
    0x11,0x6F,0x81,0x0E,0x01,0x00,0x05,0x01,0xF1,0x03,0x05,0x2A,
    0x0A,0x08,0x0B,0x02,0x06,0x0F,0x01,0x01,0x41,0x06,0x0A,0x4D,
    0x09,0x01,0x11,0x01,0x02,0xFA,0x03,0x05,0x3D,0x00,0x02,0xA4,
    0x00,0x02,0x8A,0x09,0x00,0x2A,0x43,0x02,0x78,0x08,0x03,0xC2,
    0x09,0x01,0x31,0x00,0x09,0x72,0x00,0x03,0x7D,0x08,0x02,0x30,
    0x00,0x0F,0x79,0x00,0x03,0x18,0x50,0x43,0x00,0x0F,0x81,0x00,
    0x00,0x0F,0x50,0x00,0x01,0x00,0x73,0x04,0x08,0x4E,0x00,0x01,
    0x94,0x07,0x00,0x1B,0x17,0x0E,0x29,0x85,0x04,0x5F,0x00,0x00,
    0x28,0x07,0x05,0x98,0x01,0x01,0x30,0x00,0x00,0x91,0x01,0x00,
    0x22,0x68,0x0F,0xB8,0x03,0x04,0x00,0x31,0x00,0x21,0x65,0x64,
    0x17,0x01,0x01,0x6A,0x08,0x00,0x74,0x00,0x0F,0xF2,0x00,0x10,
    0x01,0xAD,0x02,0x08,0x9C,0x00,0x00,0x48,0x00,0x03,0xD4,0x0F,
    0x06,0x34,0x02,0x02,0x0A,0x00,0x00,0x88,0x0A,0x00,0x1F,0x00,
    0x0A,0xA2,0x0E,0x01,0x46,0x01,0x05,0x77,0x01,0x00,0x20,0x00,
    0x00,0x22,0x43,0x02,0x3E,0x3C,0x03,0xBF,0x08,0x1F,0x65,0x33,
    0x00,0x01,0x02,0x29,0x01,0x00,0xCC,0x07,0x07,0x8B,0x0E,0x02,
    0x03,0x11,0x02,0xC0,0x02,0x0B,0x57,0x0B,0x04,0x00,0x10,0x01,
    0xE3,0x00,0x01,0x47,0x24,0x06,0x03,0x11,0x02,0x18,0x02,0x23,
    0x3A,0x20,0x23,0x00,0x02,0xE0,0x01,0x01,0x01,0x22,0x07,0x69,
    0x07,0x02,0x62,0x12,0x02,0xCB,0x00,0x06,0xC3,0x43,0x03,0x3A,
    0x0F,0x04,0x42,0x00,0x05,0xE2,0x04,0x11,0x22,0x75,0x01,0x02,
    0x0A,0x02,0x62,0x52,0x65,0x74,0x75,0x72,0x6E,0x4C,0x02,0x0B,
    0x30,0x00,0x01,0x26,0x00,0x04,0x07,0x02,0x63,0x73,0x74,0x65,
    0x70,0x20,0x72,0x2D,0x00,0x08,0x81,0x10,0x01,0x26,0x00,0x00,
    0x5F,0x21,0x0F,0x4A,0x00,0x0E,0x03,0x5C,0x21,0x0F,0x4B,0x00,
    0x07,0x02,0xD5,0x0B,0x0B,0xF2,0x05,0x0B,0x95,0x00,0x02,0x24,
    0x00,0x05,0x96,0x00,0x02,0x26,0x20,0x00,0xE5,0x04,0x00,0x85,
    0x07,0x01,0xBD,0x08,0x01,0xD5,0x03,0x13,0x69,0x24,0x20,0x01,
    0x60,0x23,0x04,0xB7,0x03,0x81,0x22,0x63,0x61,0x6E,0x6E,0x6F,
    0x74,0x43,0x72,0x34,0x02,0x2E,0x12,0x03,0x85,0x65,0x0E,0x6F,
    0x01,0x02,0x2B,0x00,0x21,0x20,0x63,0x2C,0x00,0x04,0x14,0x47,
    0x02,0xBD,0x65,0x07,0x78,0x01,0x50,0x70,0x75,0x62,0x6C,0x69,
    0x62,0x2E,0x03,0xC9,0x17,0x11,0x4C,0x50,0x2B,0x0F,0x0A,0x01,
    0x08,0x05,0x31,0x00,0x05,0x79,0x4F,0x02,0x67,0x21,0x0F,0x5B,
    0x01,0x02,0x02,0x72,0x54,0x41,0x4D,0x75,0x73,0x74,0xE9,0x3B,
    0x00,0xF5,0x15,0x00,0xE6,0x04,0x03,0x12,0x01,0x01,0x3F,0x14,
    0x04,0xE1,0x12,0x02,0xA8,0x29,0x02,0x31,0x00,0x06,0x19,0x16,
    0x13,0x74,0x0F,0x3C,0x01,0x36,0x06,0x18,0x68,0x34,0x16,0x05,
    0x13,0x01,0x04,0x26,0x12,0x08,0x49,0x13,0x03,0x61,0x00,0x04,
    0x38,0x02,0x0C,0x56,0x00,0x05,0x73,0x00,0x2D,0x61,0x6E,0x9E,
    0x12,0x0C,0x0A,0x16,0x00,0x09,0x10,0x03,0xDF,0x16,0x35,0x4E,
    0x6F,0x74,0x1F,0x22,0x0B,0x62,0x00,0x02,0xBF,0x02,0x06,0xE4,
    0x12,0x06,0x46,0x00,0x01,0xC8,0x2F,0x00,0xDB,0x01,0x01,0x46,
    0x22,0x05,0xB6,0x00,0x03,0x79,0x16,0x0F,0x6F,0x01,0x06,0x92,
    0x73,0x75,0x63,0x63,0x65,0x65,0x64,0x65,0x64,0x3D,0x62,0x03,
    0x2F,0x00,0x03,0xD3,0x22,0x0F,0x6C,0x01,0x02,0x34,0x77,0x65,
    0x62,0x7E,0x13,0x08,0xA9,0x00,0x3D,0x77,0x65,0x62,0xE4,0x00,
    0x05,0x8F,0x00,0x08,0x53,0x03,0x07,0x40,0x00,0x30,0x45,0x78,
    0x74,0x3C,0x96,0x02,0x8E,0x03,0x00,0xB1,0x01,0x02,0x49,0x01,
    0x00,0x63,0x04,0x12,0x65,0x1B,0x00,0x10,0x20,0x57,0x00,0x04,
    0x7A,0x01,0x20,0x20,0x61,0x47,0x18,0x27,0x76,0x65,0x57,0x02,
    0x07,0x4D,0x00,0x92,0x4E,0x6F,0x74,0x44,0x69,0x72,0x4F,0x72,
    0x5A,0x47,0x34,0x00,0x39,0x00,0x0C,0x2E,0x01,0x61,0x69,0x73,
    0x20,0x6E,0x65,0x69,0xAA,0x49,0x17,0x61,0xFE,0x14,0x20,0x6E,
    0x6F,0x10,0x00,0x48,0x2E,0x7A,0x69,0x70,0xA8,0x00,0x44,0x63,
    0x6F,0x70,0x79,0xE9,0x00,0x00,0xEA,0x16,0x0F,0xA6,0x00,0x01,
    0x00,0x24,0x00,0x06,0x8D,0x01,0x00,0x4A,0x21,0x04,0xC7,0x30,
    0x02,0x0C,0x05,0x0A,0xA0,0x00,0x82,0x49,0x6E,0x64,0x65,0x78,
    0x48,0x74,0x6D,0x5F,0x1D,0x01,0xD8,0x14,0x05,0xDE,0x05,0x00,
    0xAF,0x00,0x05,0xE8,0x00,0x04,0xAD,0x63,0x03,0xF2,0x23,0x00,
    0xAD,0x26,0x94,0x65,0x78,0x2E,0x68,0x74,0x6D,0x6C,0x20,0x28,
    0x25,0x00,0x00,0xAB,0x00,0x15,0x29,0xE7,0x01,0x81,0x61,0x6E,
    0x64,0x72,0x6F,0x69,0x64,0x4E,0x6D,0x62,0x30,0x6C,0x65,0x6D,
    0x9C,0x07,0x00,0x43,0x05,0x22,0x22,0x41,0x19,0x00,0x04,0x9B,
    0x01,0x00,0x02,0x01,0x02,0x82,0x62,0x04,0x25,0x00,0x60,0x20,
    0x79,0x65,0x74,0x20,0x28,0xA9,0x2C,0x36,0x6E,0x65,0x64,0x51,
    0x00,0x02,0xCF,0x03,0x08,0xFB,0x03,0x0F,0x00,0x01,0x02,0x0F,
    0xF5,0x03,0x00,0x00,0x99,0x00,0x04,0xC4,0x0C,0x00,0x20,0x01,
    0x03,0xF1,0x03,0x0F,0x3F,0x00,0x02,0x21,0x6F,0x70,0xAF,0x16,
    0x29,0x74,0x69,0x38,0x26,0x01,0x42,0x00,0x00,0x14,0x06,0x00,
    0x45,0x01,0x23,0x22,0x70,0x82,0x89,0x05,0xA0,0x06,0x31,0x22,
    0x77,0x72,0x99,0x29,0x08,0xB6,0x26,0x00,0x70,0x1C,0x00,0x27,
    0x0B,0x04,0x3A,0x05,0x13,0x6D,0x1C,0x00,0x00,0x2A,0x0E,0x00,
    0x46,0x00,0x01,0x8E,0x17,0x02,0x04,0x11,0x01,0x38,0x12,0x01,
    0xDD,0x8F,0x00,0x72,0x02,0x04,0x31,0x32,0x00,0x3D,0x00,0x01,
    0xA1,0x05,0x00,0xAD,0x03,0x00,0x4E,0x42,0x01,0x22,0x00,0x00,
    0xE7,0x18,0x07,0x43,0x00,0x00,0xCF,0x00,0x33,0x69,0x6E,0x67,
    0xD2,0x00,0x00,0x3F,0x00,0x00,0x67,0x54,0x00,0x3B,0x00,0x04,
    0x38,0x03,0x06,0x90,0x03,0x07,0x37,0x00,0x02,0xB9,0x04,0x00,
    0x78,0x00,0x0B,0x05,0x05,0x00,0x42,0x00,0x02,0x9A,0x03,0x00,
    0x44,0x00,0x0D,0xF2,0x04,0x07,0x43,0x00,0x03,0x60,0x00,0x02,
    0x2D,0x00,0x02,0x2C,0x03,0x03,0x86,0x00,0x03,0xAB,0x03,0x00,
    0x46,0x0B,0x03,0xE9,0x00,0x02,0xF6,0x02,0x00,0xCA,0x19,0x00,
    0x46,0x5B,0x00,0x64,0x00,0x03,0x45,0x04,0x00,0xF0,0x19,0x00,
    0x13,0x00,0x05,0x2A,0x00,0x03,0xD0,0x00,0x04,0xE6,0x02,0x00,
    0x2B,0x00,0x04,0xD1,0x00,0x02,0x45,0x00,0x05,0xDC,0x02,0x07,
    0x8B,0x00,0x05,0xCE,0x00,0x03,0x81,0x00,0x00,0x36,0x00,0x02,
    0x98,0x00,0x00,0xC5,0x00,0x03,0xA9,0x00,0x07,0x30,0x00,0x02,
    0x4A,0x00,0x04,0x8F,0x00,0x03,0x35,0x00,0x02,0x31,0x00,0x02,
    0xC9,0x00,0x0C,0x9E,0x00,0x00,0xED,0x19,0x01,0x12,0x02,0x02,
    0x6A,0x00,0x07,0xDA,0x00,0x03,0xB0,0x00,0x16,0x57,0x82,0x04,
    0x00,0x7D,0x00,0x04,0xB3,0x00,0x00,0x43,0x03,0x02,0x6D,0x00,
    0x0F,0xB7,0x00,0x01,0x01,0x39,0x1E,0x02,0x3D,0x00,0x00,0x75,
    0x09,0x02,0xCB,0x06,0x01,0xC6,0x20,0x00,0xB7,0x00,0x01,0xB0,
    0x4A,0x01,0x6D,0x04,0x00,0x19,0x0D,0x27,0x65,0x72,0xC0,0x00,
    0x03,0xD2,0x00,0x04,0xB2,0x00,0x23,0x49,0x6E,0x01,0x34,0x00,
    0x7B,0x00,0x03,0xCE,0x00,0x05,0x84,0x01,0x00,0xBD,0x27,0x12,
    0x62,0x54,0x34,0x05,0x65,0x01,0x0F,0xC3,0x10,0x07,0x03,0xB0,
    0x01,0x02,0x68,0x0C,0x01,0x0B,0x0B,0x05,0xE2,0x10,0x00,0x5D,
    0x00,0x12,0x53,0xC8,0x0C,0x01,0x9D,0x09,0x01,0xA8,0x13,0x05,
    0x4A,0x00,0x01,0x9F,0x02,0x30,0x61,0x67,0x65,0xA6,0x00,0x05,
    0x28,0x03,0x0C,0xC3,0x0E,0x00,0x24,0x00,0x41,0x65,0x64,0x56,
    0x70,0x14,0x24,0x00,0xF2,0x02,0x11,0x65,0x8D,0x29,0x01,0x5D,
    0x03,0x03,0x7A,0x00,0x03,0xE3,0x0F,0x00,0x1D,0x00,0x03,0xE1,
    0x40,0x03,0x08,0x10,0x04,0x61,0x00,0x08,0x2D,0x00,0x02,0x5B,
    0x01,0x04,0xC8,0x01,0x00,0xA1,0x00,0x0B,0xB9,0x01,0x0F,0x2D,
    0x00,0x07,0x03,0x56,0x00,0x07,0x68,0x00,0x0B,0x3B,0x00,0x01,
    0xE0,0x1F,0x00,0x97,0x1B,0x0F,0x79,0x00,0x0F,0x01,0xBD,0x01,
    0x00,0xC6,0x7C,0x30,0x48,0x74,0x74,0x45,0x17,0x04,0x49,0x05,
    0x04,0xDD,0x02,0x00,0x86,0x00,0x21,0x20,0x28,0xC6,0x01,0x01,
    0xC1,0x44,0x50,0x20,0x68,0x74,0x74,0x70,0x52,0x06,0x36,0x72,
    0x75,0x6E,0xDF,0x04,0x0A,0xCD,0x00,0x01,0x54,0x00,0x17,0x72,
    0x8A,0x32,0x0D,0x9F,0x00,0x06,0xD3,0x04,0x0A,0x3A,0x00,0x4F,
    0x57,0x69,0x74,0x68,0x3E,0x00,0x0D,0x00,0x92,0x00,0x08,0x42,
    0x00,0x05,0x73,0x07,0x00,0x44,0x01,0x14,0x53,0x80,0x07,0x04,
    0x33,0x05,0x02,0x03,0x07,0x00,0x1B,0x00,0x03,0x32,0x05,0x03,
    0xAC,0x01,0x00,0xC9,0x29,0x04,0xAC,0x85,0x00,0x70,0x26,0x00,
    0xD8,0x29,0x03,0xAD,0x85,0x04,0x3B,0x00,0x0F,0x1D,0x1C,0x06,
    0x02,0x01,0x09,0x0F,0x23,0x1C,0x08,0x05,0xEC,0x1B,0x02,0x31,
    0x0C,0x00,0x7E,0x00,0x03,0x03,0x01,0x02,0x3B,0x00,0x02,0x95,
    0x00,0x0F,0xD6,0x1A,0x0C,0x0E,0x07,0x1C,0x0F,0x44,0x00,0x05,
    0x0F,0x1C,0x1C,0x1B,0x0F,0x22,0x11,0x0C,0x08,0x65,0x00,0x08,
    0x54,0x03,0x11,0x65,0x52,0x03,0x05,0x3D,0x00,0x08,0x27,0x00,
    0x0F,0x23,0x1B,0x15,0x03,0x7B,0x01,0x11,0x63,0x1B,0x5F,0x08,
    0x0C,0x07,0x0C,0x21,0x01,0x22,0x3A,0x20,0x24,0x00,0x0A,0xFF,
    0x0A,0x05,0x41,0x00,0x02,0x34,0x02,0x31,0x52,0x75,0x6E,0x70,
    0x04,0x00,0x93,0x7C,0x00,0x71,0x03,0x03,0xE7,0x03,0x0B,0x99,
    0x00,0x01,0x21,0x00,0x13,0x3A,0x08,0x03,0x00,0x9B,0x04,0x03,
    0x80,0x04,0x00,0xEC,0x03,0x03,0x90,0x00,0x02,0x4F,0x00,0x0F,
    0x4C,0x00,0x08,0x0F,0x46,0x00,0x0B,0x05,0x32,0x04,0x20,0x77,
    0x65,0x75,0x14,0x02,0x26,0x10,0x92,0x22,0x6E,0x6F,0x50,0x79,
    0x74,0x68,0x6F,0x6E,0xCE,0x02,0x00,0xE1,0x00,0x01,0x0A,0x00,
    0x01,0x11,0x0B,0x02,0xA5,0x20,0x04,0xD5,0x0B,0x00,0xF9,0x15,
    0x01,0x56,0x03,0x31,0x28,0x73,0x29,0x98,0x04,0x00,0xA4,0x12,
    0x09,0xA4,0x08,0x50,0x66,0x65,0x74,0x63,0x68,0x6B,0x0C,0x01,
    0xBE,0x1E,0x02,0x89,0x2C,0x00,0x1D,0x09,0x92,0x3A,0x2F,0x2F,
    0x29,0x2E,0x20,0x4E,0x6F,0x20,0x6B,0x00,0x03,0xF1,0x2C,0x30,
    0x74,0x6F,0x20,0x52,0x26,0x12,0x2D,0xEF,0x05,0x21,0x20,0x61,
    0xE4,0x0E,0x07,0x3E,0x01,0x00,0xCC,0x03,0x00,0xF4,0x17,0x01,
    0xEC,0x0D,0x00,0x95,0x00,0x00,0x16,0x01,0x20,0x61,0x74,0x06,
    0x0A,0x05,0xCB,0x00,0x1A,0x70,0x53,0x1B,0x02,0x22,0x01,0x0F,
    0x48,0x20,0x08,0x00,0x59,0x0E,0x01,0x81,0x09,0x02,0x24,0x00,
    0x02,0xDC,0x01,0x00,0xF5,0x00,0x09,0x8E,0x01,0x03,0x17,0x00,
    0x05,0x66,0x00,0x04,0xE5,0x4D,0x03,0x33,0x01,0x0F,0x66,0x00,
    0x11,0x02,0x3B,0x01,0x06,0x3D,0x0D,0x02,0x53,0x00,0x13,0x20,
    0x11,0x00,0x05,0x5A,0x00,0x03,0x68,0x36,0x03,0x59,0x00,0x04,
    0xAB,0x08,0xB2,0x43,0x61,0x6E,0x54,0x61,0x6B,0x65,0x41,0x57,
    0x68,0x69,0x3C,0x28,0x01,0x37,0x25,0x00,0xBE,0x22,0x10,0x74,
    0xBF,0x6A,0x30,0x61,0x20,0x77,0x19,0x00,0x02,0xA9,0x22,0x04,
    0xBD,0x08,0x34,0x72,0x65,0x20,0x3F,0x00,0x00,0x3A,0x07,0x00,
    0x62,0x00,0x01,0x5B,0x0F,0x02,0x5E,0x01,0x01,0xDA,0x01,0x00,
    0x66,0x00,0x00,0x57,0x09,0x00,0x9A,0x6E,0x03,0xD7,0x06,0x01,
    0x0E,0x07,0x12,0x50,0x13,0x00,0x15,0x20,0x14,0x00,0x00,0x70,
    0x02,0x01,0x43,0x6D,0x04,0xC5,0x8F,0x04,0x25,0x62,0x10,0x20,
    0x9D,0x16,0x01,0xF7,0x19,0x01,0xAB,0x36,0x02,0x06,0x0A,0x50,
    0x61,0x20,0x6E,0x65,0x77,0xBB,0x7C,0x02,0xA9,0x02,0x0F,0x66,
    0x2D,0x03,0x03,0x5D,0x11,0x05,0x8C,0x18,0x30,0x22,0x72,0x65,
    0x81,0x2B,0x03,0x7B,0x00,0x01,0xB5,0x10,0x11,0x52,0x12,0x00,
    0x04,0xC1,0x26,0x02,0x9E,0x1C,0x00,0xA7,0x98,0x06,0x68,0x1A,
    0x00,0x10,0x17,0x01,0x7E,0x00,0x01,0xFA,0x04,0x00,0x56,0x62,
    0x10,0x45,0xCE,0x95,0x03,0x51,0x03,0x00,0x11,0x32,0x05,0x10,
    0x00,0x01,0xC3,0x00,0x02,0xF9,0x09,0x03,0xDF,0x00,0x00,0xE6,
    0x01,0x02,0xD2,0x0F,0x04,0x63,0x00,0x02,0x46,0x00,0x02,0x85,
    0x19,0x06,0x66,0x0A,0x53,0x6D,0x69,0x6E,0x69,0x6D,0x99,0x2A,
    0x14,0x4D,0x0C,0x00,0x00,0x4F,0x00,0x00,0x86,0x10,0x26,0x61,
    0x78,0x1C,0x00,0x04,0x0C,0x00,0x03,0x1C,0x00,0x03,0xC8,0x12,
    0x00,0x67,0x00,0x00,0xA1,0x3B,0x00,0xD7,0x91,0x00,0x85,0x01,
    0x00,0x1E,0x00,0x0F,0xB7,0x36,0x02,0x01,0xF4,0x00,0x03,0x9C,
    0x00,0x02,0xED,0x00,0x00,0x29,0x00,0x14,0x65,0xD5,0x27,0x00,
    0x48,0x00,0x00,0xC4,0x3B,0x03,0x22,0x00,0x01,0xAC,0x00,0x03,
    0x79,0x15,0x05,0xE5,0x00,0x03,0x7F,0x15,0x00,0xFD,0x3F,0x02,
    0x06,0x01,0x05,0x71,0x00,0x01,0xBF,0x24,0x06,0xD4,0x00,0x05,
    0x17,0x2F,0x15,0x4E,0x9F,0x20,0x12,0x73,0x86,0x03,0x04,0x58,
    0x00,0x03,0x89,0x02,0x12,0x22,0xFB,0x0F,0x25,0x20,0x61,0x2E,
    0x13,0x00,0x24,0x0D,0x22,0x64,0x64,0xCA,0x0E,0x02,0x66,0x00,
    0x06,0x05,0x02,0x02,0x67,0x02,0x01,0xE2,0x00,0x02,0x38,0x0C,
    0x11,0x44,0x50,0x88,0x0F,0x78,0x00,0x00,0x03,0x57,0x00,0x03,
    0x24,0x20,0x0B,0xD4,0x00,0x05,0x7C,0x00,0x01,0x70,0x05,0x01,
    0x6B,0x00,0x00,0xBF,0x00,0x03,0x78,0x04,0x10,0x2E,0x0D,0x2E,
    0x03,0x0C,0x00,0x11,0x20,0x6A,0x32,0x53,0x62,0x65,0x63,0x6F,
    0x6D,0x79,0x39,0x03,0x58,0x02,0x01,0x19,0x00,0x02,0x80,0x02,
    0x06,0xE4,0x02,0x03,0x6D,0x03,0x07,0xD6,0x30,0x03,0x12,0x00,
    0x00,0xB2,0x00,0x07,0x78,0x0F,0x00,0x6B,0x01,0x05,0x0C,0x0B,
    0x0B,0x1C,0x00,0x10,0x45,0x8A,0x00,0x00,0x21,0x00,0x02,0x09,
    0x00,0x0B,0x1E,0x00,0x01,0x20,0x02,0x02,0x6B,0x45,0x04,0x0B,
    0x00,0x06,0x83,0x01,0x03,0x95,0x01,0x0F,0x14,0x01,0x06,0x08,
    0xB0,0x02,0x04,0x5E,0x21,0x12,0x50,0xA2,0x32,0x05,0x96,0x01,
    0x11,0x65,0xFF,0x1B,0x01,0x80,0x00,0x03,0x4F,0x00,0x09,0xBD,
    0x02,0x01,0x1B,0x19,0x02,0x88,0x24,0x02,0x5B,0x36,0x07,0xB9,
    0x01,0x00,0xB6,0x15,0x10,0x20,0x7F,0x4D,0x21,0x61,0x69,0x62,
    0x09,0x00,0x7C,0x66,0x04,0x2E,0x01,0x00,0x95,0x05,0x0C,0x2E,
    0x01,0x04,0x56,0x13,0x03,0x83,0x00,0x11,0x20,0x10,0x00,0x05,
    0xCE,0x00,0x12,0x73,0x69,0x25,0x02,0x45,0x04,0x02,0x7C,0x03,
    0x10,0x65,0x81,0x85,0x00,0x4C,0x04,0x00,0x9F,0x00,0x02,0x38,
    0x99,0x03,0x60,0x00,0x00,0xFA,0x08,0x04,0xC3,0x00,0x02,0x3D,
    0x06,0x02,0x3E,0x01,0x07,0x8A,0x01,0x02,0x17,0x00,0x00,0x2C,
    0x06,0x01,0xAB,0x02,0x05,0x8D,0x00,0x02,0x18,0x00,0x07,0xAC,
    0x23,0x04,0x8F,0x00,0x02,0x19,0x00,0x0B,0xAB,0x23,0x08,0x69,
    0x00,0x00,0xCC,0x17,0x01,0x99,0x10,0x21,0x6C,0x64,0xEE,0x04,
    0x05,0xCB,0x32,0x00,0x19,0x00,0x00,0x69,0x00,0x00,0x96,0x10,
    0x13,0x61,0x49,0x02,0x08,0x39,0x00,0x03,0xBC,0x50,0x03,0x77,
    0x09,0x05,0x81,0x09,0x43,0x20,0x74,0x6F,0x20,0x1B,0x00,0x05,
    0x0D,0x03,0x02,0x85,0x00,0x08,0x3D,0x00,0x02,0x12,0x00,0x3F,
    0x4E,0x6F,0x74,0xE2,0x00,0x05,0x04,0x71,0x8A,0x01,0xE7,0x00,
    0x08,0x3A,0x00,0x03,0x60,0x64,0x01,0xC9,0x27,0x07,0xAE,0x00,
    0x02,0x51,0x00,0x01,0xD0,0x02,0x06,0xB5,0x00,0x01,0xCE,0x59,
    0x05,0x86,0x00,0x00,0x05,0x03,0x06,0x31,0x01,0x31,0x69,0x6C,
    0x65,0x11,0x04,0x00,0x9D,0x01,0x05,0xF4,0x00,0x00,0xE1,0x01,
    0x05,0x19,0x26,0x01,0xB9,0x03,0x06,0x0B,0x27,0x05,0xAE,0x03,
    0x0F,0xF2,0x00,0x01,0x02,0xC8,0x03,0x04,0x6B,0x00,0x08,0xB0,
    0x00,0x00,0x7E,0x0F,0x23,0x65,0x56,0xE2,0x01,0x0F,0x3B,0x00,
    0x01,0x01,0x21,0x00,0x06,0x65,0x02,0x0D,0x3C,0x00,0x01,0xBC,
    0x15,0x1F,0x73,0x3A,0x00,0x07,0x04,0x1E,0x0A,0x03,0x63,0x00,
    0x02,0xC8,0x15,0x0F,0xB7,0x00,0x00,0x08,0x77,0x02,0x02,0x58,
    0x04,0x0F,0x79,0x02,0x02,0x24,0x6E,0x6F,0xAD,0x00,0x00,0xA0,
    0x02,0x26,0x4E,0x6F,0x9A,0x00,0x02,0xFA,0x04,0x2A,0x20,0x61,
    0x69,0x96,0x00,0xD1,0x02,0x01,0x49,0x01,0x03,0x71,0x03,0x02,
    0xD2,0x02,0x01,0x3C,0x01,0x00,0x79,0x08,0x03,0x96,0x00,0x08,
    0xD6,0x00,0x01,0x04,0x70,0x09,0x06,0x03,0x05,0xDB,0x5E,0x02,
    0x19,0x03,0x02,0x09,0x61,0x04,0x82,0x07,0x08,0x3B,0x00,0x00,
    0x3B,0x09,0x0F,0x0A,0x01,0x01,0x00,0x18,0x00,0x04,0x3E,0x00,
    0x05,0x4A,0x01,0x05,0xEC,0x01,0x00,0x1E,0x00,0x09,0x70,0x00,
    0x03,0x7D,0x1B,0x08,0x9C,0x00,0x05,0xB2,0x03,0x10,0x69,0x42,
    0x39,0x00,0xF3,0x07,0x05,0xF0,0x01,0x36,0x44,0x69,0x72,0x74,
    0x00,0x02,0xDB,0x0B,0x00,0xE5,0x02,0x03,0xF3,0x01,0x06,0x18,
    0x13,0x0C,0x29,0x60,0x00,0x77,0x00,0x30,0x46,0x6F,0x72,0x6C,
    0x11,0x1F,0x65,0x41,0x00,0x01,0x00,0x20,0x00,0x01,0x5E,0x60,
    0x01,0x3F,0x1B,0x00,0x07,0x02,0x00,0x43,0x01,0x03,0x2B,0x05,
    0x00,0x0F,0x00,0x0F,0x36,0x00,0x02,0x01,0x19,0x00,0x01,0x37,
    0x00,0x01,0xE8,0x1D,0x01,0xAD,0x08,0x00,0x5B,0x33,0x23,0x75,
    0x72,0x02,0x6C,0x10,0x6F,0xBB,0x05,0x01,0x7E,0x3E,0x00,0x39,
    0x37,0x00,0xC5,0x01,0x10,0x3C,0x09,0x00,0x02,0x14,0x4A,0x00,
    0xF8,0x02,0x16,0x74,0x90,0x47,0x11,0x46,0x0E,0x00,0x04,0x34,
    0x73,0x06,0x66,0x08,0x13,0x73,0xC9,0x07,0x01,0x13,0x32,0x00,
    0x92,0x00,0x20,0x22,0x65,0xD1,0x05,0x00,0x1D,0x2A,0x01,0x52,
    0x00,0x24,0x4E,0x6F,0x34,0x00,0x03,0x6F,0x02,0x02,0x1C,0x02,
    0x02,0x72,0x01,0x02,0x5D,0x71,0x00,0x27,0x00,0x42,0x43,0x6C,
    0x65,0x61,0x37,0x06,0x03,0x54,0x08,0x06,0x07,0x01,0x00,0x5F,
    0x34,0x01,0xA7,0x73,0x02,0x61,0x04,0x02,0x1F,0x00,0x00,0xFB,
    0x0A,0x13,0x72,0xE4,0x13,0x00,0x63,0x01,0x02,0x16,0x00,0x01,
    0x01,0x02,0x01,0xE8,0x00,0x00,0x9F,0x03,0x09,0x18,0x06,0x12,
    0x22,0x3E,0x10,0x00,0x6C,0x00,0x02,0x67,0x10,0x02,0x28,0x00,
    0x00,0x0B,0x54,0x02,0xD9,0x05,0x06,0x0D,0x01,0x11,0x66,0xEB,
    0x00,0x13,0x48,0x47,0x40,0x03,0xF9,0x00,0x00,0x29,0x00,0x0F,
    0xF7,0x00,0x0F,0x00,0x5F,0x00,0x14,0x4E,0x8E,0x00,0x00,0x98,
    0x50,0x00,0x68,0xA0,0x03,0x41,0x0A,0x07,0x3F,0x16,0x0F,0xF8,
    0x00,0x02,0x0B,0xCC,0x49,0x00,0x8A,0x01,0x00,0x4F,0x00,0x10,
    0x3C,0x09,0x00,0x15,0x3E,0xC2,0x01,0x00,0xAE,0x01,0x10,0x40,
    0x34,0x7F,0x00,0x04,0x08,0x00,0xAF,0x3F,0x11,0x6D,0x67,0x01,
    0x30,0x45,0x6E,0x67,0x06,0x18,0x04,0x7F,0x43,0x00,0xE4,0x40,
    0x01,0xCF,0x0E,0x00,0xDE,0x01,0x00,0x32,0x0A,0x21,0x61,0x76,
    0x27,0x00,0x00,0x0A,0x1D,0x04,0x38,0x06,0x02,0x26,0x1E,0x00,
    0x63,0x00,0x11,0x43,0x48,0x1E,0x05,0x18,0x00,0x00,0xBB,0x85,
    0x01,0x17,0x00,0x01,0x09,0x00,0x00,0xD4,0x01,0x00,0x8F,0x06,
    0x04,0x95,0x6E,0x00,0xB6,0x35,0x05,0xA7,0x07,0x11,0x6F,0x04,
    0x11,0x24,0x4F,0x4B,0x3C,0x00,0x21,0x79,0x65,0x25,0x05,0x26,
    0x59,0x65,0x70,0x09,0x00,0x25,0x03,0x25,0x22,0x4E,0x16,0x40,
    0x11,0x64,0x74,0x4B,0x00,0x5F,0x00,0x02,0x56,0x4B,0x04,0x3A,
    0x00,0x24,0x72,0x65,0xCB,0x00,0x12,0x52,0x0A,0x00,0x03,0x78,
    0x00,0x02,0x3C,0x03,0x00,0x30,0x00,0x02,0x8A,0x04,0x04,0x30,
    0x00,0x00,0x13,0x03,0x00,0x16,0x00,0x00,0xA1,0x03,0x04,0x14,
    0x00,0x06,0x5F,0x4A,0x04,0x12,0x00,0x02,0x41,0x04,0x00,0x28,
    0x00,0x02,0x39,0x04,0x06,0x18,0x00,0x12,0x73,0x33,0x22,0x10,
    0x52,0x0A,0x30,0x04,0x16,0x00,0x00,0xA3,0x23,0x00,0x2C,0x00,
    0x00,0xBD,0x23,0x04,0x14,0x00,0x00,0x1A,0x13,0x00,0x14,0x00,
    0x00,0x0C,0x13,0x04,0x14,0x00,0x32,0x70,0x61,0x73,0x93,0x00,
    0x11,0x50,0x09,0x00,0x03,0xAA,0x00,0x22,0x64,0x75,0xCF,0x36,
    0x01,0x69,0x01,0x15,0x44,0x0D,0x00,0x03,0x1E,0x00,0x02,0xA1,
    0x02,0x00,0x4A,0x00,0x02,0x23,0x0B,0x04,0x4C,0x00,0x02,0xEB,
    0x0C,0x00,0x18,0x00,0x02,0x21,0x0D,0x04,0x18,0x00,0x02,0xF1,
    0x41,0x00,0x18,0x00,0x02,0x78,0x55,0x04,0x18,0x00,0x04,0x26,
    0x01,0x01,0xD6,0x06,0x03,0x5C,0x00,0x03,0x34,0x7A,0x01,0x2E,
    0x82,0x04,0x28,0x00,0x01,0xC7,0x88,0x00,0x3F,0x00,0x02,0x74,
    0x58,0x03,0x2A,0x00,0x00,0x4C,0x02,0x00,0x15,0x00,0x26,0x4E,
    0x6F,0x7B,0x29,0x03,0x16,0x06,0x00,0x17,0x00,0x04,0x59,0x1C,
    0x03,0x2E,0x00,0x02,0xA0,0x22,0x01,0xB2,0x07,0x02,0x2D,0x37,
    0x05,0x34,0x11,0x05,0x41,0x22,0x00,0x46,0x4D,0x03,0x29,0x46,
    0x04,0x7A,0x00,0x0F,0x08,0xAA,0x03,0x01,0x90,0x1C,0x11,0x22,
    0x92,0x56,0x11,0x69,0x9A,0x02,0x02,0x61,0x5F,0x00,0x0C,0x00,
    0x03,0x6E,0x00,0x01,0x9A,0x5A,0x00,0x86,0x00,0x01,0x0F,0x73,
    0x01,0xF1,0x02,0x00,0x1A,0x00,0x51,0x22,0x74,0x6F,0x70,0x62,
    0x25,0x04,0x03,0xCC,0x02,0x05,0x6B,0x0B,0x02,0xEC,0x0A,0x03,
    0x5D,0x33,0x00,0xB4,0x01,0x17,0x6F,0xF8,0x0D,0x0A,0x54,0x4E,
    0x00,0x0F,0x04,0x00,0x31,0x03,0x01,0x86,0x00,0x00,0x54,0x00,
    0x04,0x78,0x0D,0x10,0x46,0x00,0x0E,0x00,0x67,0x00,0x00,0x02,
    0x00,0x00,0x1D,0x0C,0x01,0xDC,0x10,0x00,0x86,0x00,0x00,0x1B,
    0x0C,0x62,0x42,0x6C,0x61,0x6E,0x6B,0x20,0x13,0x00,0x05,0x25,
    0x00,0x00,0x57,0x20,0x02,0x13,0x00,0x03,0x51,0x03,0x0C,0x21,
    0x00,0x02,0xD3,0x01,0x0F,0x69,0x2F,0x05,0x00,0x02,0x00,0x03,
    0x23,0x0F,0x07,0x15,0x32,0x04,0x6D,0x13,0x05,0x13,0x00,0x05,
    0x6F,0x00,0x65,0x62,0x61,0x63,0x6B,0x54,0x6F,0x3A,0x0E,0x00,
    0xFF,0x50,0x12,0x61,0x35,0x6E,0x05,0x14,0x00,0x01,0xD6,0x00,
    0x04,0xD7,0x1F,0x03,0xC5,0x02,0x02,0x2D,0x01,0x08,0xEB,0x00,
    0x00,0x22,0x01,0x03,0x88,0x01,0x06,0xC2,0x0B,0x05,0x70,0x00,
    0x07,0xDB,0x08,0x05,0x14,0x00,0x05,0x84,0x00,0x00,0x54,0x00,
    0x09,0x0B,0x3C,0x04,0x52,0x33,0x0E,0x2B,0x00,0x01,0x5A,0x03,
    0x03,0x99,0x5B,0x00,0xE5,0x01,0x00,0x60,0x03,0x13,0x20,0x10,
    0x00,0x09,0xA8,0x00,0x0B,0x16,0x0E,0x08,0xAA,0x00,0x12,0x57,
    0x1B,0x00,0x05,0x7F,0x00,0x0F,0x54,0x00,0x16,0x00,0xB5,0x34,
    0x00,0xCB,0x00,0x0E,0xFD,0x00,0x00,0x6E,0x5E,0x07,0xD1,0x00,
    0x0F,0x8E,0x03,0x04,0x03,0x2A,0x05,0x00,0x30,0x41,0x04,0xDC,
    0x01,0x00,0x0C,0x00,0x05,0x89,0x00,0x30,0x70,0x72,0x6F,0x4A,
    0x02,0x01,0x86,0x01,0x13,0x50,0x0C,0x00,0x1C,0x20,0xAE,0x00,
    0x01,0x7C,0x6D,0x01,0x15,0x32,0x12,0x67,0x27,0x0B,0x10,0x46,
    0xEE,0x4F,0x02,0x27,0x32,0x00,0x12,0x00,0x05,0x4E,0x00,0x03,
    0x80,0x12,0x01,0x1F,0x00,0x01,0x43,0x3A,0x00,0x77,0x02,0x04,
    0xF9,0x16,0x01,0x16,0x00,0x02,0x1B,0x43,0x0A,0x5E,0x6E,0x02,
    0xB3,0x0F,0x20,0x6C,0x64,0xDA,0x5E,0x02,0x60,0x00,0x10,0x57,
    0x0F,0x00,0x04,0x25,0x00,0x09,0x64,0x01,0x30,0x68,0x65,0x6C,
    0xCA,0x15,0x0E,0x0F,0x01,0x10,0x48,0x19,0x00,0x05,0x89,0x00,
    0x04,0x97,0x2E,0x0F,0x88,0x2E,0x02,0x09,0x51,0x00,0x10,0x72,
    0x15,0x68,0x30,0x72,0x64,0x6F,0x92,0x78,0x0E,0x56,0x00,0x02,
    0xB8,0x29,0x36,0x44,0x6F,0x63,0x67,0x02,0x03,0x0B,0x6F,0x00,
    0xDA,0x00,0x02,0x79,0x6C,0x30,0x65,0x20,0x4E,0xD1,0x3B,0x01,
    0xDF,0x00,0x06,0x27,0x00,0x05,0x36,0x1F,0x00,0x29,0x00,0x01,
    0x12,0x28,0x00,0x43,0x1F,0x06,0x20,0x00,0x07,0x59,0x2B,0x00,
    0x22,0x00,0x08,0xA0,0x1F,0x05,0xC6,0x00,0x02,0x6B,0x00,0x00,
    0x19,0x09,0x00,0x66,0x0F,0x01,0x78,0x00,0x00,0x0D,0x00,0x05,
    0x20,0x00,0x13,0x69,0x5A,0x76,0x10,0x49,0x08,0x00,0x05,0x16,
    0x00,0x02,0x36,0x00,0x02,0xB7,0x06,0x03,0xA2,0x00,0x02,0x12,
    0x0B,0x02,0xF8,0x00,0x05,0xED,0x09,0x00,0xFE,0x23,0x00,0x8B,
    0x03,0x05,0x46,0x04,0x52,0x22,0x72,0x65,0x73,0x75,0x7D,0x07,
    0x12,0x52,0x0A,0x00,0x02,0x54,0x00,0x00,0xBD,0x35,0x02,0x89,
    0x0D,0x00,0x08,0x00,0x04,0x14,0x00,0x10,0x61,0x15,0x6E,0x00,
    0x64,0x03,0x01,0x09,0x00,0x03,0x16,0x00,0x00,0x2D,0x15,0x00,
    0xCF,0x00,0x00,0xA1,0x26,0x03,0xEC,0x00,0x10,0x22,0x9A,0x20,
    0x02,0x1D,0x01,0x00,0x82,0x02,0x00,0xF2,0x20,0x02,0x0E,0x00,
    0x03,0x33,0x00,0x20,0x6F,0x70,0x0D,0x34,0x00,0xE4,0x02,0x01,
    0x60,0x00,0x00,0x92,0x00,0x14,0x20,0x14,0x00,0x03,0x23,0x00,
    0x01,0x2E,0x03,0x05,0x80,0x09,0x01,0xE1,0x06,0x02,0x3F,0x24,
    0x02,0x14,0x00,0x05,0xD2,0x00,0x00,0x2D,0x03,0x09,0x59,0x05,
    0x00,0xCB,0x0E,0x00,0x18,0x4C,0x23,0x72,0x61,0x59,0x02,0x00,
    0x2E,0x30,0x00,0x43,0x8B,0x12,0x64,0x12,0x00,0x03,0x60,0x00,
    0x02,0x0D,0x04,0x02,0x51,0x03,0x06,0x0A,0x04,0x00,0x4E,0x00,
    0x05,0x83,0x00,0x01,0x1D,0x3D,0x05,0x22,0x00,0x01,0xDC,0x02,
    0x01,0x51,0x38,0x05,0x21,0x00,0x05,0x17,0x17,0x00,0xFF,0x00,
    0x00,0xB7,0x14,0x0A,0x96,0x0F,0x05,0x1F,0x00,0x06,0x36,0x17,
    0x06,0x58,0x11,0x04,0x96,0x46,0x03,0x8F,0x00,0x00,0x03,0x01,
    0x0F,0x20,0x05,0x0C,0x03,0x2A,0x00,0x0F,0x98,0x05,0x0D,0x03,
    0x96,0x05,0x30,0x52,0x75,0x6E,0xBB,0x00,0x12,0x74,0xEE,0x1E,
    0x02,0x96,0x07,0x10,0x20,0xF4,0x19,0x00,0x55,0x39,0x00,0xC3,
    0x1C,0x13,0x72,0x33,0x35,0x02,0xEC,0x01,0x01,0x00,0x37,0x01,
    0x0A,0x01,0x15,0x50,0x0D,0x00,0x03,0x71,0x00,0x02,0xB6,0x20,
    0x04,0x17,0x00,0x00,0xEB,0x00,0x02,0x2E,0x50,0x05,0x1E,0x21,
    0x05,0xF5,0x01,0x03,0xE2,0x41,0x00,0x23,0x00,0x05,0x53,0x05,
    0x05,0xA9,0x01,0x11,0x77,0xE1,0x2C,0x06,0x79,0x02,0x0F,0x40,
    0x13,0x38,0x03,0xA9,0x00,0x11,0x63,0xEA,0x09,0x00,0x37,0x03,
    0x01,0x09,0x00,0x03,0x16,0x00,0x05,0x49,0x4F,0x41,0x22,0x41,
    0x49,0x20,0x03,0x4F,0x04,0x19,0x00,0x01,0xFA,0x53,0x06,0xD3,
    0x58,0x12,0x22,0x44,0x3F,0x22,0x6F,0x72,0xB0,0x04,0x04,0xD6,
    0x00,0x09,0x86,0x52,0x20,0x22,0x43,0x14,0x27,0x00,0x84,0x06,
    0x06,0xDC,0x32,0x0F,0xFE,0x40,0x07,0x03,0x8B,0x02,0x02,0xAA,
    0x0B,0x01,0x6F,0x05,0x04,0x8C,0x02,0x04,0x13,0x00,0x03,0x8B,
    0x00,0x0F,0x6D,0x05,0x13,0x08,0x27,0x64,0x02,0x1F,0x74,0x00,
    0x3E,0x05,0x04,0xA8,0x00,0x06,0xFC,0x2A,0x30,0x22,0x48,0x69,
    0x58,0x14,0x05,0xB7,0x03,0x08,0x75,0x61,0x25,0x22,0x49,0x0D,
    0x00,0x03,0x7C,0x00,0x0F,0x0E,0x06,0x01,0x04,0x54,0x00,0x02,
    0x29,0x05,0x01,0xFA,0x02,0x00,0xD5,0x01,0x02,0x1A,0x05,0x0A,
    0x1F,0x01,0x01,0x7F,0x1C,0x06,0xB0,0xA8,0x00,0xEF,0x03,0x01,
    0x33,0x29,0x06,0x13,0x00,0x03,0x68,0x00,0x01,0x29,0x00,0x01,
    0xB1,0x00,0x05,0x24,0x00,0x01,0x0E,0x00,0x03,0x1F,0x00,0x01,
    0x77,0x2A,0x00,0x11,0x00,0x02,0xB5,0x03,0x09,0x0E,0x06,0x03,
    0x23,0x00,0x04,0xB7,0x4A,0x05,0x90,0x00,0x04,0xBB,0x4A,0x03,
    0x92,0x00,0x05,0x6B,0x02,0x06,0x0B,0x01,0x02,0xDE,0x05,0x0C,
    0x79,0x05,0x03,0x20,0x01,0x00,0x8C,0x0D,0x07,0x1A,0x00,0x02,
    0xCD,0x0D,0x01,0x2E,0x00,0x11,0x64,0xEF,0x0B,0x61,0x55,0x6E,
    0x64,0x6F,0x20,0x28,0x90,0x50,0x15,0x5A,0xBD,0x2C,0x22,0x72,
    0x65,0x1D,0x00,0x25,0x52,0x65,0x1D,0x00,0x57,0x53,0x68,0x69,
    0x66,0x74,0x23,0x00,0x01,0x3B,0x0E,0x00,0x30,0x01,0x05,0x40,
    0x2A,0x03,0x91,0x00,0x00,0x4C,0x21,0x08,0x0C,0x15,0x03,0x2C,
    0x43,0x05,0xA7,0x00,0x01,0x82,0x51,0x00,0x39,0x00,0x06,0x48,
    0x0E,0x00,0xB4,0x0C,0x72,0x75,0x74,0x6F,0x53,0x63,0x72,0x6F,
    0x0F,0x67,0x01,0x6A,0x4E,0x12,0x73,0x0F,0x00,0x03,0x18,0x01,
    0x31,0x6C,0x65,0x76,0x02,0x0D,0x02,0xED,0x00,0x00,0x83,0x08,
    0x10,0x72,0x3D,0x69,0x00,0x4B,0x0B,0x01,0x09,0x00,0x02,0x27,
    0x00,0x00,0x94,0x0E,0x02,0xBA,0x4B,0x11,0x22,0xFD,0x3A,0x05,
    0x16,0x00,0x30,0x77,0x61,0x72,0x64,0x0D,0x20,0x22,0x57,0x08,
    0x00,0x05,0x16,0x00,0x04,0x58,0x27,0x12,0x22,0xA1,0x2D,0x05,
    0x18,0x00,0x10,0x63,0x5D,0x21,0x12,0x63,0xCC,0x14,0x14,0x43,
    0x0C,0x00,0x05,0x1E,0x00,0x0F,0x4F,0x77,0x03,0x06,0xD7,0x09,
    0x50,0x63,0x6F,0x6C,0x75,0x6D,0x6E,0x00,0x06,0xAC,0x00,0x02,
    0x48,0x80,0x08,0xF6,0x0B,0x00,0x41,0x17,0x06,0x1C,0x5F,0x04,
    0x77,0x1D,0x0B,0xCA,0x06,0x0A,0x30,0x02,0x02,0x4F,0x00,0x51,
    0x22,0x6C,0x69,0x76,0x65,0x3A,0x02,0x01,0xCA,0x04,0x10,0x4C,
    0x6E,0x47,0x01,0x28,0x00,0x02,0x0C,0x07,0x02,0xA6,0x00,0x11,
    0x22,0x04,0x8A,0x12,0x69,0x2C,0x07,0x13,0x45,0x0C,0x00,0x01,
    0x73,0x0F,0x04,0x20,0x00,0x41,0x73,0x74,0x43,0x70,0x55,0x53,
    0x89,0x45,0x73,0x74,0x2E,0x20,0x43,0x50,0x55,0x1E,0x00,0x82,
    0x78,0x70,0x61,0x6E,0x64,0x50,0x6F,0x6F,0x21,0x32,0x11,0x45,
    0x0F,0x00,0x00,0x66,0x41,0x02,0x15,0xB0,0x21,0x20,0x70,0x1A,
    0x00,0x03,0x4B,0x00,0x04,0x75,0x15,0x02,0x94,0x00,0x53,0x20,
    0x62,0x65,0x79,0x6F,0xA7,0x98,0x00,0xB7,0x41,0x00,0x82,0x1E,
    0xA0,0x6E,0x65,0x20,0x75,0x73,0x75,0x61,0x6C,0x6C,0x79,0x22,
    0x1B,0x20,0x69,0x63,0xEA,0x2A,0x03,0xDA,0x5D,0x10,0x73,0x1C,
    0x10,0x23,0x75,0x6E,0x26,0x3A,0x10,0x64,0x07,0x2B,0x10,0x67,
    0x62,0x12,0x02,0xD2,0x00,0x05,0xAE,0x02,0x15,0x68,0xDD,0x40,
    0x00,0x3D,0x58,0x30,0x23,0x7B,0x7D,0x07,0x00,0x10,0x2D,0x43,
    0x58,0x14,0x20,0xEA,0x00,0x42,0x2C,0x20,0x7B,0x7D,0x99,0x00,
    0x00,0x0A,0x00,0x04,0x9D,0x00,0x02,0x83,0x00,0x00,0x6F,0x02,
    0x22,0x20,0x28,0x0C,0x00,0x05,0xE5,0x02,0x20,0x6E,0x6F,0xC8,
    0x1F,0x01,0xD1,0x00,0x01,0x4A,0x01,0x20,0x20,0x20,0x2B,0x59,
    0x00,0x43,0x1F,0x02,0x14,0x00,0x05,0x29,0x00,0x0E,0xD0,0x01,
    0x05,0x25,0x00,0x00,0x59,0x00,0x05,0x46,0x00,0x03,0x74,0x00,
    0x00,0x34,0x10,0x04,0x61,0x7A,0x02,0x6A,0x7A,0x02,0x8C,0x00,
    0x00,0x96,0x01,0x0D,0x76,0x01,0x00,0x3C,0x0D,0x08,0x65,0x34,
    0x07,0xFE,0x04,0x03,0xEF,0x01,0x25,0x6E,0x6F,0xD5,0xB0,0x02,
    0x12,0x00,0x00,0xFC,0x02,0x04,0x14,0x0D,0x01,0x90,0x07,0x63,
    0x69,0x6D,0x61,0x72,0x79,0x20,0x26,0x00,0x05,0x6C,0x00,0x07,
    0x5E,0x02,0x02,0x8F,0x0F,0x00,0x6A,0x01,0x45,0x6D,0x61,0x72,
    0x6B,0xEF,0xB0,0x05,0xB9,0x00,0x53,0x20,0x61,0x73,0x20,0x70,
    0x47,0x00,0x10,0x74,0x15,0x19,0x01,0xD4,0x64,0x01,0xF6,0x1C,
    0x00,0x90,0x00,0x01,0xCE,0x03,0x07,0xDF,0x02,0x01,0xEA,0x1A,
    0x03,0x6F,0x00,0x00,0x2E,0x06,0x01,0x10,0x00,0x0A,0x80,0x00,
    0x03,0x9E,0x74,0x02,0x79,0x00,0x01,0x7B,0x0E,0x03,0x0B,0x00,
    0x01,0x94,0x17,0x02,0x6A,0x00,0x02,0x42,0x00,0x02,0xC0,0x01,
    0x15,0x79,0xEA,0x01,0x27,0x78,0x72,0x04,0x31,0x0E,0xF1,0x00,
    0x35,0x58,0x52,0x20,0x20,0x00,0x0F,0xEB,0x00,0x01,0x00,0x64,
    0x10,0x41,0x58,0x52,0x20,0x63,0xF0,0x40,0x00,0xE5,0x16,0x41,
    0x69,0x6E,0x69,0x74,0xBE,0x2D,0x10,0x65,0xDF,0x7D,0x10,0x65,
    0x8F,0x0D,0x00,0x09,0x56,0x14,0x61,0x52,0x29,0x10,0x2F,0x5B,
    0x02,0x01,0x24,0x2A,0x12,0x73,0xCE,0x32,0x00,0xCE,0x0A,0x01,
    0xB9,0xA1,0x11,0x6C,0x9E,0x29,0x02,0x1C,0x52,0x60,0x2D,0x2D,
    0x6E,0x6F,0x2D,0x78,0x3B,0x09,0x13,0x20,0x50,0x0F,0x3B,0x20,
    0x58,0x52,0x18,0x01,0x00,0xE9,0x28,0x50,0x65,0x73,0x74,0x58,
    0x72,0x15,0x02,0x00,0x21,0x29,0x0F,0x5D,0xA6,0x03,0x42,0x78,
    0x72,0x57,0x61,0x15,0x14,0x0F,0xE0,0x00,0x01,0x03,0x1C,0x00,
    0x40,0x20,0x46,0x6F,0x72,0x59,0xA6,0x02,0xC8,0xA6,0x06,0x59,
    0x02,0x07,0xD5,0x01,0x44,0x54,0x68,0x65,0x20,0xBC,0x00,0x70,
    0x76,0x69,0x65,0x77,0x20,0x77,0x69,0x7D,0xB3,0x01,0x52,0x48,
    0x01,0xA8,0xA0,0x31,0x20,0x61,0x66,0x07,0x14,0x20,0x68,0x65,
    0x4A,0x00,0x03,0xC2,0x0C,0x00,0x50,0x15,0x20,0x64,0x75,0xDC,
    0x86,0x11,0x6D,0x5B,0x00,0x13,0x20,0x66,0x14,0x1B,0x73,0xCD,
    0x00,0x00,0x5F,0xC3,0x20,0x69,0x63,0x18,0x03,0x0E,0x84,0x01,
    0x13,0x4D,0x1C,0x00,0x05,0x80,0x01,0x07,0x6D,0x34,0x00,0x29,
    0x02,0x2A,0x20,0x20,0x74,0x34,0x00,0xA1,0x14,0x00,0x58,0x0D,
    0x00,0x18,0x01,0x10,0x46,0x09,0x00,0x00,0x13,0x00,0x01,0x24,
    0x00,0x57,0x32,0x66,0x7D,0x20,0x6D,0x49,0x00,0x31,0x63,0x70,
    0x75,0x21,0x00,0x00,0x2A,0x00,0x00,0x9D,0x34,0x01,0x33,0x08,
    0x0F,0x2A,0x00,0x02,0x17,0x67,0x2A,0x00,0x1F,0x47,0x2A,0x00,
    0x0A,0x32,0x64,0x72,0x61,0x72,0x36,0x10,0x44,0x09,0x00,0x00,
    0x79,0x00,0x00,0x37,0x04,0x06,0x53,0x01,0x04,0x48,0x98,0x00,
    0x74,0x00,0x13,0x44,0x0C,0x00,0x00,0xC2,0x00,0x04,0x2B,0x05,
    0x03,0xBF,0x34,0x02,0xDA,0x6F,0x00,0xBB,0x3B,0x00,0xDB,0x34,
    0x02,0x2B,0x25,0x08,0x47,0x00,0x40,0x77,0x61,0x72,0x6D,0xFE,
    0x96,0x00,0xC5,0x0D,0x00,0x7A,0x18,0x01,0x7D,0x0E,0x13,0x20,
    0x16,0x00,0x36,0x20,0x75,0x70,0xBB,0x20,0x02,0x65,0x35,0x00,
    0xE8,0x46,0x00,0x73,0x00,0x00,0x4E,0x00,0x00,0x3E,0x9B,0x0B,
    0x73,0x00,0x31,0x72,0x61,0x6D,0x5C,0x0D,0x04,0x23,0x00,0x01,
    0x76,0x0D,0x0A,0xB9,0x00,0x62,0x72,0x61,0x6D,0x54,0x6F,0x74,
    0xA5,0x06,0x00,0x46,0x00,0x10,0x74,0x0D,0x00,0x0A,0x23,0x00,
    0x00,0xEC,0x69,0x02,0xEF,0x3A,0x00,0x76,0x49,0x20,0x74,0x73,
    0x7D,0x00,0x00,0x27,0x05,0x01,0x76,0x35,0x02,0x6C,0x06,0x02,
    0xC5,0x01,0x10,0x22,0x69,0x68,0x00,0x6C,0x00,0x35,0x5A,0x6F,
    0x6F,0xF7,0x3A,0x12,0x72,0x3F,0x06,0x12,0x52,0x3A,0x06,0x07,
    0xCE,0x7A,0x0F,0x5C,0x79,0x03,0x51,0x66,0x72,0x65,0x65,0x41,
    0xCE,0x87,0x00,0x49,0x00,0x53,0x46,0x72,0x65,0x65,0x20,0x0F,
    0x00,0x05,0xB4,0x08,0x0D,0x2C,0x0A,0x02,0x5D,0x02,0x31,0x22,
    0x6E,0x6F,0x61,0x1B,0x01,0x27,0x15,0x05,0x34,0x12,0x22,0x4E,
    0x6F,0x06,0x3C,0x02,0x7D,0x1B,0x10,0x2C,0x94,0x02,0x05,0x84,
    0x66,0x00,0xE7,0x03,0x00,0xD0,0x04,0x02,0x73,0x14,0x01,0x55,
    0x04,0x01,0x96,0x0C,0x00,0x60,0x16,0x02,0x3E,0x16,0x09,0x41,
    0x48,0x23,0x73,0x2E,0x6E,0x15,0x00,0x76,0x07,0x02,0xFB,0x3E,
    0x03,0x71,0x00,0x05,0x39,0x3F,0x01,0xFA,0x15,0x01,0x29,0x2F,
    0x35,0x3A,0x5C,0x6E,0xD9,0x01,0x0F,0x5A,0x17,0x03,0x08,0x9C,
    0x48,0x05,0x68,0x16,0x00,0x7B,0x08,0x31,0x63,0x6F,0x6E,0x5D,
    0x17,0x00,0x7F,0x08,0x40,0x63,0x6F,0x6E,0x20,0x0D,0x00,0x13,
    0x3A,0x6B,0x02,0x04,0x79,0x00,0x20,0x44,0x69,0x21,0x04,0x00,
    0x6B,0x5A,0x04,0xC5,0x05,0x03,0xE1,0x1B,0x08,0xED,0x42,0x09,
    0xED,0x00,0x00,0xEA,0x03,0x11,0x73,0xD2,0x1C,0x01,0x95,0x33,
    0x00,0xD3,0x1B,0x00,0x26,0x57,0x0B,0xC4,0xB5,0x05,0xCB,0x01,
    0x02,0x31,0x11,0x01,0x2E,0x13,0x00,0x88,0x00,0x01,0x65,0x3C,
    0x01,0xA7,0x42,0x04,0x89,0x00,0x03,0x21,0x00,0x05,0xB9,0x5E,
    0x02,0xE6,0x14,0x13,0x20,0x2D,0x1C,0x03,0x11,0x02,0x02,0x25,
    0x00,0x02,0xA5,0x23,0x08,0x49,0x00,0x04,0x12,0x00,0x03,0x27,
    0x00,0x02,0x81,0x01,0x03,0x3B,0x00,0x06,0x0D,0x06,0x03,0x11,
    0x00,0x03,0x25,0x00,0x02,0xCE,0x0D,0x04,0x3A,0x00,0x00,0x6F,
    0x09,0x01,0x77,0x22,0x14,0x20,0x12,0x00,0x03,0x27,0x00,0x02,
    0x73,0x00,0x02,0x2B,0x14,0x04,0x1B,0x00,0x06,0xC2,0x00,0x02,
    0x18,0x00,0x0C,0x34,0x00,0x02,0x5B,0x00,0x02,0x1C,0x00,0x07,
    0x34,0x00,0x03,0x0B,0x0E,0x02,0x18,0x00,0x0C,0x34,0x00,0x02,
    0x43,0x01,0x01,0xA5,0x02,0x02,0x04,0x01,0x03,0x80,0x00,0x02,
    0xD7,0x01,0x00,0x18,0x00,0x11,0x53,0xE1,0x01,0x04,0x30,0x01,
    0x04,0x4B,0x22,0x11,0x51,0x69,0x8C,0x00,0x20,0x00,0x02,0x0A,
    0x00,0x09,0x63,0x02,0x05,0x71,0x22,0x05,0xCA,0x06,0x02,0xCF,
    0x00,0x30,0x69,0x6E,0x67,0xDC,0x41,0x01,0x3B,0x04,0x02,0x69,
    0x01,0x00,0xDF,0x08,0x54,0x6D,0x6F,0x64,0x65,0x6C,0xA9,0x59,
    0x00,0x25,0x4D,0x00,0x15,0x00,0x33,0x73,0x75,0x62,0x79,0x19,
    0x06,0x2D,0x04,0x04,0x1A,0x1D,0x40,0x53,0x75,0x62,0x41,0x6D,
    0x3D,0x31,0x55,0x75,0x69,0x4F,0x07,0x22,0x49,0x6E,0x07,0x1D,
    0x05,0x34,0x00,0x10,0x20,0x7D,0x94,0x0E,0x7C,0x00,0x01,0x35,
    0x00,0x00,0xB3,0x00,0x06,0x7C,0x00,0x02,0xEA,0x02,0x03,0x7C,
    0x00,0x00,0x7E,0x6C,0x07,0x6E,0x00,0x11,0x6E,0x3C,0x2D,0x01,
    0x11,0x19,0x00,0x35,0x00,0x01,0x3E,0x00,0x00,0x1A,0x07,0x01,
    0x4A,0x07,0x03,0x19,0x00,0x02,0xE1,0x0B,0x03,0x34,0x01,0x02,
    0xE5,0x00,0x06,0x02,0x1A,0x02,0x67,0x00,0x12,0x20,0x51,0x1B,
    0x16,0x3A,0x46,0x05,0x72,0x22,0x63,0x6F,0x70,0x69,0x65,0x64,
    0x39,0x01,0x00,0x5B,0x00,0x11,0x43,0x10,0x00,0x02,0xF0,0x00,
    0x13,0x2E,0xB1,0x90,0x03,0xCB,0x8D,0x05,0x5D,0x00,0x03,0xCA,
    0x0F,0x02,0x54,0x00,0x06,0x64,0x00,0x03,0xE8,0x01,0x03,0x91,
    0x00,0x0F,0x6C,0x00,0x00,0x09,0x38,0x00,0x02,0x6F,0x00,0x02,
    0x44,0x00,0x00,0x07,0x34,0x02,0x1E,0x10,0x00,0x9B,0x00,0x01,
    0x98,0x5E,0x0B,0x3A,0x6B,0x33,0x20,0x75,0x6E,0xDD,0x3E,0x0C,
    0x86,0x00,0x02,0x53,0x02,0x0E,0x86,0x00,0x02,0x82,0x02,0x0F,
    0x86,0x00,0x07,0x06,0x69,0x78,0x0E,0x3C,0x00,0x01,0xC4,0x01,
    0x01,0x5A,0x17,0x0F,0x40,0x00,0x07,0x02,0x78,0x00,0x02,0xC6,
    0x00,0x04,0x0C,0x00,0x09,0xC6,0x00,0x16,0x28,0xCA,0x00,0x15,
    0x29,0xB5,0x00,0x02,0xA4,0x19,0x01,0x2B,0x02,0x02,0xA5,0x19,
    0x03,0x27,0xAA,0x0B,0x21,0x00,0x06,0x93,0x00,0x02,0x26,0x00,
    0x0F,0x87,0x00,0x00,0x02,0x2E,0x03,0x03,0xBF,0x09,0x01,0xBA,
    0x01,0x21,0x72,0x65,0x3A,0x4A,0x02,0x19,0x00,0x05,0x51,0x00,
    0x08,0x0A,0x04,0x06,0x57,0x00,0x02,0x38,0x00,0x03,0x69,0x20,
    0x0F,0x5E,0x00,0x00,0x02,0x64,0x1A,0x01,0xA8,0x00,0x11,0x44,
    0x6F,0x1A,0x0C,0xA8,0x00,0x02,0x21,0x00,0x06,0x51,0x00,0x02,
    0x26,0x00,0x0F,0x4A,0x00,0x00,0x06,0xA6,0x0B,0x00,0x01,0x02,
    0x02,0x75,0x41,0x01,0xE4,0x38,0x05,0x19,0x05,0x01,0x7E,0x06,
    0x01,0x08,0x51,0x42,0x7B,0x20,0x22,0x69,0x23,0x10,0x00,0xD1,
    0x00,0x03,0x2E,0x10,0x00,0x76,0x05,0x00,0x31,0x13,0x03,0xFD,
    0x03,0x00,0xA7,0x04,0x35,0x64,0x69,0x74,0x2B,0x99,0x00,0x54,
    0x01,0x02,0xEE,0x02,0x00,0x34,0x00,0x04,0x33,0x2F,0x06,0x58,
    0x06,0x13,0x73,0xA2,0x03,0x05,0xFD,0x11,0x00,0xF3,0x05,0x20,
    0x65,0x73,0x48,0x6A,0x00,0x77,0x93,0x08,0xBA,0x70,0x06,0x7B,
    0xA4,0x00,0x4B,0x00,0x31,0x53,0x75,0x62,0xD9,0xB9,0x00,0x80,
    0x87,0x02,0x56,0x03,0x00,0x5C,0x14,0x10,0x6B,0x0E,0x01,0x02,
    0x7E,0x19,0x00,0x21,0x00,0x14,0x53,0x10,0x00,0x05,0x22,0x00,
    0x05,0xD4,0x65,0x04,0x44,0x00,0x02,0xDA,0x11,0x06,0xA6,0x19,
    0x04,0x6E,0x35,0x05,0x20,0x00,0x00,0x40,0x04,0x0A,0xF6,0x07,
    0x03,0x9A,0x1B,0x02,0x86,0x07,0x00,0xB0,0x00,0x03,0x6C,0x10,
    0x31,0x4F,0x75,0x74,0x04,0x83,0x04,0x54,0x25,0x04,0x95,0x10,
    0x11,0x20,0x2E,0x14,0x05,0x7D,0x01,0x02,0x0E,0x00,0x20,0x69,
    0x73,0xF2,0x29,0x00,0x30,0x00,0x01,0x6C,0x0A,0x02,0x5F,0x04,
    0x0B,0x27,0x39,0x04,0x41,0x00,0x00,0x8C,0x00,0x00,0xBC,0x07,
    0x00,0xEF,0x04,0x04,0x14,0x00,0x02,0x55,0x00,0x00,0x91,0x03,
    0x03,0x71,0x05,0x00,0x21,0x09,0x01,0xBD,0x16,0x0C,0x87,0x00,
    0x02,0xAA,0x11,0x02,0x30,0x00,0x0F,0x85,0x00,0x20,0x02,0x3F,
    0x00,0x08,0x83,0x00,0x02,0x12,0x00,0x02,0x51,0x00,0x0A,0x81,
    0x00,0x02,0x5E,0x01,0x1D,0x6F,0x83,0x00,0x04,0x18,0x00,0x02,
    0x34,0x00,0x0F,0x85,0x00,0x20,0x04,0x41,0x00,0x08,0x87,0x00,
    0x04,0x14,0x00,0x02,0x55,0x00,0x0A,0x89,0x00,0x00,0x9A,0x13,
    0x04,0x2C,0x00,0x02,0x5C,0x2F,0x07,0x9E,0x13,0x0A,0x2B,0x00,
    0x01,0x7D,0x12,0x0C,0xB1,0x00,0x01,0x15,0x00,0x05,0xA8,0x00,
    0x02,0x0E,0x00,0x0F,0xB2,0x01,0x11,0x01,0x2A,0x00,0x04,0x79,
    0x00,0x00,0xAF,0x01,0x01,0x11,0x00,0x01,0x71,0x00,0x09,0x43,
    0x02,0x02,0x69,0x04,0x01,0x29,0x06,0x02,0x59,0x03,0x05,0xC0,
    0x09,0x03,0x52,0x04,0x02,0x1B,0x00,0x06,0x85,0x03,0x01,0x3E,
    0x04,0x02,0x20,0x08,0x06,0xF6,0x1F,0x07,0x37,0x00,0x03,0x32,
    0x04,0x02,0x22,0x00,0x06,0x5F,0x03,0x02,0x08,0x04,0x02,0x4D,
    0x00,0x0A,0x68,0x00,0x03,0x12,0x04,0x02,0x1B,0x00,0x10,0x2C,
    0x32,0x01,0x32,0x6E,0x66,0x69,0xC4,0x15,0x03,0x1B,0x00,0x11,
    0x74,0x28,0x2E,0x01,0xD4,0x07,0x02,0x71,0x06,0x16,0x3F,0x58,
    0x00,0x02,0xB7,0x04,0x02,0x3D,0x00,0x07,0x0A,0x03,0x05,0xC6,
    0x00,0x03,0x8F,0x00,0x02,0x21,0x00,0x11,0x2C,0xFB,0x00,0x01,
    0x3E,0x13,0x63,0x6B,0x6E,0x6F,0x77,0x6E,0x54,0xD8,0x11,0x03,
    0x25,0x00,0x02,0xFB,0x02,0x04,0xFC,0x06,0x03,0x24,0x00,0x02,
    0x72,0x00,0x01,0x1E,0xA9,0x04,0x2C,0x05,0x00,0x0A,0x10,0x00,
    0x2D,0x3C,0x01,0x19,0x1E,0x06,0x35,0x09,0x0A,0x3F,0x00,0x00,
    0xBE,0x34,0x00,0x93,0x35,0x00,0x49,0x0C,0x01,0x02,0x25,0x07,
    0x3E,0x00,0x03,0x5A,0x99,0x04,0xC4,0x0A,0x0F,0x7F,0x00,0x02,
    0x10,0x74,0xB1,0x96,0x01,0xED,0x34,0x03,0x2E,0x00,0x0F,0x9E,
    0x03,0x07,0x01,0xD8,0x23,0x00,0xEC,0x0D,0x03,0xDC,0x05,0x03,
    0xB3,0x00,0x04,0xC9,0x00,0x01,0x82,0x00,0x03,0x58,0x2F,0x02,
    0x16,0x4A,0x05,0xC5,0x99,0x00,0xCA,0x00,0x04,0xDC,0x40,0x0F,
    0x86,0x00,0x02,0x08,0xD5,0x03,0x02,0x25,0x39,0x00,0xFF,0x03,
    0x00,0x58,0x02,0x0F,0x2F,0x00,0x02,0x02,0x23,0x00,0x0E,0xDB,
    0x68,0x00,0x41,0x08,0x01,0x8E,0x39,0x01,0x78,0x23,0x0F,0x3F,
    0x00,0x0D,0x02,0x4E,0x23,0x00,0xB7,0x00,0x07,0x34,0x01,0x02,
    0xE9,0x01,0x01,0x6A,0x06,0x02,0x7B,0x00,0x08,0x98,0x3A,0x00,
    0x60,0x00,0x01,0x99,0x02,0x09,0x63,0x9A,0x06,0x28,0x00,0x02,
    0x19,0x38,0x02,0xA1,0x01,0x05,0x27,0x46,0x02,0x0E,0x06,0x0A,
    0x56,0x9A,0x05,0x22,0x02,0x00,0x23,0x12,0x14,0x75,0xFD,0x71,
    0x01,0xB1,0x00,0x02,0x11,0x00,0x12,0x20,0x0F,0x72,0x07,0xEB,
    0x04,0x53,0x61,0x79,0x67,0x65,0x6E,0x16,0x00,0x00,0x87,0x1D,
    0x01,0x10,0x00,0x0D,0x27,0x00,0x04,0x25,0xA8,0x06,0x29,0x00,
    0x04,0x6E,0xA8,0x0D,0x2B,0x00,0x04,0x3A,0x20,0x10,0x3C,0x09,
    0x00,0x01,0x8F,0x22,0x08,0x62,0x12,0x01,0x54,0x0F,0x07,0xF4,
    0x1C,0x02,0xFD,0x05,0x00,0x79,0x58,0x0B,0xB5,0x14,0x03,0xC4,
    0xAB,0x06,0x6F,0xCE,0x03,0xF9,0x2D,0x21,0x22,0x4C,0x09,0x00,
    0x00,0xE8,0xCE,0x01,0x4E,0x01,0x11,0x49,0x01,0xC6,0x00,0x14,
    0x29,0x01,0xCD,0x02,0x02,0xBB,0x1A,0x00,0xF8,0xC8,0x30,0x65,
    0x66,0x73,0xF9,0x00,0x10,0x52,0x08,0x00,0x05,0x18,0x01,0x00,
    0x4B,0x68,0x00,0x16,0x00,0x20,0x46,0x72,0x69,0x0E,0x31,0x20,
    0x22,0x74,0x86,0x16,0x11,0x54,0xF7,0xD1,0x00,0x19,0x54,0x04,
    0xFA,0x8C,0x05,0x06,0x8D,0x01,0x73,0x03,0x04,0x32,0x1F,0x02,
    0x73,0x01,0x00,0x40,0x00,0x03,0x0A,0x00,0x02,0x58,0x00,0x13,
    0x22,0xDE,0x10,0x00,0x19,0x00,0x04,0x0B,0x00,0x03,0x1A,0x00,
    0x04,0x98,0x00,0x01,0xF3,0x07,0x02,0x02,0x14,0x00,0x26,0x00,
    0x05,0x0C,0x00,0x10,0x2C,0x18,0x25,0x02,0x63,0x05,0x01,0x08,
    0x00,0x18,0x2C,0x34,0x14,0x03,0x30,0x00,0x05,0xBD,0x04,0x00,
    0x73,0x64,0x02,0x15,0x0F,0x00,0xDA,0x8E,0x14,0x65,0xD7,0x00,
    0x00,0x38,0x30,0x32,0x61,0x73,0x73,0x9D,0x24,0x02,0x25,0x09,
    0x00,0x04,0x1B,0x20,0x61,0x73,0x9E,0x32,0x02,0x14,0x00,0x04,
    0x1A,0x02,0x02,0x7F,0x66,0x01,0x18,0x01,0x0A,0x46,0x77,0x02,
    0x24,0x2F,0x01,0x19,0x00,0x02,0x1F,0x2F,0x05,0x5D,0x00,0x03,
    0xF7,0x1C,0x06,0x19,0x11,0x01,0x30,0x1D,0x03,0x77,0x1E,0x03,
    0x48,0x02,0x04,0x25,0x00,0x03,0x77,0x12,0x02,0x84,0x00,0x02,
    0xCA,0x18,0x43,0x44,0x6F,0x63,0x20,0x1E,0x00,0x01,0xFF,0x3B,
    0x01,0x1F,0x00,0x05,0x8F,0x00,0x00,0x02,0x08,0x05,0x28,0x00,
    0x00,0x19,0x01,0x00,0x9F,0x03,0x16,0x20,0x12,0x00,0x03,0x46,
    0x01,0x03,0x41,0x00,0x01,0x9F,0x00,0x04,0x0C,0x00,0x10,0x3D,
    0x86,0x15,0x0A,0x80,0x00,0x00,0x64,0x79,0x05,0xC2,0xC5,0x13,
    0x2C,0x77,0x00,0x06,0xDA,0x1D,0x75,0x22,0x66,0x72,0x6F,0x7A,
    0x65,0x6E,0xCA,0x00,0x11,0x46,0x0F,0x00,0x12,0x20,0x10,0x00,
    0x03,0x6A,0x00,0x00,0xDE,0x16,0x00,0x88,0x00,0x00,0xD8,0x16,
    0x04,0x5D,0x00,0x00,0x5A,0x10,0x22,0x7A,0x65,0x27,0x00,0x00,
    0x93,0x2A,0x01,0x0F,0x00,0x0A,0x37,0x00,0x12,0x6E,0x85,0xC9,
    0x00,0x3A,0x00,0x0F,0x54,0x8D,0x1A,0x84,0x6E,0x6F,0x74,0x50,
    0x61,0x72,0x73,0x65,0xAF,0x1E,0x01,0x65,0x00,0x02,0x88,0x07,
    0x06,0x16,0x42,0x03,0x31,0x3A,0x01,0x4E,0xA6,0x00,0x29,0x00,
    0x05,0x3E,0x01,0x01,0x4C,0x03,0x05,0xAA,0x19,0x02,0x3C,0x00,
    0x02,0x0F,0x00,0x03,0xCE,0x00,0x01,0x09,0x16,0x01,0x36,0x01,
    0x02,0x3B,0x02,0x30,0x3D,0x7B,0x7D,0xD2,0x54,0x01,0x8B,0x06,
    0x01,0x0D,0x00,0x31,0x65,0x64,0x67,0x16,0x00,0x05,0xEB,0x00,
    0x01,0xD1,0x26,0x00,0xC7,0x00,0x02,0xCD,0x26,0x0A,0x18,0x00,
    0x04,0xE9,0x26,0x00,0x4D,0x00,0x14,0x2F,0x2E,0x03,0x10,0x2F,
    0x44,0x00,0x04,0x28,0x00,0x21,0x74,0x61,0xCF,0x32,0x02,0x23,
    0x00,0x11,0x49,0x5C,0x03,0x00,0xAB,0x02,0x31,0x20,0x49,0x4F,
    0x6D,0x03,0x25,0x65,0x78,0x42,0x1F,0x03,0xAC,0x27,0x01,0x2E,
    0x67,0x23,0x6E,0x6F,0x5F,0x5F,0x11,0x4E,0x09,0x00,0x00,0x0E,
    0xD6,0x00,0x98,0x00,0x00,0x87,0x00,0x00,0x09,0x63,0x01,0x12,
    0x00,0x21,0x72,0x61,0xD5,0x1A,0x36,0x52,0x61,0x77,0x3D,0x07,
    0x06,0x00,0x01,0x05,0x4E,0x00,0x01,0xA0,0x01,0x00,0x99,0x2E,
    0x01,0x08,0x01,0x04,0xD9,0x0A,0x05,0xCD,0x02,0x28,0x6E,0x6F,
    0x2A,0x00,0x23,0x4E,0x6F,0x24,0x02,0x00,0xD9,0x10,0x01,0x1A,
    0x14,0x02,0x53,0x0A,0x00,0xA7,0x0B,0x00,0xA8,0x00,0x09,0x6B,
    0x0E,0x0F,0xC5,0x8A,0x1E,0x03,0x84,0x01,0x55,0x61,0x72,0x72,
    0x61,0x79,0x69,0xD0,0x10,0x41,0x0E,0x00,0x12,0x20,0x0F,0x00,
    0x03,0x21,0x00,0x01,0xA4,0x9B,0x00,0xEC,0x00,0x00,0x55,0x18,
    0x01,0x0D,0x00,0x05,0x24,0x13,0x03,0x22,0x00,0x02,0x6D,0x04,
    0x23,0x65,0x64,0xBC,0x00,0x00,0x2C,0x00,0x05,0x51,0x0E,0x01,
    0x04,0x01,0x03,0x32,0x02,0x03,0xB8,0x00,0x04,0x8D,0x01,0x03,
    0x49,0x17,0x07,0x03,0x21,0x20,0x53,0x61,0x7E,0x3A,0x00,0x40,
    0x00,0x13,0x50,0x65,0x17,0x07,0x9C,0x1B,0x14,0x3A,0x40,0x00,
    0x04,0x72,0x0F,0x11,0x73,0x2E,0x00,0x00,0x72,0x02,0x00,0x95,
    0x61,0x00,0xA9,0x55,0x40,0x64,0x65,0x62,0x75,0x7F,0x2B,0x02,
    0x3C,0x00,0x00,0x07,0x02,0x05,0x8C,0x02,0x21,0x6D,0x6F,0xC6,
    0x04,0x02,0xCF,0x05,0x00,0x27,0x1A,0x01,0xA6,0x05,0x00,0xE2,
    0x12,0x00,0x19,0x00,0x01,0x18,0x09,0x0A,0x1D,0x8E,0x01,0xD3,
    0x01,0x02,0xE1,0x8D,0x01,0x77,0x06,0x14,0x77,0xB6,0x8D,0x00,
    0x85,0x03,0x00,0x01,0x9A,0x05,0x1C,0x00,0x0F,0x0D,0x8E,0x00,
    0x01,0xCA,0x04,0x20,0x76,0x65,0x15,0x01,0x02,0x1E,0x00,0x05,
    0x2D,0x00,0x13,0x49,0x17,0x00,0x12,0x20,0x18,0x00,0x06,0x55,
    0x00,0x1B,0x61,0x03,0x8E,0x00,0x0D,0x02,0x00,0x7B,0x9E,0x00,
    0x0E,0x01,0x03,0xFB,0x8D,0x09,0xEC,0x05,0x0F,0xE1,0x8C,0x19,
    0x00,0x3C,0x35,0x31,0x46,0x69,0x74,0x42,0x8D,0x00,0x50,0x00,
    0x00,0x41,0x1C,0x01,0x8A,0x8D,0x10,0x63,0x12,0x00,0x02,0x7B,
    0x2C,0x03,0x36,0x01,0x04,0x9D,0x01,0x01,0x7C,0x21,0x05,0x31,
    0x00,0x02,0x7C,0x21,0x02,0x2E,0x00,0x74,0x74,0x6F,0x20,0x30,
    0x2E,0x2E,0x31,0x29,0x00,0x01,0x15,0x00,0x12,0x4D,0x75,0x75,
    0x01,0x30,0x00,0x10,0x20,0x0D,0x00,0x03,0x1A,0x02,0x02,0x1D,
    0x00,0x20,0x61,0x78,0x75,0x00,0x03,0x1D,0x00,0x06,0xA3,0x8D,
    0x0F,0x28,0x15,0x03,0x20,0x6E,0x6F,0x54,0x4F,0x22,0x6E,0x65,
    0x5C,0x1B,0x00,0x03,0x03,0x03,0x0F,0x00,0x05,0x23,0x6F,0x15,
    0x3B,0x08,0x7E,0x02,0xA1,0x0C,0x00,0x44,0x36,0x35,0x61,0x63,
    0x6B,0xEB,0x01,0x03,0xCA,0x00,0x07,0x58,0x02,0x00,0x7F,0x00,
    0x03,0x9D,0x02,0x05,0x3C,0x00,0x07,0x5A,0x02,0x0C,0x3A,0x00,
    0x00,0xD8,0x23,0x01,0xA6,0x03,0x0F,0x38,0x00,0x01,0x01,0x48,
    0x18,0x11,0x75,0xCF,0x8C,0x02,0xDB,0x63,0x01,0xE2,0x02,0x0C,
    0x43,0x00,0x07,0x7D,0x00,0x05,0xAB,0x07,0x00,0xE2,0x1C,0x02,
    0x62,0x04,0x05,0x85,0x00,0x0A,0x7E,0x1E,0x01,0x14,0x2D,0x01,
    0x8E,0x0B,0x04,0xBD,0x04,0x05,0x57,0x00,0x01,0x09,0xCC,0x00,
    0x1B,0x1F,0x00,0x93,0x00,0x00,0xDA,0xD9,0x21,0x74,0x6F,0xD7,
    0x18,0x04,0x86,0x01,0x11,0x6E,0x58,0x64,0x00,0x6B,0x00,0x20,
    0x6C,0x75,0x58,0x23,0x00,0x27,0x00,0x00,0x2F,0x00,0x20,0x20,
    0x61,0x04,0x30,0x10,0x74,0x06,0x1D,0x00,0x54,0x00,0x03,0x1D,
    0x00,0x05,0x72,0x16,0x13,0x70,0x8A,0x17,0x00,0x9C,0x0C,0x01,
    0x5E,0x02,0x00,0xC5,0xBC,0x01,0x57,0x03,0x01,0xAB,0x04,0x05,
    0x2C,0x06,0x02,0x6B,0x03,0x05,0xD8,0x0A,0x0C,0x4D,0x1F,0x02,
    0x11,0x07,0x00,0x3D,0x19,0x00,0x56,0x0A,0x10,0x72,0xA1,0x03,
    0x0F,0x5F,0x01,0x01,0x03,0xEF,0x17,0x02,0xE2,0xCA,0x14,0x50,
    0x2D,0x00,0x03,0x16,0x00,0x09,0x05,0x18,0x87,0x22,0x62,0x61,
    0x63,0x6B,0x65,0x6E,0x64,0x47,0x01,0x00,0xD2,0x00,0x03,0x68,
    0x00,0x03,0x1D,0x00,0x0F,0x67,0x00,0x05,0x03,0x82,0x07,0x00,
    0x31,0x00,0x03,0x0D,0x08,0x04,0x26,0x01,0x11,0x70,0xB4,0x24,
    0x00,0x82,0x18,0x01,0x09,0x00,0x03,0xA5,0x02,0x00,0x1E,0x03,
    0x20,0x45,0x6E,0x48,0x04,0x00,0x33,0x00,0x00,0x1C,0x03,0x12,
    0x2D,0x30,0x2A,0x04,0x37,0x00,0x01,0xE2,0x01,0x32,0x54,0x69,
    0x6D,0xF3,0x05,0x01,0x1A,0x02,0x12,0x20,0x0F,0x00,0x04,0x42,
    0x00,0x31,0x78,0x69,0x73,0x17,0x00,0x00,0x41,0x00,0x02,0x09,
    0x00,0x03,0x1A,0x00,0x00,0xBD,0x42,0x16,0x6B,0xB5,0x96,0x01,
    0x56,0x01,0x00,0x0A,0xB0,0x20,0x6B,0x65,0x04,0x74,0x02,0xD0,
    0x09,0x09,0x9A,0x1E,0x03,0xE4,0x04,0x30,0x73,0x42,0x79,0x1D,
    0x5D,0x06,0x33,0x02,0x17,0x73,0x2D,0x14,0x66,0x62,0x75,0x66,
    0x66,0x65,0x72,0x23,0x00,0x12,0x42,0x10,0x00,0x07,0x22,0x00,
    0x00,0x52,0x4E,0x0B,0x4E,0x4E,0x11,0x62,0x5D,0x4E,0x0C,0xBB,
    0x05,0x01,0x39,0x19,0x05,0xFB,0x00,0x00,0xC1,0x4E,0x00,0x0D,
    0x00,0x0B,0x4A,0x00,0x65,0x45,0x78,0x68,0x61,0x75,0x73,0x57,
    0x02,0x00,0x4E,0x19,0x03,0x4E,0x00,0x31,0x69,0x73,0x20,0x72,
    0x23,0x02,0x8F,0x43,0x04,0x26,0x00,0x05,0xB6,0x02,0x00,0x87,
    0x00,0x22,0x48,0x65,0x48,0x89,0x01,0x37,0x00,0x4B,0x68,0x65,
    0x61,0x70,0x5D,0x00,0x0C,0xE3,0x01,0x03,0xD9,0x3F,0x01,0x2F,
    0x00,0x06,0x66,0x00,0x07,0x4F,0x02,0x00,0x9C,0x4E,0x01,0x25,
    0x03,0x03,0x07,0x02,0x30,0x2F,0x64,0x65,0xEF,0x48,0x05,0x75,
    0x00,0x0F,0x54,0x00,0x07,0x00,0x82,0x00,0x10,0x75,0x70,0x7F,
    0x0B,0x3A,0x02,0x05,0x52,0x00,0x13,0x70,0xF8,0x24,0x05,0x4C,
    0x00,0x82,0x70,0x72,0x6F,0x63,0x65,0x73,0x73,0x52,0xF6,0x4F,
    0x12,0x50,0x0E,0x00,0x01,0x48,0x00,0x06,0x94,0x08,0x11,0x73,
    0x1D,0x62,0x03,0x23,0x00,0x03,0x17,0x62,0x02,0x22,0x00,0x09,
    0xBF,0x4F,0x05,0x27,0x00,0x0A,0x4E,0x01,0x07,0x31,0x00,0x0F,
    0x4D,0x01,0x0C,0x0F,0xFE,0x1B,0x03,0x0C,0x27,0x1C,0x42,0x22,
    0x63,0x70,0x75,0x27,0x03,0x00,0x8C,0x02,0x00,0x26,0x1C,0x02,
    0x25,0x05,0x00,0x74,0x1C,0x09,0x50,0x1C,0x07,0x7C,0xDD,0x0F,
    0x1C,0x00,0x02,0x11,0x4E,0xBE,0x1E,0x00,0x3D,0x1C,0x24,0x6E,
    0x2F,0x38,0x1F,0x70,0x22,0x76,0x73,0x79,0x6E,0x63,0x4F,0xBD,
    0x21,0x76,0x22,0x56,0x53,0x79,0x6E,0x63,0x20,0x5A,0x3E,0x02,
    0x1B,0x00,0x20,0x66,0x66,0x77,0x00,0x03,0x1C,0x00,0x24,0x66,
    0x66,0x42,0x03,0x0B,0x66,0x1C,0x06,0x3D,0x01,0x0F,0x5F,0x1C,
    0x02,0x06,0x1F,0x00,0x02,0x68,0x05,0x01,0x08,0x03,0x11,0x55,
    0x73,0x05,0x08,0x3C,0x00,0x42,0x67,0x70,0x75,0x4D,0x8E,0x56,
    0x00,0xA6,0x00,0x37,0x6D,0x65,0x6D,0x5A,0x02,0x03,0x69,0x51,
    0x02,0x88,0x01,0x04,0x86,0x00,0x01,0x06,0xB2,0x00,0xA0,0x00,
    0x00,0x17,0x00,0x07,0xD6,0x00,0x0F,0x4E,0x1C,0x03,0x09,0x38,
    0x00,0x01,0x6E,0x1C,0x06,0x3D,0x00,0x01,0x37,0x03,0x0B,0x43,
    0x00,0x0F,0x6E,0x1C,0x00,0x09,0x43,0x00,0x01,0x20,0x00,0x06,
    0x43,0x00,0x02,0x90,0x1C,0x07,0x43,0x00,0x0F,0x7B,0x52,0x0E,
    0x23,0x65,0x73,0x51,0x11,0x14,0x7B,0x03,0x04,0x00,0xCC,0x00,
    0x02,0xFD,0x03,0x00,0x30,0x08,0x03,0x3B,0x04,0x00,0x15,0x00,
    0x03,0xED,0x06,0x00,0x16,0x00,0x04,0x66,0x04,0x00,0x17,0x00,
    0x00,0x20,0x06,0x01,0x42,0x0E,0x05,0xB3,0x0D,0x31,0x72,0x65,
    0x73,0xC1,0x0E,0x01,0x55,0x00,0x35,0x67,0x70,0x75,0xC8,0x1D,
    0x00,0x53,0x01,0x11,0x6C,0xD5,0x1D,0x00,0x2F,0x72,0x34,0x6F,
    0x73,0x74,0x22,0xD4,0x00,0x5C,0x26,0x00,0xFD,0x48,0x04,0x3D,
    0xD4,0x01,0x8D,0x1B,0x04,0xAD,0x8F,0x03,0xB7,0x8F,0x05,0x5F,
    0x00,0x0E,0x37,0x0F,0x0A,0x66,0x33,0x0E,0x47,0x0F,0x52,0x64,
    0x65,0x74,0x61,0x69,0xFC,0x07,0x13,0x44,0x0B,0x00,0x02,0x4B,
    0x05,0x00,0xF6,0x15,0x31,0x63,0x6F,0x70,0x81,0x00,0x11,0x53,
    0x09,0x00,0x00,0x58,0xD5,0x00,0xD5,0x1D,0x11,0x4D,0x20,0x02,
    0x01,0x5F,0x01,0x01,0x2F,0x1F,0x00,0x73,0x30,0x22,0x6C,0x66,
    0x16,0x00,0x43,0x53,0x65,0x6C,0x66,0x15,0x00,0x01,0x03,0x62,
    0x00,0x06,0x01,0x41,0x43,0x61,0x6C,0x6C,0x95,0x28,0x06,0x39,
    0x0F,0x06,0x18,0x0C,0x22,0x6C,0x6F,0x12,0x1E,0x11,0x50,0x09,
    0x00,0x00,0x18,0x0A,0x02,0x08,0x24,0x30,0x43,0x50,0x55,0x5A,
    0x00,0x12,0x67,0x0E,0x00,0x12,0x47,0x0E,0x00,0x0F,0xF9,0x00,
    0x00,0x05,0x5B,0x07,0x01,0x11,0x14,0x06,0x58,0x07,0x02,0x60,
    0x11,0x01,0x6C,0x24,0x01,0x22,0x27,0x02,0x3D,0x11,0x02,0x9F,
    0x23,0x06,0x20,0x27,0x01,0x21,0x31,0x04,0xC7,0x0C,0x11,0x53,
    0x0E,0x00,0x02,0x23,0x00,0x16,0x69,0xB2,0x33,0x00,0x09,0x01,
    0x02,0xE2,0x4D,0x0C,0xA1,0xA7,0x01,0xF9,0x3E,0x00,0xBD,0x20,
    0x31,0x61,0x72,0x65,0x94,0x1A,0x01,0xA7,0x02,0x00,0xD1,0x05,
    0x05,0xD1,0x04,0x01,0x39,0x24,0x03,0x28,0x00,0x0B,0x7A,0x05,
    0x01,0xA1,0x24,0x01,0x59,0x3F,0x0F,0x7B,0xD3,0x07,0x00,0xD1,
    0x12,0x00,0x2F,0x25,0x13,0x79,0xCA,0xDE,0x00,0x06,0x18,0x01,
    0x10,0x00,0x00,0x52,0x05,0x02,0xC9,0x3F,0x05,0x6B,0x00,0x2C,
    0x63,0x6D,0xBF,0x07,0x00,0x3F,0x18,0x06,0xB7,0x74,0x03,0x09,
    0x47,0x1C,0x6F,0x2F,0x08,0x04,0xAE,0x03,0x36,0x63,0x6D,0x64,
    0xD8,0x18,0x0B,0x3B,0x00,0x02,0x7C,0x13,0x04,0x2A,0x00,0x11,
    0x74,0xC0,0xD1,0x01,0xA1,0x02,0x14,0x69,0x9F,0xDD,0x11,0x54,
    0x14,0x00,0x02,0xA6,0x02,0x02,0x15,0x00,0x02,0x47,0x02,0x03,
    0x2D,0x00,0x00,0xC0,0x00,0x00,0x0C,0x02,0x03,0x27,0x00,0x00,
    0xBB,0x00,0x04,0x4E,0x00,0x0E,0xB4,0x02,0x03,0xA5,0x01,0x05,
    0xED,0x00,0x03,0x2A,0x00,0x00,0x89,0x01,0x04,0xEB,0x3A,0x01,
    0xD8,0x11,0x1B,0x75,0x56,0x02,0x04,0x05,0x28,0x02,0x5B,0x09,
    0x00,0x7C,0x00,0x04,0xD4,0x1E,0x20,0x4E,0x6F,0x08,0x80,0x01,
    0xD7,0x01,0x06,0x4D,0x00,0x07,0x93,0x24,0x01,0x77,0xA4,0x03,
    0x55,0x9F,0x21,0x6F,0x72,0x40,0x6F,0x03,0x31,0x02,0x01,0x3C,
    0x3A,0x00,0x6F,0x07,0x20,0x61,0x64,0x62,0x6E,0x1B,0x65,0x99,
    0x22,0x07,0xC5,0x19,0x04,0x75,0x00,0x02,0x7A,0x02,0x22,0x43,
    0x68,0x4D,0x60,0x04,0xC4,0x14,0x02,0x10,0x00,0x01,0x24,0x00,
    0x04,0x3E,0x12,0x12,0x72,0xAF,0x34,0x0F,0xB0,0x00,0x01,0x03,
    0xAD,0x16,0x03,0xBF,0x02,0x09,0x36,0x00,0x02,0x58,0xA9,0x22,
    0x74,0x69,0xE0,0x12,0x0E,0xEB,0x00,0x16,0x49,0x20,0x00,0x14,
    0x20,0xE9,0x19,0x03,0x6D,0x19,0x02,0x92,0x01,0x00,0x1F,0xA8,
    0x38,0x65,0x65,0x70,0xF6,0x0B,0x43,0x4B,0x65,0x65,0x70,0xC0,
    0x1C,0x00,0x15,0x37,0x00,0x2F,0x80,0x00,0x9C,0x2C,0x05,0x0B,
    0x0C,0x04,0x35,0x20,0x01,0x67,0x0D,0x08,0x7F,0x00,0x00,0xDB,
    0x2A,0x05,0x8E,0x00,0x09,0xA7,0x00,0x02,0x06,0x01,0x05,0x90,
    0x03,0x00,0xC9,0x02,0x03,0x9E,0x01,0x12,0x22,0x53,0x01,0x03,
    0xDC,0x00,0x05,0x94,0x00,0x55,0x62,0x61,0x73,0x69,0x63,0x36,
    0xE7,0x01,0xAD,0x32,0x37,0x73,0x69,0x63,0x48,0xE7,0x01,0x5F,
    0x00,0x51,0x20,0x20,0x22,0x71,0x75,0xB5,0x51,0x0F,0xAD,0xA7,
    0x3F,0x05,0x8B,0x00,0x0F,0x86,0x6B,0x02,0x01,0x3D,0x07,0x12,
    0x72,0x23,0x74,0x22,0x61,0x6C,0xA0,0x6B,0x01,0xC4,0x34,0x05,
    0x14,0x00,0x12,0x20,0x15,0x00,0x05,0x47,0x00,0x01,0xE2,0x68,
    0x02,0x14,0x00,0x00,0x03,0x0B,0x00,0x0E,0x00,0x0C,0x23,0x00,
    0x00,0xC8,0xCE,0x05,0x22,0x00,0x3D,0x53,0x70,0x6F,0x21,0x00,
    0x45,0x61,0x72,0x65,0x61,0x21,0x00,0x4C,0x41,0x72,0x65,0x61,
    0x21,0x00,0x02,0x6E,0x08,0x00,0xD5,0x12,0x00,0x36,0x0F,0x01,
    0xA8,0x1A,0x00,0x0D,0x00,0x06,0x85,0x00,0x03,0xEB,0xE1,0x0F,
    0xDB,0xD3,0x0F,0x00,0xCC,0x08,0x04,0xDB,0x27,0x12,0x22,0x0E,
    0x27,0x06,0x75,0x01,0x17,0x78,0x49,0xA1,0x2A,0x58,0x52,0x5E,
    0x27,0x00,0xDC,0x01,0x0F,0xA4,0xD4,0x0D,0x00,0xC4,0x0C,0x10,
    0x69,0x01,0x04,0x05,0x42,0xD3,0x01,0x6F,0x00,0x0F,0x9B,0xD6,
    0x02,0x01,0x39,0x0C,0x11,0x6E,0x5F,0x2B,0x18,0x22,0xE5,0x6A,
    0x00,0xD1,0x03,0x00,0x8E,0xDC,0x03,0xA5,0x0B,0x06,0x9D,0x00,
    0x02,0xC3,0x9C,0x00,0x8E,0x02,0x07,0xCC,0x9C,0x00,0xD5,0x0C,
    0x05,0x92,0xD6,0x12,0x42,0x0A,0x00,0x05,0x16,0x01,0x02,0x95,
    0x04,0x00,0x90,0x00,0x02,0x91,0x04,0x06,0x4C,0x00,0x15,0x73,
    0x8C,0xD6,0x12,0x53,0x0A,0x00,0x05,0x34,0x00,0x04,0xF5,0x4C,
    0x02,0xD9,0x5A,0x00,0x55,0x25,0x01,0x98,0xD6,0x10,0x20,0x10,
    0x00,0x06,0x25,0x00,0x0F,0xBF,0xD3,0x05,0x03,0xBD,0x04,0x41,
    0x69,0x63,0x42,0x6F,0x9E,0x0F,0x00,0xC0,0x04,0x30,0x69,0x63,
    0x20,0x0E,0x00,0x05,0x3D,0x00,0x12,0x64,0x8B,0xAB,0x20,0x53,
    0x70,0x30,0x27,0x00,0x9D,0x00,0x03,0x9C,0xAB,0x13,0x20,0x12,
    0x00,0x05,0x29,0x00,0x03,0x6A,0xAA,0x72,0x52,0x69,0x67,0x69,
    0x64,0x42,0x6F,0x0C,0x5C,0x12,0x43,0x14,0x00,0x11,0x20,0x15,
    0x00,0x02,0x94,0xD5,0x01,0x32,0x03,0x07,0x22,0x07,0x06,0x2C,
    0x30,0x02,0x37,0x04,0x05,0x46,0x69,0x00,0x6C,0x00,0x04,0x3F,
    0x69,0x80,0x22,0x0A,0x20,0x20,0x7D,0x0A,0x7D,0x0A
};
inline constexpr size_t en_json_lz4_size = sizeof(en_json_lz4);
inline constexpr size_t en_json_size = 60586; // uncompressed
