// Auto-generated from ja.json (lz4 block-compressed)
#pragma once

#include <cstddef>
#include <cstdint>

inline constexpr unsigned char ja_json_lz4[] = {
    0xF1,0x03,0x7B,0x0D,0x0A,0x20,0x20,0x22,0x69,0x6E,0x73,0x70,
    0x65,0x63,0x74,0x6F,0x72,0x22,0x3A,0x20,0x12,0x00,0x86,0x20,
    0x20,0x22,0x66,0x69,0x65,0x6C,0x64,0x10,0x00,0xF1,0x12,0x20,
    0x20,0x22,0x61,0x63,0x74,0x69,0x76,0x65,0x22,0x3A,0x20,0x22,
    0xE3,0x82,0xA2,0xE3,0x82,0xAF,0xE3,0x83,0x86,0xE3,0x82,0xA3,
    0xE3,0x83,0x96,0x22,0x2C,0x0D,0x0A,0x20,0x01,0x00,0xE2,0x22,
    0x61,0x6C,0x6C,0x6F,0x77,0x53,0x6C,0x65,0x65,0x70,0x69,0x6E,
    0x67,0x2B,0x00,0xF8,0x04,0xB9,0xE3,0x83,0xAA,0xE3,0x83,0xBC,
    0xE3,0x83,0x97,0xE3,0x82,0x92,0xE8,0xA8,0xB1,0xE5,0x8F,0xAF,
    0x31,0x00,0x91,0x6D,0x62,0x69,0x65,0x6E,0x74,0x43,0x6F,0x6C,
    0x7E,0x00,0x01,0x5B,0x00,0xFE,0x08,0x83,0xB3,0xE3,0x83,0x93,
    0xE3,0x82,0xA8,0xE3,0x83,0xB3,0xE3,0x83,0x88,0xE3,0x82,0xAB,
    0xE3,0x83,0xA9,0xE3,0x83,0xBC,0x36,0x00,0x92,0x49,0x6E,0x74,
    0x65,0x6E,0x73,0x69,0x74,0x79,0x6A,0x00,0x0C,0x3A,0x00,0x68,
    0xE5,0xBC,0xB7,0xE5,0xBA,0xA6,0x37,0x00,0x87,0x6E,0x63,0x68,
    0x6F,0x72,0x4D,0x61,0x78,0x30,0x00,0xBE,0x82,0xAB,0xE3,0x83,
    0xBC,0xE6,0x9C,0x80,0xE5,0xA4,0xA7,0x2A,0x00,0x2F,0x69,0x6E,
    0x2A,0x00,0x01,0x2D,0xB0,0x8F,0x2A,0x00,0xBD,0x65,0x64,0x50,
    0x6F,0x73,0x69,0x74,0x69,0x6F,0x6E,0x50,0x5D,0x00,0xB9,0xE4,
    0xBD,0x8D,0xE7,0xBD,0xAE,0x20,0x28,0x70,0x78,0x29,0x38,0x00,
    0x84,0x67,0x75,0x6C,0x61,0x72,0x44,0x61,0x6D,0x2B,0x01,0xCE,
    0xE8,0xA7,0x92,0xE5,0xBA,0xA6,0xE6,0xB8,0x9B,0xE8,0xA1,0xB0,
    0x29,0x00,0x53,0x56,0x65,0x6C,0x6F,0x63,0xEB,0x00,0x6C,0xE8,
    0xA7,0x92,0xE9,0x80,0x9F,0xDC,0x00,0x66,0x69,0x6D,0x61,0x74,
    0x69,0x6F,0xB2,0x00,0xF7,0x01,0x8B,0xE3,0x83,0xA1,0xE3,0x83,
    0xBC,0xE3,0x82,0xB7,0xE3,0x83,0xA7,0xE3,0x83,0xB3,0x54,0x00,
    0xC2,0x62,0x6C,0x65,0x6E,0x64,0x44,0x69,0x73,0x74,0x61,0x6E,
    0x63,0xD2,0x01,0x51,0x83,0x96,0xE3,0x83,0xAC,0x71,0x01,0x78,
    0x89,0xE8,0xB7,0x9D,0xE9,0x9B,0xA2,0x2E,0x00,0xB2,0x6F,0x72,
    0x64,0x65,0x72,0x52,0x61,0x64,0x69,0x75,0x73,0xDF,0x00,0xCC,
    0xE5,0xA2,0x83,0xE7,0x95,0x8C,0xE5,0x8D,0x8A,0xE5,0xBE,0x84,
    0xD9,0x00,0x63,0x62,0x6F,0x78,0x53,0x69,0x7A,0x56,0x00,0xF8,
    0x04,0x9C,0xE3,0x83,0x83,0xE3,0x82,0xAF,0xE3,0x82,0xB9,0xE3,
    0x82,0xB5,0xE3,0x82,0xA4,0xE3,0x82,0xBA,0x59,0x00,0xD1,0x75,
    0x69,0x6C,0x74,0x69,0x6E,0x47,0x65,0x6F,0x6D,0x65,0x74,0x72,
    0xC6,0x01,0xF1,0x03,0xE7,0xB5,0x84,0xE3,0x81,0xBF,0xE8,0xBE,
    0xBC,0xE3,0x81,0xBF,0xE3,0x82,0xB8,0xE3,0x82,0xAA,0xC6,0x00,
    0x47,0x88,0xE3,0x83,0xAA,0x39,0x00,0xF8,0x0F,0x63,0x61,0x73,
    0x74,0x73,0x53,0x68,0x61,0x64,0x6F,0x77,0x22,0x3A,0x20,0x22,
    0xE5,0xBD,0xB1,0xE3,0x82,0x92,0xE8,0x90,0xBD,0xE3,0x81,0xA8,
    0xE3,0x81,0x99,0x29,0x00,0x92,0x65,0x6C,0x6C,0x53,0x69,0x7A,
    0x65,0x50,0x78,0xC9,0x01,0x45,0xBB,0xE3,0x83,0xAB,0x8A,0x00,
    0x0C,0x93,0x01,0x56,0x63,0x68,0x65,0x63,0x6B,0x8A,0x02,0x52,
    0x83,0x81,0xE3,0x82,0xA7,0xC0,0x00,0x38,0xE8,0x89,0xB2,0x55,
    0x00,0x61,0x68,0x65,0x63,0x6B,0x65,0x64,0x52,0x00,0x07,0x25,
    0x00,0x68,0xE6,0xB8,0x88,0xE3,0x81,0xBF,0x28,0x00,0x46,0x6C,
    0x65,0x61,0x72,0x50,0x00,0x51,0x82,0xAF,0xE3,0x83,0xAA,0x3B,
    0x03,0x0E,0xD1,0x02,0x82,0x63,0x6C,0x65,0x61,0x72,0x4D,0x6F,
    0x64,0x37,0x01,0x05,0x2A,0x00,0x21,0x83,0xA2,0x3A,0x03,0x18,
    0x89,0x55,0x00,0x04,0xA0,0x00,0x0B,0x94,0x00,0x81,0x6F,0x6C,
    0x6F,0x72,0x56,0x61,0x6C,0x75,0x42,0x00,0x98,0xE8,0x89,0xB2,
    0xE3,0x81,0xAE,0xE5,0x80,0xA4,0x39,0x00,0xA1,0x75,0x6C,0x6C,
    0x69,0x6E,0x67,0x4D,0x61,0x73,0x6B,0xBA,0x00,0x21,0x82,0xAB,
    0x99,0x03,0x71,0xB3,0xE3,0x82,0xB0,0xE3,0x83,0x9E,0xA2,0x01,
    0x08,0x99,0x03,0xB1,0x65,0x6D,0x69,0x73,0x73,0x69,0x6F,0x6E,
    0x52,0x61,0x74,0x53,0x00,0x61,0xE6,0x94,0xBE,0xE5,0x87,0xBA,
    0x25,0x02,0x47,0xBC,0xE3,0x83,0x88,0x59,0x00,0xF8,0x0C,0x65,
    0x6E,0x61,0x62,0x6C,0x65,0x49,0x42,0x4C,0x22,0x3A,0x20,0x22,
    0x49,0x42,0x4C,0xE3,0x82,0x92,0xE6,0x9C,0x89,0xE5,0x8A,0xB9,
    0xE5,0x8C,0x1B,0x04,0x02,0x27,0x00,0x01,0x36,0x01,0x02,0x1F,
    0x00,0x09,0x43,0x00,0x15,0x64,0x28,0x01,0x6A,0xE7,0xB5,0x82,
    0xE4,0xBA,0x86,0xDE,0x00,0x34,0x65,0x6E,0x64,0x54,0x02,0x02,
    0x1F,0x00,0x05,0xC4,0x01,0x09,0x45,0x00,0xF7,0x10,0x76,0x69,
    0x72,0x6F,0x6E,0x6D,0x65,0x6E,0x74,0x4D,0x61,0x70,0x22,0x3A,
    0x20,0x22,0xE7,0x92,0xB0,0xE5,0xA2,0x83,0xE3,0x83,0x9E,0xE3,
    0x83,0x83,0xE3,0x83,0x97,0x2C,0x00,0xC1,0x66,0x61,0x6C,0x6C,
    0x62,0x61,0x63,0x6B,0x4D,0x6F,0x6E,0x6F,0x0E,0x01,0x51,0x83,
    0x95,0xE3,0x82,0xA9,0xDB,0x00,0x42,0xAB,0xE3,0x83,0x90,0xF6,
    0x01,0x68,0xE3,0x83,0xA2,0xE3,0x83,0x8E,0x36,0x00,0x35,0x69,
    0x6C,0x6C,0xA8,0x00,0xFA,0x00,0xE5,0xA1,0x97,0xE3,0x82,0x8A,
    0xE3,0x81,0xA4,0xE3,0x81,0xB6,0xE3,0x81,0x97,0xB1,0x00,0x35,
    0x66,0x69,0x74,0xCE,0x01,0x21,0x83,0x95,0x27,0x05,0x11,0x83,
    0xC6,0x02,0x0E,0xD1,0x01,0x55,0x66,0x6C,0x6F,0x61,0x74,0xBA,
    0x01,0x5A,0x46,0x6C,0x6F,0x61,0x74,0xB9,0x01,0x47,0x66,0x6F,
    0x6E,0x74,0xC4,0x02,0x03,0xAA,0x00,0x02,0x1B,0x05,0x03,0x54,
    0x03,0x0C,0xCA,0x02,0xFA,0x06,0x66,0x6F,0x76,0x59,0x44,0x65,
    0x67,0x72,0x65,0x65,0x73,0x22,0x3A,0x20,0x22,0x46,0x4F,0x56,
    0x20,0x59,0x20,0x30,0x04,0x44,0x66,0x72,0x69,0x63,0x2F,0x04,
    0x67,0xE6,0x91,0xA9,0xE6,0x93,0xA6,0xE9,0x00,0xD1,0x67,0x61,
    0x75,0x73,0x73,0x69,0x61,0x6E,0x53,0x70,0x6C,0x61,0x74,0x20,
    0x01,0x83,0x82,0xAC,0xE3,0x82,0xA6,0xE3,0x82,0xB7,0x66,0x05,
    0x82,0x82,0xB9,0xE3,0x83,0x97,0xE3,0x83,0xA9,0xD7,0x00,0x08,
    0x3A,0x00,0x98,0x70,0x75,0x22,0x3A,0x20,0x22,0x47,0x50,0x55,
    0x15,0x00,0x42,0x72,0x61,0x70,0x68,0x47,0x00,0x11,0xB0,0x35,
    0x00,0x1A,0x95,0x1D,0x00,0x13,0x76,0xD8,0x04,0x6E,0xE9,0x87,
    0x8D,0xE5,0x8A,0x9B,0x1C,0x00,0x23,0x46,0x61,0x9D,0x06,0x03,
    0x22,0x00,0x69,0xE4,0xBF,0x82,0xE6,0x95,0xB0,0x28,0x00,0x42,
    0x6F,0x75,0x6E,0x64,0x93,0x03,0x58,0xE6,0x8E,0xA5,0xE5,0x9C,
    0x1D,0x00,0x91,0x68,0x61,0x6C,0x66,0x48,0x65,0x69,0x67,0x68,
    0xCA,0x00,0xE8,0xE5,0x8D,0x8A,0xE5,0x88,0x86,0xE3,0x81,0xAE,
    0xE9,0xAB,0x98,0xE3,0x81,0x89,0x00,0x06,0x28,0x00,0xA2,0x4F,
    0x66,0x43,0x79,0x6C,0x69,0x6E,0x64,0x65,0x72,0xB5,0x00,0x13,
    0xB7,0x2A,0x03,0x8F,0x83,0x80,0xE3,0x83,0xBC,0xE3,0x81,0xAE,
    0x44,0x00,0x09,0x45,0x6E,0x64,0x6C,0x65,0x24,0x02,0x31,0xE3,
    0x83,0x8F,0xAA,0x01,0x4A,0x89,0xE3,0x83,0xAB,0x44,0x04,0x15,
    0x68,0x91,0x00,0x0E,0x88,0x00,0xD1,0x6F,0x72,0x69,0x7A,0x6F,
    0x6E,0x74,0x61,0x6C,0x41,0x6C,0x69,0x67,0xD0,0x05,0xF8,0x05,
    0xE6,0xB0,0xB4,0xE5,0xB9,0xB3,0xE6,0x96,0xB9,0xE5,0x90,0x91,
    0xE3,0x81,0xAE,0xE6,0x95,0xB4,0xE5,0x88,0xCF,0x02,0x66,0x68,
    0x6F,0x76,0x65,0x72,0x65,0x44,0x03,0x31,0xE3,0x83,0x9B,0xC6,
    0x02,0x7A,0xBC,0xE6,0x99,0x82,0xE3,0x81,0xAE,0x7B,0x00,0x26,
    0x69,0x62,0xC5,0x02,0x01,0xAF,0x03,0x0E,0x8F,0x04,0x39,0x69,
    0x62,0x6C,0x5C,0x07,0x3D,0x49,0x42,0x4C,0x4D,0x07,0x97,0x69,
    0x6E,0x6E,0x65,0x72,0x43,0x6F,0x6E,0x65,0x69,0x02,0x91,0xE5,
    0x86,0x85,0xE5,0x81,0xB4,0xE3,0x82,0xB3,0x4A,0x03,0x12,0xB3,
    0xD2,0x06,0x07,0xA8,0x01,0x72,0x69,0x6E,0x70,0x75,0x74,0x4D,
    0x6F,0x46,0x08,0xB8,0xE5,0x85,0xA5,0xE5,0x8A,0x9B,0xE7,0xA7,
    0xBB,0xE5,0x8B,0x87,0x01,0x18,0x69,0xD5,0x07,0x0F,0x76,0x00,
    0x00,0x92,0x74,0x65,0x72,0x61,0x63,0x74,0x61,0x62,0x6C,0x97,
    0x04,0xB8,0x93,0x8D,0xE4,0xBD,0x9C,0xE5,0x8F,0xAF,0xE8,0x83,
    0xBD,0x69,0x00,0x54,0x73,0x53,0x65,0x6E,0x73,0x53,0x08,0x11,
    0xBB,0xE7,0x04,0x1A,0xB5,0x44,0x08,0xB2,0x6A,0x75,0x6D,0x70,
    0x52,0x65,0x71,0x75,0x65,0x73,0x74,0x39,0x02,0x61,0xE3,0x82,
    0xB8,0xE3,0x83,0xA3,0xB0,0x01,0x77,0x97,0xE8,0xA6,0x81,0xE6,
    0xB1,0x82,0x51,0x00,0x7E,0x6A,0x75,0x6D,0x70,0x53,0x70,0x65,
    0x2A,0x00,0x0D,0x89,0x07,0x31,0x6B,0x69,0x6E,0xE5,0x04,0x67,
    0xE7,0xA8,0xAE,0xE5,0x88,0xA5,0x43,0x00,0x71,0x6C,0x69,0x66,
    0x65,0x74,0x69,0x6D,0xB7,0x00,0x58,0xE5,0xAF,0xBF,0xE5,0x91,
    0xB1,0x00,0x04,0x1D,0x00,0x44,0x56,0x61,0x72,0x69,0x95,0x07,
    0x02,0x25,0x00,0x91,0xE3,0x81,0xAE,0xE3,0x81,0xB0,0xE3,0x82,
    0x89,0x6B,0x04,0x19,0x8D,0x51,0x00,0x29,0x6E,0x65,0x42,0x08,
    0x6D,0xE7,0x9B,0xB4,0xE7,0xB7,0x9A,0x42,0x08,0x02,0x28,0x00,
    0x08,0x41,0x08,0x02,0x29,0x00,0x0D,0xBB,0x00,0x43,0x6C,0x6F,
    0x63,0x6B,0xE2,0x00,0x22,0x83,0xAD,0x04,0x05,0x08,0x6F,0x00,
    0x31,0x6F,0x6F,0x70,0x10,0x03,0x21,0x83,0xAB,0xDF,0x01,0x17,
    0x97,0x1C,0x00,0x54,0x6D,0x61,0x72,0x67,0x69,0xFC,0x08,0x21,
    0x83,0x9E,0x77,0x08,0x4C,0xB8,0xE3,0x83,0xB3,0x99,0x04,0x14,
    0x6D,0x7E,0x06,0x0F,0x72,0x06,0x00,0x31,0x6D,0x61,0x73,0xAE,
    0x04,0x58,0xE8,0xB3,0xAA,0xE9,0x87,0x63,0x09,0x82,0x6D,0x61,
    0x74,0x65,0x72,0x69,0x61,0x6C,0x7D,0x00,0x43,0x9E,0xE3,0x83,
    0x86,0x49,0x07,0x29,0x83,0xAB,0x83,0x00,0x02,0x26,0x00,0x15,
    0x47,0x6D,0x04,0x0A,0x2B,0x00,0x0F,0x7C,0x04,0x01,0x04,0x34,
    0x00,0x72,0x4F,0x76,0x65,0x72,0x72,0x69,0x64,0x2E,0x05,0x0B,
    0x63,0x00,0x01,0x83,0x08,0x12,0xBC,0x4F,0x03,0x6A,0xE3,0x83,
    0xA9,0xE3,0x82,0xA4,0x91,0x07,0x42,0x6D,0x61,0x78,0x41,0xCC,
    0x09,0x08,0x62,0x01,0x02,0x52,0x0A,0x0F,0xA9,0x09,0x01,0x7F,
    0x6D,0x61,0x78,0x4C,0x69,0x6E,0x65,0x2F,0x00,0x01,0x02,0xC0,
    0x01,0x0D,0x97,0x01,0xA2,0x6D,0x61,0x78,0x50,0x61,0x72,0x74,
    0x69,0x63,0x6C,0xA1,0x00,0x02,0x5C,0x00,0x31,0xE3,0x83,0x91,
    0x98,0x00,0x01,0x85,0x0B,0x5A,0x82,0xAF,0xE3,0x83,0xAB,0x14,
    0x05,0xC8,0x6D,0x61,0x78,0x53,0x6C,0x6F,0x70,0x65,0x41,0x6E,
    0x67,0x6C,0xA4,0x03,0x02,0x3E,0x00,0x6D,0xE5,0x82,0xBE,0xE6,
    0x96,0x9C,0xA1,0x03,0x35,0x6D,0x61,0x78,0x8B,0x06,0x03,0x29,
    0x00,0x09,0x45,0x08,0x32,0x6D,0x65,0x73,0xC9,0x05,0x21,0x83,
    0xA1,0x20,0x02,0x38,0xB7,0xE3,0x83,0xE3,0x02,0x39,0x6D,0x69,
    0x6E,0x3F,0x00,0x2A,0xB0,0x8F,0xCB,0x06,0x14,0x6D,0xE2,0x08,
    0x0F,0x08,0x07,0x00,0xA3,0x6D,0x6F,0x74,0x69,0x6F,0x6E,0x51,
    0x75,0x61,0x6C,0x0E,0x06,0x03,0x2D,0x07,0x04,0xBF,0x0A,0x68,
    0xE5,0x93,0x81,0xE8,0xB3,0xAA,0xF1,0x01,0x01,0x31,0x00,0x42,
    0x54,0x79,0x70,0x65,0x19,0x02,0x01,0x53,0x00,0x04,0x2E,0x00,
    0x31,0xE3,0x82,0xBF,0xAA,0x01,0x08,0xA5,0x02,0x23,0x6E,0x61,
    0x7D,0x03,0x48,0x90,0x8D,0xE5,0x89,0x49,0x03,0x56,0x6E,0x6F,
    0x72,0x6D,0x61,0x15,0x05,0x6A,0xE9,0x80,0x9A,0xE5,0xB8,0xB8,
    0x35,0x05,0x94,0x6F,0x62,0x6A,0x65,0x63,0x74,0x4C,0x61,0x79,
    0x14,0x06,0x41,0xAA,0xE3,0x83,0x96,0xA1,0x0A,0x11,0xA7,0x0B,
    0x0D,0x41,0x88,0xE3,0x83,0xAC,0x71,0x00,0x1A,0xA4,0x66,0x04,
    0x36,0x6F,0x66,0x66,0x0E,0x06,0x5B,0x82,0xAA,0xE3,0x83,0x95,
    0x58,0x00,0x1A,0x6E,0x1F,0x00,0x1B,0xB3,0x1F,0x00,0xB6,0x72,
    0x74,0x68,0x6F,0x67,0x72,0x61,0x70,0x68,0x69,0x63,0xC4,0x06,
    0x9F,0xE6,0xAD,0xA3,0xE5,0xB0,0x84,0xE5,0xBD,0xB1,0xC7,0x06,
    0x01,0x3E,0x6F,0x75,0x74,0x98,0x05,0x2F,0xA4,0x96,0x98,0x05,
    0x0A,0x13,0x6F,0x00,0x03,0x19,0x4D,0x83,0x03,0x9A,0xE3,0x82,
    0x92,0xE4,0xB8,0x8A,0xE6,0x9B,0xB8,0x77,0x04,0x92,0x70,0x61,
    0x64,0x64,0x69,0x6E,0x67,0x50,0x78,0x77,0x01,0x41,0x91,0xE3,
    0x83,0x87,0xE1,0x08,0x4C,0xB3,0xE3,0x82,0xB0,0xF0,0x03,0xD5,
    0x70,0x61,0x72,0x61,0x6C,0x6C,0x61,0x78,0x43,0x6F,0x72,0x72,
    0x65,0x70,0x08,0xC7,0xE8,0xA6,0x96,0xE5,0xB7,0xAE,0xE8,0xA3,
    0x9C,0xE6,0xAD,0xA3,0xD1,0x01,0x52,0x70,0x69,0x76,0x6F,0x74,
    0x55,0x00,0x13,0x94,0x3B,0x0C,0x09,0x5C,0x08,0xC3,0x70,0x69,
    0x78,0x65,0x6C,0x73,0x50,0x65,0x72,0x55,0x6E,0x69,0x28,0x00,
    0x11,0xA6,0xE7,0x0C,0x01,0x5B,0x09,0xF1,0x02,0x81,0x82,0xE3,
    0x81,0x9F,0xE3,0x82,0x8A,0xE3,0x81,0xAE,0xE3,0x83,0x94,0xE3,
    0x82,0xAF,0xF8,0x05,0x08,0x22,0x04,0xA1,0x70,0x6C,0x61,0x79,
    0x4F,0x6E,0x53,0x74,0x61,0x72,0x3E,0x00,0x61,0xE9,0x96,0x8B,
    0xE5,0xA7,0x8B,0x22,0x07,0x78,0xAB,0xE5,0x86,0x8D,0xE7,0x94,
    0x9F,0x8C,0x00,0x33,0x6C,0x61,0x79,0xC3,0x0E,0x02,0x1C,0x00,
    0x38,0xE4,0xB8,0xAD,0x1F,0x00,0x03,0xEE,0x0D,0x42,0x22,0x3A,
    0x20,0x22,0xE0,0x0D,0x08,0x1D,0x00,0x47,0x72,0x65,0x73,0x73,
    0x8E,0x07,0x52,0xE6,0x8A,0xBC,0xE4,0xB8,0x69,0x00,0x1A,0xAE,
    0xDF,0x01,0x52,0x70,0x72,0x69,0x6D,0x61,0xF9,0x0C,0x03,0x50,
    0x09,0x21,0x82,0xA4,0x7F,0x04,0x19,0xAA,0x4F,0x00,0x33,0x69,
    0x6F,0x72,0x14,0x03,0x6A,0xE5,0x84,0xAA,0xE5,0x85,0x88,0xCA,
    0x09,0x46,0x70,0x72,0x6F,0x6A,0x5C,0x01,0x69,0xE6,0x8A,0x95,
    0xE5,0xBD,0xB1,0x3F,0x00,0x62,0x6F,0x70,0x65,0x72,0x74,0x69,
    0x3C,0x04,0x01,0x67,0x00,0x11,0xAD,0xB6,0x01,0x38,0x86,0xE3,
    0x82,0x7E,0x01,0x51,0x72,0x61,0x64,0x69,0x75,0x81,0x05,0x02,
    0xD8,0x0D,0x07,0x43,0x00,0x41,0x72,0x61,0x6E,0x67,0x65,0x03,
    0x58,0xE7,0xAF,0x84,0xE5,0x9B,0x0B,0x0D,0xF6,0x00,0x72,0x65,
    0x66,0x65,0x72,0x65,0x6E,0x63,0x65,0x52,0x65,0x73,0x6F,0x6C,
    0x75,0x01,0x0F,0xFC,0x00,0xE5,0x9F,0xBA,0xE6,0xBA,0x96,0xE8,
    0xA7,0xA3,0xE5,0x83,0x8F,0xE5,0xBA,0xA6,0x18,0x02,0x56,0x72,
    0x65,0x6E,0x64,0x65,0xF1,0x0C,0x03,0x7B,0x0E,0x01,0x5F,0x09,
    0x0F,0x1B,0x04,0x00,0x02,0x2E,0x00,0x41,0x65,0x72,0x4B,0x65,
    0x24,0x0E,0x01,0x85,0x0C,0x02,0x8E,0x09,0x11,0xA9,0x6A,0x06,
    0x1A,0xAD,0x74,0x03,0x61,0x72,0x65,0x73,0x74,0x69,0x74,0x8D,
    0x00,0x01,0x1E,0x0E,0x5D,0x8F,0x8D,0xE7,0x99,0xBA,0x34,0x0A,
    0x35,0x72,0x6F,0x74,0x30,0x0F,0x58,0xE5,0x9B,0x9E,0xE8,0xBB,
    0xF3,0x0E,0x04,0x1D,0x00,0x07,0x45,0x0B,0x02,0x24,0x00,0x02,
    0x32,0x05,0x58,0x20,0x28,0xE5,0xBA,0xA6,0xCE,0x0F,0x41,0x73,
    0x63,0x61,0x6C,0x22,0x01,0x9A,0xE3,0x82,0xB9,0xE3,0x82,0xB1,
    0xE3,0x83,0xBC,0x7B,0x02,0x01,0x20,0x00,0x05,0x12,0x0C,0x07,
    0x24,0x00,0x03,0xB7,0x04,0x09,0x52,0x06,0x91,0x73,0x63,0x72,
    0x69,0x70,0x74,0x55,0x72,0x69,0x0C,0x03,0x21,0x82,0xB9,0x61,
    0x04,0xB7,0xAA,0xE3,0x83,0x97,0xE3,0x83,0x88,0x20,0x55,0x52,
    0x49,0x9A,0x01,0x46,0x73,0x65,0x6C,0x65,0x0D,0x09,0x6D,0xE9,
    0x81,0xB8,0xE6,0x8A,0x9E,0x0D,0x09,0x32,0x73,0x68,0x61,0x24,
    0x05,0x68,0xE5,0xBD,0xA2,0xE7,0x8A,0xB6,0x3F,0x00,0x83,0x69,
    0x7A,0x65,0x44,0x65,0x6C,0x74,0x61,0xCD,0x03,0x04,0xA4,0x0F,
    0x31,0xE3,0x83,0x87,0x29,0x0F,0x1C,0xBF,0x23,0x0F,0x62,0x73,
    0x6B,0x65,0x6C,0x65,0x74,0x58,0x01,0x04,0xEB,0x00,0x11,0xAB,
    0xFE,0x04,0x18,0xB3,0x57,0x00,0x43,0x6B,0x79,0x62,0x6F,0x52,
    0x00,0x41,0xB9,0xE3,0x82,0xAB,0x19,0x05,0x01,0xD0,0x03,0x01,
    0x0B,0x10,0x08,0x2A,0x00,0x13,0x6C,0xF2,0x03,0x21,0x82,0xB9,
    0x97,0x02,0x0B,0xF2,0x03,0x65,0x73,0x6F,0x72,0x74,0x4F,0x72,
    0x88,0x0B,0x11,0xBD,0x58,0x01,0x48,0x88,0xE9,0xA0,0x86,0x43,
    0x00,0x35,0x70,0x61,0x63,0x8F,0x04,0x6D,0xE9,0x96,0x93,0xE9,
    0x9A,0x94,0xB6,0x00,0x42,0x70,0x61,0x77,0x6E,0xC0,0x10,0x04,
    0x53,0x01,0x21,0x83,0x9D,0x4C,0x00,0x1D,0xB3,0xEC,0x02,0x14,
    0x73,0xE5,0x09,0x0D,0x87,0x07,0x46,0x73,0x74,0x61,0x72,0xA9,
    0x12,0x02,0x3E,0x04,0x0A,0xCF,0x03,0x01,0x22,0x00,0x04,0xA9,
    0x0E,0x02,0x21,0x00,0x05,0xA3,0x0D,0x08,0xB2,0x00,0x48,0x74,
    0x61,0x72,0x74,0x2D,0x08,0x3F,0xE5,0x88,0x9D,0x6E,0x00,0x00,
    0x26,0x65,0x70,0xF2,0x05,0x01,0x47,0x13,0x11,0x86,0x20,0x01,
    0x1F,0x97,0xF5,0x05,0x01,0xB8,0x73,0x74,0x65,0x72,0x65,0x6F,
    0x47,0x72,0x61,0x70,0x68,0x66,0x02,0x85,0x83,0x86,0xE3,0x83,
    0xAC,0xE3,0x82,0xAA,0xFC,0x08,0x0F,0x6F,0x02,0x01,0x61,0x74,
    0x61,0x72,0x67,0x65,0x74,0x3C,0x00,0x22,0x69,0x63,0x20,0x01,
    0x11,0xBF,0x57,0x03,0x11,0xB2,0x70,0x00,0x16,0x88,0x3D,0x00,
    0x21,0x82,0xA3,0xF5,0x07,0x08,0x27,0x10,0x31,0x74,0x65,0x78,
    0x4D,0x05,0x01,0x4F,0x04,0x11,0xAD,0xA7,0x00,0x08,0x1C,0x10,
    0x62,0x74,0x65,0x78,0x74,0x75,0x72,0x1A,0x03,0x21,0x83,0x86,
    0x95,0x05,0x68,0xB9,0xE3,0x83,0x81,0xE3,0x83,0x7A,0x04,0x03,
    0x25,0x00,0x04,0xF1,0x02,0x0A,0x28,0x00,0x0B,0xF1,0x02,0x04,
    0x41,0x0B,0x67,0xE6,0x99,0x82,0xE9,0x96,0x93,0x55,0x01,0x31,
    0x74,0x69,0x6E,0x89,0x00,0x98,0xE8,0x89,0xB2,0xE5,0x90,0x88,
    0xE3,0x81,0x84,0x1C,0x00,0x29,0x72,0x61,0xD9,0x11,0x11,0x88,
    0x39,0x04,0x01,0x8E,0x02,0x0C,0x1D,0x0D,0xC3,0x74,0x72,0x61,
    0x63,0x6B,0x69,0x6E,0x67,0x4F,0x72,0x69,0x67,0xFE,0x13,0x06,
    0x2F,0x00,0x12,0xAD,0xE5,0x06,0x49,0xE5,0x8E,0x9F,0xE7,0xC6,
    0x02,0x53,0x74,0x77,0x6F,0x53,0x69,0x7F,0x0E,0x58,0xE4,0xB8,
    0xA1,0xE9,0x9D,0x4B,0x04,0x22,0x74,0x79,0x7D,0x03,0x67,0xE7,
    0xA8,0xAE,0xE9,0xA1,0x9E,0x96,0x00,0xC7,0x75,0x75,0x69,0x64,
    0x22,0x3A,0x20,0x22,0x55,0x55,0x49,0x44,0x17,0x00,0x14,0x76,
    0xC5,0x11,0x0A,0x3B,0x09,0x17,0x76,0x00,0x14,0x0D,0x2D,0x02,
    0x04,0x1D,0x00,0x08,0x3E,0x0C,0x02,0x25,0x00,0x0F,0x3E,0x0C,
    0x07,0x67,0x76,0x65,0x72,0x74,0x69,0x63,0x65,0x0E,0x6F,0xE5,
    0x9E,0x82,0xE7,0x9B,0xB4,0x65,0x0E,0x07,0x43,0x76,0x69,0x73,
    0x69,0x76,0x0D,0x58,0xE8,0xA1,0xA8,0xE7,0xA4,0xCA,0x13,0x51,
    0x77,0x69,0x64,0x74,0x68,0x6D,0x05,0x27,0xB9,0x85,0xCC,0x00,
    0x93,0x77,0x6F,0x72,0x6C,0x64,0x53,0x70,0x61,0x63,0x02,0x02,
    0x11,0xAF,0x75,0x03,0x7A,0xAB,0xE3,0x83,0x89,0xE7,0xA9,0xBA,
    0xC0,0x01,0x31,0x7A,0x46,0x61,0x6E,0x0F,0x57,0x5A,0x20,0xE9,
    0x81,0xA0,0x43,0x00,0x34,0x7A,0x4E,0x65,0x19,0x00,0x42,0xE8,
    0xBF,0x91,0x22,0x6A,0x16,0x22,0x7D,0x2C,0x08,0x00,0x81,0x22,
    0x70,0x72,0x65,0x76,0x69,0x65,0x77,0xB6,0x02,0x21,0x83,0x97,
    0x19,0x06,0x47,0x93,0xE3,0x83,0xA5,0x10,0x06,0x71,0x22,0x75,
    0x6E,0x73,0x61,0x76,0x65,0x6A,0x01,0x94,0xE6,0x9C,0xAA,0xE4,
    0xBF,0x9D,0xE5,0xAD,0x98,0x60,0x00,0x61,0x22,0x72,0x65,0x6C,
    0x6F,0x61,0x1C,0x00,0x65,0xE5,0x86,0x8D,0xE8,0xAA,0xAD,0x7C,
    0x14,0x05,0x22,0x00,0x01,0x9A,0x13,0x01,0x60,0x00,0x04,0x96,
    0x13,0x05,0x1B,0x00,0xA1,0x64,0x69,0x61,0x67,0x6E,0x6F,0x73,
    0x74,0x69,0x63,0x37,0x07,0x55,0xE8,0xA8,0xBA,0xE6,0x96,0x25,
    0x08,0x42,0x22,0x6E,0x6F,0x6E,0x7C,0x0B,0xC5,0x22,0x3A,0x20,
    0x22,0x3C,0xE3,0x81,0xAA,0xE3,0x81,0x97,0x3E,0x3C,0x00,0x02,
    0xB9,0x05,0x06,0x20,0x00,0x02,0xBB,0x05,0x06,0x20,0x00,0xE2,
    0x6E,0x6F,0x6E,0x65,0x50,0x61,0x72,0x65,0x6E,0x22,0x3A,0x20,
    0x22,0x28,0x3E,0x00,0x05,0x71,0x06,0xB2,0x22,0x61,0x64,0x64,
    0x43,0x6F,0x6D,0x70,0x6F,0x6E,0x65,0xF5,0x02,0x01,0x72,0x0F,
    0x14,0xB3,0xD5,0x04,0x11,0x8D,0x0C,0x00,0x95,0x88,0xE3,0x82,
    0x92,0xE8,0xBF,0xBD,0xE5,0x8A,0x4E,0x01,0x45,0x22,0x61,0x6C,
    0x6C,0x37,0x00,0x53,0x73,0x50,0x72,0x65,0x73,0x3F,0x00,0x02,
    0x27,0x00,0x02,0x38,0x06,0x3F,0xE3,0x81,0xAA,0x4E,0x00,0x03,
    0xF5,0x0D,0x81,0xAF,0xE3,0x81,0x99,0xE3,0x81,0xB9,0xE3,0x81,
    0xA6,0xE5,0xAD,0x98,0xE5,0x9C,0xA8,0xE3,0x81,0x97,0xE3,0x81,
    0xBE,0xE3,0x81,0x99,0xE3,0x80,0x2A,0x0F,0xF5,0x13,0x22,0x66,
    0x69,0x74,0x54,0x6F,0x4D,0x65,0x73,0x68,0x42,0x6F,0x75,0x6E,
    0x64,0x73,0x53,0x75,0x66,0x66,0x69,0x78,0x22,0x3A,0x20,0x22,
    0x20,0x28,0xE5,0x88,0xA9,0xE7,0x94,0xA8,0x66,0x00,0x31,0xE5,
    0xA0,0xB4,0xA9,0x03,0x11,0xAF,0xE1,0x15,0x03,0x4C,0x0C,0x32,
    0xE3,0x81,0xAE,0x5C,0x16,0xF6,0x00,0xE3,0x81,0xAB,0xE5,0x90,
    0x88,0xE3,0x82,0x8F,0xE3,0x81,0x9B,0xE3,0x82,0x8B,0xFB,0x00,
    0xF2,0x15,0x78,0x72,0x56,0x69,0x65,0x77,0x52,0x65,0x71,0x75,
    0x69,0x72,0x65,0x73,0x43,0x61,0x6D,0x65,0x72,0x61,0x22,0x3A,
    0x20,0x22,0x58,0x52,0x20,0x56,0x69,0x65,0x77,0x20,0xE3,0x81,
    0xAF,0x20,0x16,0x00,0x1F,0x20,0xC8,0x00,0x03,0x84,0x82,0x92,
    0xE6,0x8C,0x81,0xE3,0x81,0xA4,0x61,0x18,0x01,0x40,0x0D,0x02,
    0xCB,0x18,0x21,0x81,0xAB,0x2F,0x03,0x12,0xBF,0x10,0x01,0x6E,
    0xE3,0x81,0xA7,0xE3,0x81,0x8D,0xE3,0x00,0xF4,0x00,0x73,0x65,
    0x72,0x76,0x69,0x63,0x65,0x73,0x55,0x6E,0x61,0x76,0x61,0x69,
    0x6C,0x8A,0x10,0x02,0x61,0x10,0x31,0xE3,0x83,0x93,0xF4,0x06,
    0x12,0x92,0xEE,0x00,0x07,0x44,0x00,0x48,0x9B,0xE3,0x82,0x93,
    0x2A,0x01,0x02,0x1C,0x03,0x02,0x4C,0x00,0x0B,0x4B,0x00,0x6F,
    0x57,0x6F,0x72,0x6C,0x64,0x20,0x51,0x00,0x1D,0x5F,0x61,0x73,
    0x73,0x65,0x74,0x51,0x00,0x03,0x5F,0x41,0x73,0x73,0x65,0x74,
    0x51,0x00,0x1E,0x91,0x65,0x6E,0x74,0x69,0x74,0x79,0x47,0x6F,
    0x6E,0xBE,0x03,0x02,0xA2,0x02,0x6F,0xE4,0xB8,0xAD,0xE3,0x81,
    0xAE,0x3C,0x01,0x01,0x17,0xAF,0x16,0x02,0x41,0xAA,0xE3,0x81,
    0x8F,0x49,0x02,0x11,0x8A,0x3F,0x01,0x48,0x97,0xE3,0x81,0x9F,
    0xFB,0x00,0x14,0x63,0xBC,0x02,0x23,0x41,0x64,0x36,0x05,0x0F,
    0xAB,0x01,0x05,0x04,0x8A,0x01,0x02,0x6A,0x02,0x85,0x97,0xE3,
    0x81,0x9F,0x3A,0x20,0x7B,0x7D,0x46,0x03,0x05,0x49,0x00,0x43,
    0x52,0x65,0x6D,0x6F,0xE5,0x03,0x0F,0x4B,0x00,0x05,0x61,0xE5,
    0x89,0x8A,0xE9,0x99,0xA4,0x45,0x00,0x11,0xBE,0x06,0x00,0x0F,
    0x4B,0x00,0x04,0x62,0x4D,0x6F,0x76,0x65,0x64,0x55,0xEA,0x10,
    0x21,0x82,0xB3,0x4B,0x03,0x02,0x2C,0x08,0x06,0x57,0x03,0x62,
    0xE4,0xB8,0x8A,0xE3,0x81,0xAB,0xBA,0x12,0x01,0x4B,0x00,0x0F,
    0x51,0x00,0x0F,0x31,0x44,0x6F,0x77,0xCB,0x03,0x0F,0x9E,0x00,
    0x05,0x3F,0xE4,0xB8,0x8B,0x53,0x00,0x18,0x09,0x98,0x1B,0x54,
    0x67,0x65,0x6E,0x65,0x72,0xBA,0x07,0x0F,0xB1,0x00,0x00,0x04,
    0x2E,0x01,0x02,0xDE,0x06,0x61,0x6E,0x73,0x66,0x6F,0x72,0x6D,
    0xD1,0x04,0x03,0xD9,0x06,0x02,0xCE,0x15,0x05,0x00,0x17,0x05,
    0x2F,0x04,0x01,0x1F,0x05,0x38,0x63,0x74,0x54,0x34,0x00,0x56,
    0x52,0x65,0x63,0x74,0x20,0x12,0x00,0x03,0x87,0x05,0x45,0x20,
    0x20,0x22,0x6C,0x1A,0x0F,0x0F,0x08,0x0F,0x03,0x61,0x63,0x61,
    0x6E,0x76,0x61,0x73,0x77,0x00,0x24,0x82,0xAD,0x67,0x13,0x29,
    0x90,0xE3,0x47,0x07,0x61,0x75,0x69,0x50,0x61,0x6E,0x65,0xE7,
    0x11,0x31,0x55,0x49,0x20,0xA4,0x0C,0x1A,0x8D,0xE4,0x11,0x52,
    0x75,0x69,0x49,0x6D,0x61,0x8B,0x0C,0x31,0x55,0x49,0x20,0x57,
    0x0A,0x02,0xE3,0x1A,0x17,0xB8,0x8B,0x00,0x33,0x75,0x69,0x54,
    0x95,0x08,0x01,0x46,0x00,0x0F,0x98,0x08,0x02,0x53,0x75,0x69,
    0x42,0x75,0x74,0xC8,0x0A,0x01,0x26,0x00,0x11,0x9C,0xF5,0x08,
    0x08,0xC5,0x0A,0x53,0x75,0x69,0x54,0x6F,0x67,0x9F,0x05,0x01,
    0x23,0x00,0x02,0x09,0x09,0x08,0x51,0x0E,0x53,0x75,0x69,0x53,
    0x6C,0x69,0x9E,0x0A,0x01,0x90,0x00,0x14,0xB9,0x21,0x12,0x17,
    0x80,0x82,0x06,0x02,0xDA,0x00,0x82,0x72,0x6F,0x67,0x72,0x65,
    0x73,0x73,0x42,0x4D,0x06,0x01,0x51,0x00,0x41,0x97,0xE3,0x83,
    0xAD,0x5D,0x09,0x11,0xAC,0x3A,0x00,0x1C,0x90,0x34,0x00,0x51,
    0x4C,0x61,0x79,0x6F,0x75,0xD5,0x08,0x01,0x2F,0x00,0xAA,0xAC,
    0xE3,0x82,0xA4,0xE3,0x82,0xA2,0xE3,0x82,0xA6,0xD5,0x01,0x47,
    0x73,0x74,0x61,0x74,0xD9,0x0A,0x11,0x86,0xBC,0x09,0x1A,0xBF,
    0x5B,0x01,0x81,0x68,0x69,0x65,0x72,0x61,0x72,0x63,0x68,0x40,
    0x0D,0x58,0xE9,0x9A,0x8E,0xE5,0xB1,0x1B,0x1A,0x0F,0xD6,0x11,
    0x0C,0x52,0x61,0x6E,0x69,0x6D,0x61,0x1E,0x1E,0x02,0xA0,0x1D,
    0x05,0x5A,0x1C,0x1A,0xBF,0xB3,0x00,0x0D,0x37,0x18,0x13,0x47,
    0x11,0x00,0x67,0x20,0x53,0x70,0x6C,0x61,0x74,0xA4,0x01,0x15,
    0x63,0xB8,0x05,0x01,0x7F,0x16,0x47,0xA1,0xE3,0x83,0xA9,0x1E,
    0x00,0x02,0xE4,0x05,0x07,0xD6,0x05,0x07,0x1C,0x00,0x07,0xE6,
    0x19,0x06,0xE3,0x19,0x07,0x20,0x00,0x42,0x72,0x65,0x66,0x6C,
    0x0E,0x0F,0x41,0x50,0x72,0x6F,0x62,0xBA,0x04,0x01,0x3D,0x0D,
    0x11,0x95,0x41,0x01,0x11,0xAF,0x67,0x06,0x11,0xA7,0xD6,0x03,
    0x01,0x7F,0x01,0x2A,0x83,0xBC,0xC1,0x1E,0x14,0x6C,0x28,0x18,
    0x04,0xCA,0x01,0x08,0xCE,0x0A,0x13,0x70,0x86,0x13,0x53,0x45,
    0x6D,0x69,0x74,0x74,0x09,0x12,0x0D,0x86,0x13,0x01,0x1C,0x05,
    0x11,0x9F,0xD2,0x06,0x0B,0x1F,0x01,0x81,0x72,0x69,0x67,0x69,
    0x64,0x42,0x6F,0x64,0x85,0x01,0x01,0xC3,0x14,0x41,0xB8,0xE3,
    0x83,0x83,0x1E,0x18,0x12,0x9C,0x45,0x11,0x07,0xC8,0x00,0x44,
    0x62,0x6F,0x78,0x53,0xB8,0x0D,0x01,0x20,0x00,0x01,0xAF,0x0A,
    0x21,0x82,0xB9,0x84,0x19,0x11,0xA7,0xFB,0x02,0x08,0xDC,0x12,
    0x66,0x73,0x70,0x68,0x65,0x72,0x65,0x32,0x00,0x81,0x82,0xB9,
    0xE3,0x83,0x95,0xE3,0x82,0xA3,0x31,0x02,0x0F,0x32,0x00,0x02,
    0x68,0x63,0x61,0x70,0x73,0x75,0x6C,0x33,0x00,0x71,0xAB,0xE3,
    0x83,0x97,0xE3,0x82,0xBB,0xFA,0x0D,0x0F,0x33,0x00,0x02,0x02,
    0x99,0x0E,0x02,0xC5,0x03,0x09,0x96,0x0E,0x07,0xB8,0x00,0x61,
    0x70,0x72,0x65,0x66,0x61,0x62,0x24,0x00,0x03,0x91,0x09,0x1A,
    0x8F,0x62,0x01,0x04,0x74,0x15,0x02,0x23,0x00,0x09,0xA3,0x15,
    0x0C,0xDE,0x09,0x61,0x63,0x61,0x74,0x65,0x67,0x6F,0x20,0x11,
    0x12,0x7B,0xF1,0x09,0x53,0x20,0x20,0x22,0x63,0x6F,0x50,0x0C,
    0x27,0x82,0xB3,0x8D,0x09,0x01,0x65,0x03,0x58,0x22,0x3A,0x20,
    0x22,0x55,0x1F,0x0F,0x02,0x39,0x10,0x03,0xC8,0x11,0x01,0x1E,
    0x0A,0x02,0x37,0x10,0x11,0xAA,0xF6,0x04,0x17,0xB0,0xB7,0x00,
    0x02,0xE4,0x02,0x14,0x69,0xDA,0x0E,0x08,0xE5,0x02,0x0E,0x3F,
    0x1F,0x01,0x25,0x02,0x05,0x56,0x00,0x02,0xB5,0x11,0x02,0x47,
    0x08,0x0B,0x56,0x00,0x43,0x70,0x68,0x79,0x73,0x1E,0x0A,0x58,
    0xE7,0x89,0xA9,0xE7,0x90,0xB8,0x0E,0x0F,0x03,0x03,0x0B,0x02,
    0x6B,0x01,0x04,0x64,0x00,0x09,0x04,0x10,0x07,0x6A,0x00,0x02,
    0x15,0x01,0x07,0x0E,0x0B,0x01,0x0A,0x12,0x09,0x1E,0x06,0x32,
    0x74,0x69,0x74,0x63,0x0A,0x03,0xF1,0x02,0x21,0x82,0xB8,0x0D,
    0x02,0x1A,0xAF,0xDA,0x02,0x0A,0x1B,0x15,0x08,0x64,0x07,0x53,
    0x20,0x20,0x22,0x72,0x6F,0xA5,0x0F,0x03,0xF9,0x17,0x1B,0x88,
    0x20,0x00,0x01,0x79,0x08,0x14,0x52,0x25,0x00,0x21,0x82,0xA2,
    0x44,0x02,0x11,0x83,0x67,0x0D,0x11,0xAB,0xF1,0x0B,0x0C,0x31,
    0x00,0xB3,0x64,0x65,0x66,0x61,0x75,0x6C,0x74,0x53,0x63,0x65,
    0x6E,0xA1,0x03,0x11,0x87,0xAE,0x02,0x11,0xA9,0x31,0x00,0x11,
    0x88,0x73,0x01,0x4B,0xBC,0xE3,0x83,0xB3,0x68,0x00,0x35,0x6E,
    0x6F,0x50,0xE1,0x00,0x2E,0x22,0x28,0xD0,0x00,0x02,0x64,0x0B,
    0x1C,0x29,0x46,0x02,0x02,0xC7,0x08,0x0F,0x15,0x01,0x04,0x03,
    0x66,0x22,0x02,0x54,0x01,0x0B,0x12,0x13,0x08,0xA1,0x0D,0x01,
    0x8B,0x00,0x0B,0x6F,0x01,0x08,0x55,0x05,0x07,0xA0,0x02,0x43,
    0x68,0x69,0x6C,0x64,0xB9,0x0B,0x31,0xE5,0xAD,0x90,0x39,0x00,
    0x06,0x9D,0x06,0x73,0x70,0x61,0x72,0x65,0x6E,0x74,0x55,0xFB,
    0x0D,0x35,0xE8,0xA6,0xAA,0x5D,0x00,0x0C,0x24,0x00,0x01,0x1E,
    0x01,0x04,0x56,0x01,0x65,0xE8,0xA6,0xAA,0x3A,0x20,0x3C,0x19,
    0x01,0x01,0x28,0x01,0x5C,0xBC,0xE3,0x83,0x88,0x3E,0xED,0x00,
    0x17,0x74,0xAE,0x07,0x06,0x94,0x00,0x27,0x64,0x69,0x7E,0x15,
    0x6C,0xE6,0x96,0xB9,0xE5,0x90,0x91,0x39,0x00,0x0C,0xEB,0x07,
    0x06,0x3D,0x00,0x63,0x61,0x6E,0x63,0x68,0x6F,0x72,0xBC,0x07,
    0x01,0x64,0x23,0x2A,0x82,0xAB,0xF8,0x05,0x14,0x73,0xF0,0x21,
    0x04,0x40,0x12,0x09,0x59,0x03,0x01,0x74,0x23,0x03,0x4C,0x0F,
    0x07,0x40,0x00,0x0F,0x4A,0x23,0x04,0x0F,0x9E,0x23,0x11,0x0F,
    0x29,0x16,0x03,0x0B,0x9E,0x01,0x01,0xA5,0x03,0x09,0xF6,0x01,
    0x72,0x6B,0x69,0x6E,0x64,0x4C,0x61,0x62,0x62,0x08,0x0D,0x8F,
    0x0F,0x03,0xB8,0x1B,0x05,0xF8,0x00,0x08,0x37,0x01,0x04,0xAE,
    0x04,0x02,0xE9,0x16,0x08,0x48,0x06,0x19,0x8A,0xA1,0x08,0x53,
    0x20,0x20,0x22,0x70,0x6F,0x89,0x10,0x31,0xE3,0x83,0x9D,0xA6,
    0x05,0x19,0xB3,0x6A,0x03,0x53,0x20,0x20,0x22,0x73,0x70,0x4F,
    0x03,0x03,0x87,0x12,0x1C,0x83,0x21,0x00,0xC1,0x72,0x65,0x63,
    0x74,0x61,0x6E,0x67,0x6C,0x65,0x41,0x72,0x65,0xDC,0x0C,0x61,
    0xE7,0x9F,0xA9,0xE5,0xBD,0xA2,0x59,0x06,0x43,0xAA,0xE3,0x82,
    0xA2,0xBB,0x01,0x06,0xF9,0x03,0x01,0x16,0x05,0x03,0x41,0x25,
    0x0A,0x92,0x12,0x0F,0x4D,0x1D,0x0B,0x0F,0xD8,0x15,0x08,0x0F,
    0x0D,0x16,0x07,0x05,0xF8,0x1D,0x01,0xEF,0x0F,0x0F,0xF1,0x1D,
    0x0C,0x05,0x8D,0x18,0x01,0x2D,0x00,0x0F,0x86,0x18,0x0C,0x0F,
    0x45,0x10,0x04,0x0F,0x2B,0x1F,0x08,0x0F,0x08,0x24,0x16,0x0F,
    0xA2,0x11,0x00,0x0B,0x2F,0x02,0x05,0x74,0x08,0x05,0x01,0x02,
    0x02,0x37,0x12,0x05,0x0C,0x12,0x05,0x3A,0x02,0x01,0xD9,0x04,
    0x11,0xA9,0x91,0x07,0x0F,0x11,0x12,0x06,0x0C,0x46,0x12,0x05,
    0x55,0x00,0x02,0x66,0x1D,0x04,0x50,0x02,0x01,0x80,0x08,0x2C,
    0x82,0xAB,0x44,0x02,0x23,0x73,0x74,0xE5,0x0A,0x01,0x18,0x0A,
    0x02,0xD1,0x09,0x1F,0xB8,0xF6,0x01,0x01,0x07,0xF7,0x13,0x06,
    0x9F,0x00,0x0F,0xF8,0x13,0x01,0x07,0x91,0x03,0x07,0x34,0x00,
    0x08,0x1E,0x03,0x91,0x20,0x20,0x22,0x73,0x69,0x6E,0x67,0x6C,
    0x65,0x09,0x14,0x61,0x53,0x74,0x65,0x72,0x65,0x6F,0xA3,0x07,
    0x22,0x82,0xB7,0xD7,0x06,0x01,0x17,0x08,0x03,0xBF,0x21,0x04,
    0x98,0x00,0x4F,0xAC,0xE3,0x82,0xAA,0x98,0x00,0x01,0x0F,0x5F,
    0x23,0x23,0x34,0x72,0x75,0x6E,0xDF,0x13,0x01,0x61,0x01,0x11,
    0xB3,0xC7,0x0A,0x1A,0xA4,0x93,0x0C,0x51,0x6F,0x70,0x65,0x6E,
    0x78,0x2A,0x12,0x6B,0x4F,0x70,0x65,0x6E,0x58,0x52,0x60,0x05,
    0x51,0x6D,0x69,0x72,0x72,0x6F,0x1F,0x00,0x01,0x85,0x09,0x4B,
    0xA9,0xE3,0x83,0xBC,0x22,0x00,0x12,0x72,0xF4,0x1F,0x21,0x53,
    0x65,0xDF,0x24,0x02,0x65,0x0A,0x03,0xB2,0x06,0x06,0x3D,0x1C,
    0x1D,0x92,0x01,0x20,0x12,0x73,0x30,0x00,0x13,0x48,0xDE,0x03,
    0xB1,0xE6,0x9C,0x89,0xE5,0x8A,0xB9,0xE3,0x81,0xAA,0x58,0x52,
    0x39,0x09,0x71,0xA1,0xE3,0x83,0xA9,0xE3,0x81,0x8C,0x6F,0x09,
    0x12,0xAF,0x4A,0x06,0xFC,0x00,0xE3,0x83,0x96,0xE3,0x81,0xAB,
    0xE3,0x81,0xAA,0xE3,0x82,0x8B,0xE3,0x81,0xA8,0x64,0x00,0x23,
    0x81,0x8C,0x22,0x16,0x08,0x47,0x11,0x0B,0x95,0x02,0x07,0x04,
    0x0C,0x05,0x42,0x02,0x25,0x22,0x6C,0x17,0x0C,0x01,0x81,0x01,
    0x0F,0x14,0x0C,0x02,0x0F,0xA4,0x1B,0x0A,0x27,0x50,0x78,0x0F,
    0x02,0x0F,0xBA,0x1F,0x06,0x09,0x26,0x00,0x0F,0x65,0x17,0x01,
    0x09,0x21,0x00,0x0F,0x69,0x27,0x0B,0x09,0x2B,0x00,0x0F,0x69,
    0x05,0x00,0x06,0xF3,0x22,0x06,0xEE,0x22,0x06,0xA4,0x00,0x07,
    0xAD,0x14,0x01,0x47,0x04,0x59,0x9E,0x82,0xE7,0x9B,0xB4,0x1F,
    0x00,0x31,0x67,0x72,0x69,0xC5,0x13,0x01,0xA1,0x02,0x11,0xAA,
    0x53,0x05,0x16,0x89,0x98,0x02,0x0B,0x55,0x01,0x02,0xEB,0x09,
    0x01,0x25,0x02,0x06,0x55,0x01,0x46,0x6D,0x6F,0x64,0x65,0x43,
    0x03,0x0F,0x84,0x1A,0x00,0x0F,0xFA,0x18,0x13,0x15,0x67,0x7D,
    0x20,0x04,0x2B,0x03,0x06,0xA8,0x00,0x03,0x79,0x00,0x0F,0x64,
    0x0A,0x14,0x0F,0xAD,0x1C,0x38,0x0F,0xB9,0x21,0x09,0x0F,0xEF,
    0x18,0x07,0x04,0x8B,0x03,0x0D,0x6A,0x17,0x72,0x72,0x65,0x73,
    0x65,0x74,0x54,0x69,0x4C,0x1F,0x02,0x1E,0x00,0x31,0xE3,0x82,
    0x92,0x9B,0x06,0x11,0xBB,0x7B,0x01,0x08,0x33,0x0D,0x32,0x65,
    0x64,0x69,0x5B,0x18,0x02,0x4C,0x04,0x03,0x15,0x01,0x97,0xE3,
    0x82,0x92,0xE7,0xB7,0xA8,0xE9,0x9B,0x86,0x1E,0x01,0x01,0x69,
    0x15,0x13,0x53,0x66,0x01,0x13,0x4F,0x91,0x1E,0x02,0x36,0x00,
    0x02,0x53,0x1B,0x03,0x68,0x1A,0x01,0x7F,0x12,0x11,0xAA,0xFF,
    0x08,0x11,0x90,0x06,0x00,0x11,0xA9,0x24,0x04,0x41,0x89,0xE3,
    0x82,0x92,0x7B,0x03,0x01,0x22,0x07,0x12,0x2C,0xF4,0x01,0x07,
    0xDB,0x1E,0x04,0x5A,0x00,0x0F,0x52,0x00,0x01,0x2F,0x82,0x92,
    0x52,0x00,0x02,0x07,0x9D,0x00,0x53,0x66,0x72,0x6F,0x6D,0x4D,
    0x26,0x0F,0x11,0x28,0xEE,0x03,0x02,0x2E,0x04,0x75,0xA5,0xE3,
    0x81,0x8B,0xE3,0x82,0x89,0x9F,0x14,0x01,0xF8,0x15,0x76,0x53,
    0x6B,0x69,0x6E,0x6E,0x65,0x64,0x30,0x00,0x23,0x82,0xB9,0x2B,
    0x06,0x07,0x36,0x21,0x04,0xAD,0x0A,0x06,0xAA,0x00,0x12,0x6E,
    0xC0,0x19,0x02,0x69,0x09,0x02,0x9E,0x0E,0x07,0xAD,0x0B,0x31,
    0xE3,0x81,0xAB,0x7E,0x09,0x05,0x97,0x0C,0x02,0xA4,0x19,0x04,
    0x51,0x01,0x54,0x81,0x8C,0xE3,0x81,0x82,0x70,0x13,0x0B,0x6B,
    0x14,0x03,0xDF,0x02,0x0F,0xEE,0x05,0x02,0x42,0x43,0x6C,0x69,
    0x70,0x13,0x01,0x08,0xE7,0x05,0x01,0xAA,0x2A,0x0B,0x34,0x29,
    0x0F,0xDE,0x02,0x03,0x04,0x68,0x01,0x12,0x7D,0x09,0x00,0x05,
    0x8B,0x0C,0x02,0xC0,0x0C,0x08,0x73,0x00,0x23,0x22,0x6E,0x49,
    0x14,0x02,0xFA,0x00,0x51,0x20,0x28,0x4C,0x75,0x61,0xDB,0x01,
    0x02,0x6D,0x00,0x48,0x97,0xE3,0x83,0x88,0x0E,0x01,0x74,0x64,
    0x69,0x61,0x6C,0x6F,0x67,0x54,0xBE,0x0C,0x0E,0x2D,0x00,0x32,
    0xE3,0x82,0x92,0x93,0x14,0x07,0xA7,0x01,0x74,0x63,0x68,0x6F,
    0x6F,0x73,0x65,0x54,0xD3,0x00,0x02,0x5A,0x00,0xCD,0x83,0xE3,
    0x82,0xAF,0xE3,0x81,0x97,0xE3,0x81,0xA6,0x2E,0x6C,0x73,0x00,
    0x05,0x46,0x00,0xCF,0xE3,0x81,0x99,0xE3,0x82,0x8B,0xE3,0x81,
    0x8B,0xE3,0x80,0x81,0x6D,0x00,0x01,0x07,0xD6,0x0C,0x51,0x82,
    0x92,0xE3,0x81,0x93,0x03,0x00,0x11,0xAB,0xBD,0x0F,0x01,0x2B,
    0x25,0x21,0x83,0x97,0x64,0x00,0x0B,0x10,0x17,0x05,0xEA,0x17,
    0x03,0x94,0x00,0x0F,0x5A,0x00,0x01,0x03,0xC7,0x00,0x07,0x21,
    0x15,0xC1,0x20,0x20,0x22,0x64,0x72,0x6F,0x70,0x4E,0x6F,0x74,
    0x4C,0x75,0x01,0x0A,0x0A,0x67,0x00,0x41,0x95,0xE3,0x82,0x8C,
    0xEC,0x20,0x07,0x94,0x00,0x2F,0x81,0xAF,0x5B,0x00,0x00,0x5F,
    0x81,0xA7,0xE3,0x81,0xAF,0x18,0x02,0x0B,0x74,0x75,0x73,0x74,
    0x42,0x65,0x49,0x6E,0x68,0x0C,0x0B,0x91,0x01,0x01,0x9E,0x17,
    0x0E,0x8A,0x02,0x19,0xAE,0x7B,0x00,0x04,0x16,0x0E,0x31,0xE5,
    0x86,0x85,0xF0,0x06,0xAA,0x82,0xE3,0x82,0x8B,0xE5,0xBF,0x85,
    0xE8,0xA6,0x81,0x96,0x02,0x01,0x28,0x18,0x0B,0x27,0x02,0x99,
    0x61,0x73,0x73,0x65,0x74,0x54,0x79,0x70,0x65,0x2A,0x02,0x0F,
    0x90,0x12,0x0C,0x0F,0x8B,0x05,0x13,0x0F,0x6E,0x05,0x1A,0x0D,
    0xBA,0x12,0x0F,0xF1,0x2A,0x16,0x0F,0xE2,0x1C,0x12,0x01,0xE7,
    0x00,0x02,0x67,0x03,0x16,0xA2,0x26,0x05,0x0F,0x0C,0x01,0x01,
    0x1D,0x46,0x77,0x31,0x0C,0x37,0x03,0x29,0x7B,0x7D,0x27,0x03,
    0x33,0x72,0x6F,0x70,0x5C,0x02,0x38,0x7B,0x7D,0x20,0x5F,0x00,
    0x0F,0xA7,0x02,0x29,0x0E,0x4B,0x00,0x02,0x6B,0x03,0x0F,0xE3,
    0x02,0x04,0x01,0xBB,0x05,0x03,0x86,0x00,0x68,0xE5,0x8F,0x82,
    0xE7,0x85,0xA7,0x8D,0x05,0x0F,0x35,0x00,0x04,0x94,0x64,0x72,
    0x6F,0x70,0x52,0x65,0x6A,0x65,0x63,0x7F,0x29,0x0C,0x4B,0x03,
    0x19,0x9F,0xCE,0x00,0x22,0x81,0xAE,0xB2,0x0D,0x01,0xD2,0x02,
    0x11,0x93,0xE5,0x23,0x01,0xE0,0x12,0x21,0x83,0xBC,0x1A,0x06,
    0x12,0x89,0xED,0x02,0xF1,0x00,0xE5,0x8F,0x97,0xE3,0x81,0x91,
    0xE4,0xBB,0x98,0xE3,0x81,0x91,0xE3,0x82,0x89,0x29,0x03,0x07,
    0x11,0x05,0x0F,0x72,0x01,0x01,0x41,0x50,0x69,0x63,0x6B,0xCC,
    0x13,0x06,0x0D,0x08,0x02,0x9D,0x1B,0x05,0x09,0x01,0x03,0xA1,
    0x03,0x07,0x68,0x04,0x21,0x6E,0x6F,0x52,0x19,0x11,0x73,0xD3,
    0x01,0x27,0x81,0x93,0x9D,0x00,0x13,0xAE,0xA6,0x20,0x2A,0x82,
    0xB9,0xBE,0x00,0x0F,0x9F,0x05,0x01,0x0B,0x8E,0x00,0x07,0x19,
    0x13,0x07,0x8B,0x00,0x42,0x6F,0x75,0x72,0x63,0x25,0x11,0x04,
    0x59,0x00,0x07,0x88,0x00,0x0F,0x6F,0x08,0x0A,0x07,0x50,0x00,
    0x0D,0x69,0x13,0x06,0x76,0x06,0x0F,0xC0,0x02,0x12,0x03,0x25,
    0x00,0x0F,0xA2,0x1F,0x12,0x04,0x71,0x07,0x02,0x1D,0x01,0x0A,
    0xE1,0x13,0x0F,0x67,0x07,0x0D,0x39,0x61,0x64,0x64,0xFA,0x07,
    0x0F,0x3E,0x00,0x10,0x0D,0xE6,0x1C,0x82,0x20,0x20,0x22,0x66,
    0x6F,0x72,0x6B,0x42,0x5C,0x32,0x01,0xA2,0x01,0x21,0x83,0x93,
    0x24,0x02,0x11,0x88,0x29,0x08,0x01,0xEF,0x07,0x03,0x45,0x2F,
    0x1A,0xBC,0xE2,0x2A,0x07,0x38,0x00,0x03,0xCE,0x02,0x01,0x4F,
    0x1E,0x01,0x79,0x08,0xAB,0x82,0xA4,0xE3,0x83,0xB3,0x20,0x50,
    0x42,0x52,0x20,0x4C,0x01,0x02,0x02,0x08,0x02,0xCF,0x08,0x05,
    0xDD,0x1C,0x0E,0x36,0x05,0xFF,0x06,0x20,0x2E,0x76,0x6D,0x61,
    0x74,0x2E,0x6A,0x73,0x6F,0x6E,0x20,0xE3,0x82,0x92,0xE4,0xBD,
    0x9C,0xE6,0x88,0x90,0x1B,0x03,0x04,0xD2,0x70,0x72,0x6F,0x70,
    0x65,0x72,0x74,0x79,0x42,0x6C,0x6F,0x63,0x6B,0xC2,0x00,0x01,
    0x85,0x05,0x26,0x83,0x91,0x5A,0x0C,0x02,0x76,0x06,0x09,0xBF,
    0x00,0x43,0x61,0x64,0x64,0x50,0x3A,0x00,0x0F,0x35,0x00,0x01,
    0x0C,0x0F,0x1E,0x01,0xE0,0x19,0x4F,0x6D,0x6F,0x76,0x65,0x35,
    0x00,0x0B,0x02,0x38,0x1B,0x07,0x75,0x02,0x41,0x61,0x64,0x64,
    0x53,0x96,0x02,0x09,0x38,0x00,0x04,0x9E,0x02,0x0C,0xAB,0x00,
    0x0F,0x76,0x00,0x00,0x63,0x63,0x75,0x73,0x74,0x6F,0x6D,0xA1,
    0x01,0x21,0x49,0x64,0xAC,0x00,0x21,0x82,0xAB,0x7B,0x06,0x4C,
    0xBF,0xE3,0x83,0xA0,0x74,0x01,0x09,0x1E,0x21,0x03,0x1B,0x01,
    0x0F,0xCE,0x26,0x0E,0x32,0x73,0x61,0x76,0x36,0x03,0x0C,0x43,
    0x02,0x1A,0x92,0x02,0x20,0x03,0x2B,0x00,0x02,0x85,0x00,0x0F,
    0x2C,0x00,0x04,0x04,0xA6,0x01,0x0C,0x7F,0x1C,0x03,0x3C,0x00,
    0x42,0x46,0x61,0x69,0x6C,0x60,0x20,0x0D,0x1A,0x02,0x12,0xAE,
    0x6D,0x00,0x85,0xE3,0x81,0xAB,0xE5,0xA4,0xB1,0xE6,0x95,0x23,
    0x08,0x0F,0x4A,0x00,0x00,0x4F,0x70,0x61,0x72,0x73,0x4B,0x00,
    0x08,0x07,0x38,0x06,0x9F,0xE3,0x81,0xAE,0xE8,0xA7,0xA3,0xE6,
    0x9E,0x90,0x57,0x00,0x11,0xD2,0x6E,0x6F,0x53,0x68,0x61,0x64,
    0x65,0x72,0x50,0x61,0x72,0x61,0x6D,0x93,0x03,0x01,0xB0,0x04,
    0x03,0xE2,0x17,0x24,0x83,0xBC,0xD5,0x30,0x1D,0xA7,0xC2,0x02,
    0x0A,0xBA,0x03,0x21,0x83,0x91,0x4E,0x0F,0x02,0x6F,0x1B,0x11,
    0xBF,0x08,0x31,0x71,0x8C,0xE8,0xA6,0x8B,0xE3,0x81,0xA4,0x01,
    0x03,0x07,0x79,0x0A,0x22,0x81,0xA7,0xE1,0x00,0x3C,0xE3,0x80,
    0x82,0x66,0x00,0x03,0x3F,0x2D,0x11,0x96,0x4B,0x00,0x47,0xAA,
    0xE3,0x81,0x8C,0x73,0x21,0x7C,0xBE,0xE3,0x82,0x8C,0xE3,0x80,
    0x81,0x33,0x00,0x2F,0x81,0x8C,0x8A,0x00,0x0F,0x81,0x82,0x92,
    0xE5,0xAE,0xA3,0xE8,0xA8,0x80,0x78,0x00,0x42,0xA6,0xE3,0x81,
    0x84,0xCA,0x09,0x64,0xE7,0xA2,0xBA,0xE8,0xAA,0x8D,0x15,0x00,
    0xAA,0x8F,0xE3,0x81,0xA0,0xE3,0x81,0x95,0xE3,0x81,0x84,0x6A,
    0x09,0x9E,0x6E,0x6F,0x45,0x78,0x70,0x6F,0x73,0x65,0x64,0x23,
    0x01,0x04,0xCA,0x05,0xB6,0x81,0xAB,0xE3,0x81,0xAF,0xE5,0x85,
    0xAC,0xE9,0x96,0x8B,0x7E,0x09,0x0F,0x11,0x01,0x01,0x01,0x6D,
    0x06,0x11,0xA0,0x03,0x09,0x07,0x11,0x01,0x06,0x1F,0x21,0xE3,
    0x20,0x20,0x22,0x75,0x6E,0x73,0x75,0x70,0x70,0x6F,0x72,0x74,
    0x65,0x64,0xF8,0x08,0x11,0x22,0xE9,0x1F,0x02,0x64,0x1E,0x14,
    0x88,0x60,0x00,0x01,0xC6,0x00,0x5C,0x81,0xAA,0xE3,0x81,0x84,
    0x51,0x03,0x04,0x6C,0x06,0x07,0x92,0x03,0x0F,0xBB,0x14,0x00,
    0x1F,0x62,0xFF,0x04,0x06,0x06,0x38,0x00,0x02,0x1B,0x28,0x03,
    0xC0,0x1C,0x0B,0x78,0x01,0x09,0x26,0x00,0x0F,0x67,0x06,0x00,
    0x02,0xBC,0x06,0x06,0xF1,0x0B,0x01,0x8C,0x23,0x23,0x6F,0x70,
    0xD3,0x00,0x05,0xC0,0x06,0x04,0xE0,0x34,0x05,0xDB,0x34,0x09,
    0x58,0x00,0x0F,0xB5,0x14,0x03,0x06,0x55,0x09,0x75,0x32,0x44,
    0x22,0x3A,0x20,0x22,0x54,0x0D,0x00,0x05,0x75,0x00,0x02,0x09,
    0x00,0x05,0x6D,0x0C,0x04,0xEA,0x06,0x12,0x53,0x4E,0x28,0x05,
    0x7E,0x00,0x22,0x22,0x73,0x11,0x00,0x02,0x14,0x13,0x01,0x31,
    0x05,0x09,0x9D,0x0E,0x62,0x73,0x6C,0x6F,0x74,0x30,0x44,0x8D,
    0x18,0x02,0x86,0x04,0x06,0x27,0x00,0x5C,0x20,0x30,0x20,0x2D,
    0x20,0x99,0x18,0x0A,0x21,0x04,0x06,0xCC,0x00,0x01,0x69,0x00,
    0x57,0x30,0x4C,0x6F,0x61,0x64,0xB2,0x19,0x02,0xA2,0x05,0x05,
    0x4A,0x00,0x06,0x31,0x2F,0x0C,0xD1,0x02,0x27,0x82,0x92,0x07,
    0x03,0x1A,0xBF,0x69,0x2C,0x04,0xDB,0x00,0x11,0x4E,0xA0,0x00,
    0x0A,0x80,0x00,0x07,0x0A,0x21,0x03,0x83,0x00,0x06,0xC2,0x10,
    0x08,0xCA,0x00,0x4E,0x7B,0x7D,0x20,0x2D,0x2C,0x00,0x45,0x55,
    0x6E,0x6B,0x6E,0x95,0x20,0x0C,0x2E,0x00,0x9B,0xE4,0xB8,0x8D,
    0xE6,0x98,0x8E,0xE3,0x81,0xAA,0x73,0x00,0x07,0xF3,0x00,0x43,
    0x6B,0x65,0x65,0x70,0x71,0x01,0x0D,0x6F,0x00,0x02,0x67,0x05,
    0x37,0xE6,0x8C,0x81,0x30,0x00,0x95,0x75,0x73,0x65,0x64,0x42,
    0x79,0x53,0x75,0x62,0xDE,0x0B,0x21,0x82,0xB5,0x0B,0x04,0x07,
    0x19,0x01,0xBB,0x81,0xA7,0xE4,0xBD,0xBF,0xE7,0x94,0xA8,0xE4,
    0xB8,0xAD,0xB6,0x13,0x13,0x74,0xD4,0x0D,0x0A,0x8F,0x00,0x07,
    0x00,0x0F,0x1F,0xAE,0x5C,0x08,0x02,0x01,0xC1,0x0C,0x07,0x61,
    0x00,0x0C,0x3F,0x00,0x06,0xF8,0x00,0xF1,0x04,0xE3,0x82,0x92,
    0x31,0xE3,0x81,0xA4,0xE7,0xBD,0xAE,0xE3,0x81,0x8D,0xE6,0x8F,
    0x9B,0xE3,0x81,0x88,0xCE,0x03,0xA3,0x99,0xE3,0x80,0x82,0xE4,
    0xBF,0x9D,0xE5,0xAD,0x98,0x9B,0x03,0xF1,0x08,0x82,0x8B,0xE5,
    0x80,0xA4,0xE3,0x81,0xAF,0xE5,0xBC,0x95,0xE3,0x81,0x8D,0xE7,
    0xB6,0x9A,0xE3,0x81,0x8D,0xE6,0x95,0xB0,0x15,0x00,0x19,0xAE,
    0x52,0x00,0x22,0x81,0xA7,0x3F,0x00,0x1B,0x22,0xAF,0x02,0x05,
    0x75,0x03,0x06,0xA9,0x02,0x51,0x6C,0x69,0x62,0x72,0x61,0xE9,
    0x1C,0x14,0x22,0xD1,0x10,0x03,0x25,0x05,0x07,0x42,0x01,0x05,
    0x38,0x00,0x01,0x95,0x15,0x07,0xBE,0x05,0x07,0x24,0x00,0xE9,
    0x76,0x65,0x72,0x74,0x65,0x78,0x22,0x3A,0x20,0x22,0xE9,0xA0,
    0x82,0xE7,0x2D,0x0A,0x71,0x66,0x72,0x61,0x67,0x6D,0x65,0x6E,
    0x51,0x20,0x01,0x10,0x1F,0x11,0xA9,0x3F,0x01,0x1C,0xA1,0xA3,
    0x18,0x03,0x44,0x00,0x16,0x4C,0x93,0x00,0x02,0x4B,0x00,0x01,
    0x31,0x00,0x0F,0x99,0x00,0x02,0x04,0x5A,0x00,0x07,0x33,0x00,
    0x0E,0x61,0x00,0x0F,0x3F,0x00,0x07,0x62,0x63,0x6F,0x6D,0x70,
    0x75,0x74,0xAF,0x07,0x21,0x82,0xB3,0x8F,0x00,0x12,0x94,0xC5,
    0x27,0x0A,0x4C,0x12,0x42,0x72,0x61,0x79,0x67,0x11,0x27,0x12,
    0x52,0x0A,0x00,0x06,0xC6,0x0A,0x22,0x6D,0x69,0x3C,0x34,0x47,
    0x4D,0x69,0x73,0x73,0x0E,0x01,0x82,0x63,0x6C,0x6F,0x73,0x65,
    0x73,0x74,0x48,0x2F,0x30,0x12,0x43,0x0E,0x00,0x47,0x20,0x48,
    0x69,0x74,0x24,0x00,0x33,0x61,0x6E,0x79,0x20,0x00,0x31,0x41,
    0x6E,0x79,0x1C,0x00,0x0B,0xAF,0x01,0x31,0x72,0x65,0x6E,0x41,
    0x07,0x29,0x73,0x73,0xB3,0x01,0x07,0x59,0x1D,0x11,0xAC,0xB4,
    0x00,0x11,0x80,0x50,0x0A,0x04,0x91,0x11,0x39,0x83,0x91,0xE3,
    0x7E,0x01,0x78,0x70,0x69,0x70,0x65,0x6C,0x69,0x6E,0x65,0x14,
    0x11,0x91,0x4F,0x01,0x01,0x47,0x39,0x0B,0x9A,0x05,0x02,0x29,
    0x37,0x01,0xAF,0x07,0x02,0x26,0x37,0x07,0xB0,0x00,0x35,0x6F,
    0x75,0x74,0x1C,0x00,0x2A,0x87,0xBA,0x30,0x39,0xB1,0x64,0x69,
    0x73,0x70,0x61,0x74,0x63,0x68,0x42,0x79,0x4F,0x26,0x00,0x13,
    0x53,0x99,0x1B,0x02,0x29,0x00,0x05,0x8C,0x2C,0x33,0xE3,0x81,
    0xA7,0xCC,0x1A,0x21,0x82,0xB9,0x67,0x23,0x38,0x83,0xE3,0x83,
    0xAB,0x03,0x06,0x3D,0x09,0x11,0x91,0x96,0x09,0x0F,0x34,0x09,
    0x0A,0x0F,0xFD,0x00,0x06,0x05,0x38,0x00,0x01,0x82,0x07,0x11,
    0xBE,0x06,0x00,0x1A,0x9F,0x7C,0x07,0x33,0x73,0x61,0x76,0xF4,
    0x08,0x22,0x4F,0x70,0xDA,0x01,0x09,0x50,0x00,0x01,0x44,0x01,
    0x0F,0x46,0x09,0x0D,0x61,0xE3,0x83,0x95,0xE3,0x82,0xA1,0x4B,
    0x01,0x41,0xAB,0xE3,0x82,0x92,0xA4,0x07,0x11,0x91,0x70,0x00,
    0x04,0xF6,0x0D,0x06,0x27,0x02,0x06,0x70,0x00,0x33,0x57,0x72,
    0x69,0x72,0x02,0x08,0xC1,0x00,0x0F,0x71,0x00,0x21,0x02,0x20,
    0x33,0x6F,0xE8,0xBE,0xBC,0xE3,0x82,0x81,0x77,0x00,0x04,0x04,
    0xFC,0x01,0x08,0x40,0x02,0x04,0x4F,0x13,0x03,0x1F,0x20,0x06,
    0x39,0x02,0x04,0x65,0x2D,0x09,0x3F,0x02,0x0F,0x26,0x03,0x17,
    0x02,0x28,0x03,0x44,0x74,0x72,0x61,0x63,0x8B,0x06,0x21,0x83,
    0xAC,0x1D,0x01,0x11,0x88,0x5B,0x01,0x15,0xBC,0xD0,0x19,0x03,
    0x96,0x04,0x0E,0xBB,0x13,0x02,0xF0,0x02,0x04,0x6E,0x31,0x06,
    0xA4,0x04,0x42,0x72,0x61,0x79,0x54,0x57,0x00,0x0B,0xAF,0x28,
    0x31,0xE7,0x8F,0xBE,0x0F,0x2A,0x11,0xAE,0x62,0x00,0x04,0x0A,
    0x03,0x21,0x83,0x87,0xE1,0x25,0x42,0xA4,0xE3,0x82,0xB9,0x9C,
    0x0F,0x03,0xAE,0x18,0x0D,0x89,0x00,0x0F,0x2D,0x29,0x09,0x0B,
    0x8B,0x03,0x01,0x89,0x08,0x1B,0x4E,0xCC,0x14,0x08,0x8A,0x03,
    0x0A,0xB4,0x0A,0x06,0x8D,0x03,0x11,0x8E,0x2A,0x16,0x08,0xB7,
    0x37,0x61,0x74,0x79,0x70,0x65,0x49,0x64,0x56,0x07,0x21,0x82,
    0xBF,0x21,0x01,0x1A,0x97,0x6A,0x0C,0x83,0x64,0x69,0x73,0x70,
    0x6C,0x61,0x79,0x4E,0x1A,0x21,0x02,0xF3,0x2C,0x37,0xE5,0x90,
    0x8D,0x8B,0x03,0x0F,0xA6,0x03,0x24,0x03,0x76,0x0D,0x12,0x69,
    0x11,0x28,0x22,0x83,0x94,0x94,0x0E,0x0F,0x68,0x0D,0x01,0x0C,
    0x24,0x00,0x0A,0xD0,0x2B,0x42,0x20,0x20,0x22,0x64,0xBD,0x08,
    0x07,0xBB,0x0A,0x0B,0x4B,0x21,0x0D,0xA6,0x0A,0x07,0xBF,0x00,
    0x22,0x61,0x64,0xF4,0x0A,0x01,0x05,0x01,0x0D,0x29,0x00,0x0F,
    0x59,0x0F,0x01,0x94,0x70,0x61,0x72,0x61,0x6D,0x4E,0x61,0x6D,
    0x65,0x07,0x1B,0x01,0x3E,0x04,0x11,0xA9,0x45,0x06,0x03,0x17,
    0x0C,0x0A,0x22,0x01,0x03,0xA0,0x00,0x05,0x39,0x10,0x09,0x9D,
    0x00,0x0B,0xDB,0x2F,0x42,0x67,0x6C,0x73,0x6C,0xB7,0x04,0x42,
    0x45,0x78,0x70,0x72,0x6F,0x1B,0x01,0x03,0x05,0x52,0x47,0x4C,
    0x53,0x4C,0x20,0xC3,0x04,0x37,0xE5,0xBC,0x8F,0xC1,0x00,0x06,
    0xA8,0x04,0x03,0xE0,0x01,0x05,0x73,0x04,0x0B,0x25,0x00,0x02,
    0xE8,0x01,0x0C,0xFD,0x07,0x0C,0x1E,0x02,0x05,0x3E,0x00,0x01,
    0xAB,0x04,0x03,0xB1,0x04,0x0B,0x88,0x08,0x06,0x42,0x04,0x02,
    0x36,0x01,0x0F,0x71,0x02,0x0C,0x0F,0xBD,0x04,0x0D,0x09,0x96,
    0x09,0x0F,0x03,0x0E,0x0D,0x0D,0xB0,0x00,0x0F,0x09,0x0E,0x0F,
    0x0B,0x40,0x03,0x04,0x88,0x14,0x06,0xD5,0x03,0x06,0x3C,0x03,
    0x07,0x62,0x0E,0x07,0x3E,0x01,0x13,0x75,0xAA,0x22,0x0F,0xA7,
    0x22,0x00,0x0A,0xD9,0x30,0x0B,0xCC,0x00,0x11,0x73,0x22,0x10,
    0x01,0x24,0x01,0x04,0x1A,0x10,0x0B,0x22,0x00,0x22,0x69,0x6D,
    0x06,0x0D,0x02,0x24,0x00,0x11,0xA4,0x39,0x04,0x03,0x05,0x0D,
    0x01,0x2A,0x00,0x0B,0xBB,0x00,0x13,0x73,0x1A,0x1A,0x08,0x44,
    0x05,0x07,0xFA,0x03,0x03,0x53,0x35,0x01,0xAB,0x11,0x09,0x4A,
    0x07,0x22,0x6E,0x61,0xA9,0x1A,0x61,0xE5,0x90,0x8D,0xE5,0x89,
    0x8D,0x5A,0x00,0x06,0x10,0x06,0x51,0x6A,0x6F,0x69,0x6E,0x74,
    0x64,0x02,0x01,0x8C,0x27,0x02,0x57,0x27,0x1E,0xB3,0xB1,0x24,
    0x34,0x70,0x61,0x79,0x28,0x30,0x31,0xE3,0x83,0x9A,0xAE,0x00,
    0x12,0xAD,0x52,0x04,0x0B,0x51,0x00,0x1C,0x75,0x14,0x2E,0x0D,
    0xBB,0x1A,0x21,0x83,0xA1,0x28,0x03,0x13,0x87,0x31,0x03,0x0F,
    0x29,0x2E,0x08,0x0B,0x01,0x01,0x08,0xD0,0x16,0x0F,0xC0,0x01,
    0x04,0x0F,0xB4,0x26,0x09,0x0F,0x08,0x01,0x0A,0x35,0x64,0x75,
    0x72,0x99,0x1C,0xF8,0x00,0xE9,0x95,0xB7,0xE3,0x81,0x95,0x3A,
    0x20,0x7B,0x3A,0x2E,0x33,0x66,0x7D,0x20,0x4F,0x09,0x0F,0x07,
    0x01,0x27,0x0F,0x9C,0x00,0x00,0x01,0x30,0x06,0x0F,0x0D,0x01,
    0x25,0x02,0x5F,0x02,0x01,0x85,0x15,0x0F,0x11,0x02,0x05,0x04,
    0xBD,0x0F,0x0F,0xD8,0x02,0x03,0x0F,0x0F,0x01,0x0A,0x0F,0xDA,
    0x02,0x0A,0x22,0x70,0x61,0xEA,0x32,0x02,0x1D,0x09,0x0B,0x00,
    0x02,0x0D,0x0A,0x25,0x0B,0x20,0x00,0x34,0x66,0x6F,0x6C,0x70,
    0x0F,0x03,0x83,0x14,0x12,0xAB,0x2F,0x07,0x07,0x73,0x03,0x62,
    0x65,0x64,0x69,0x74,0x41,0x73,0x63,0x13,0x02,0x1D,0x03,0x04,
    0xCB,0x00,0x21,0x81,0xA8,0x9A,0x04,0x1D,0xA6,0x3C,0x1D,0x76,
    0x6F,0x70,0x65,0x6E,0x4C,0x75,0x61,0x34,0x00,0x46,0x4C,0x75,
    0x61,0x20,0x38,0x00,0x03,0x16,0x09,0x08,0x3B,0x05,0xD5,0x6F,
    0x70,0x65,0x6E,0x49,0x6E,0x43,0x6F,0x64,0x65,0x45,0x64,0x69,
    0xDC,0x2B,0x02,0xB8,0x41,0x44,0x89,0xE3,0x82,0xA8,0x20,0x0A,
    0x02,0xEA,0x11,0x11,0xA7,0x56,0x09,0x08,0x40,0x00,0x76,0x65,
    0x64,0x69,0x74,0x69,0x6E,0x67,0xC3,0x27,0x21,0x82,0xB7,0x11,
    0x03,0x18,0xB3,0x76,0x00,0x02,0xA8,0x00,0x0E,0xCD,0x0D,0x8F,
    0x6F,0x70,0x65,0x6E,0x65,0x64,0x49,0x6E,0x7B,0x00,0x17,0x1A,
    0x8D,0x90,0x05,0x0B,0x1B,0x03,0x55,0x73,0x63,0x65,0x6E,0x65,
    0xFD,0x00,0x0F,0x1D,0x03,0x02,0x0C,0x9E,0x00,0x07,0x70,0x01,
    0x58,0x73,0x65,0x74,0x41,0x73,0x06,0x10,0x0B,0x43,0x07,0x05,
    0xDA,0x00,0x87,0x81,0xAB,0xE8,0xA8,0xAD,0xE5,0xAE,0x9A,0x3C,
    0x00,0x03,0xE0,0x06,0x11,0x53,0x87,0x02,0x0F,0x3A,0x00,0x07,
    0x22,0x82,0x92,0x3A,0x00,0x01,0xBF,0x01,0x08,0x59,0x06,0x0B,
    0xC9,0x00,0x05,0x3D,0x2B,0x06,0xC4,0x00,0x12,0x75,0x07,0x3A,
    0x3B,0x55,0x52,0x49,0x4B,0x02,0x0D,0x9A,0x05,0x0B,0x4C,0x00,
    0x05,0x60,0x2A,0x06,0x4C,0x00,0x91,0x61,0x6C,0x69,0x67,0x6E,
    0x57,0x69,0x74,0x68,0xB7,0x01,0x14,0x56,0x39,0x35,0x05,0xE1,
    0x00,0x23,0x83,0x93,0x77,0x0D,0x0A,0x7D,0x33,0x07,0xF0,0x00,
    0x0E,0x42,0x00,0x04,0x29,0x17,0x03,0x56,0x14,0x11,0xAB,0x0C,
    0x08,0x11,0xA9,0x42,0x02,0x14,0xB3,0xAE,0x16,0x01,0x5E,0x29,
    0x26,0x82,0x92,0x28,0x0A,0x0F,0x72,0x00,0x00,0x06,0x3C,0x00,
    0x6D,0xE5,0xA7,0xBF,0xE5,0x8B,0xA2,0x0E,0x31,0x01,0x3F,0x1C,
    0x06,0xBB,0x05,0x01,0x8A,0x00,0x05,0xC8,0x00,0x42,0x57,0x69,
    0x74,0x68,0xF6,0x33,0x02,0x32,0x03,0x04,0x8D,0x02,0x05,0xD2,
    0x00,0x25,0x82,0x92,0x60,0x00,0x0B,0x5B,0x34,0x0C,0xDE,0x00,
    0x0F,0x54,0x00,0x00,0x04,0xE4,0x00,0x0F,0xB7,0x00,0x03,0x0A,
    0x2C,0x03,0x06,0x02,0x01,0x02,0x26,0x1E,0x06,0xD8,0x00,0x01,
    0x2A,0x00,0x0A,0x14,0x01,0x0C,0x45,0x32,0x0B,0xE4,0x00,0x01,
    0xD8,0x02,0x4B,0x56,0x69,0x65,0x77,0x71,0x0B,0x0F,0xE0,0x00,
    0x00,0x08,0x68,0x00,0x21,0x81,0xAF,0x65,0x02,0x1F,0xA0,0x83,
    0x34,0x0D,0x04,0x46,0x01,0x45,0x65,0x64,0x54,0x6F,0xF6,0x00,
    0x02,0x40,0x01,0x07,0xC5,0x00,0x0F,0xF5,0x00,0x00,0x07,0x9B,
    0x35,0x04,0xCE,0x02,0x0B,0xD8,0x0D,0x04,0xB9,0x00,0x72,0x41,
    0x6C,0x69,0x67,0x6E,0x65,0x64,0x55,0x00,0x0F,0x95,0x01,0x16,
    0x08,0x55,0x00,0x0B,0xD6,0x02,0x53,0x66,0x6F,0x72,0x6B,0x4D,
    0xEA,0x43,0x09,0xFA,0x05,0x03,0x93,0x1B,0x05,0xC9,0x1E,0x0B,
    0xED,0x09,0x24,0x81,0xAE,0x71,0x05,0x11,0xBC,0x0F,0x20,0x0F,
    0x91,0x17,0x02,0x01,0x8D,0x0F,0x0B,0x76,0x21,0x0F,0xEC,0x1E,
    0x03,0x0F,0xD1,0x1B,0x03,0x06,0x9E,0x02,0x1F,0x66,0x14,0x18,
    0x08,0x0F,0x89,0x00,0x10,0x09,0x17,0x0A,0x64,0x6E,0x6F,0x46,
    0x69,0x6C,0x65,0x88,0x0C,0x0C,0x73,0x0A,0x0F,0x50,0x00,0x12,
    0x02,0x0A,0x02,0x07,0x9E,0x1A,0x06,0x33,0x0F,0x3F,0xE5,0x90,
    0x8D,0xCD,0x00,0x0D,0x62,0x6F,0x75,0x74,0x73,0x69,0x64,0x6E,
    0x07,0x02,0x2D,0x09,0x0F,0x5D,0x01,0x21,0x9F,0xE5,0xAF,0xBE,
    0xE8,0xB1,0xA1,0xE3,0x81,0x8C,0x66,0x01,0x00,0x07,0xA4,0x07,
    0x97,0xE3,0x81,0xAE,0xE5,0xA4,0x96,0xE3,0x81,0xAB,0x46,0x17,
    0x0B,0x17,0x03,0x33,0x66,0x6F,0x72,0xA7,0x46,0x09,0x2E,0x4E,
    0x0B,0x95,0x00,0x21,0x82,0x92,0xE7,0x00,0x05,0xF2,0x01,0x11,
    0x97,0x15,0x03,0x0F,0x7A,0x19,0x00,0x02,0x4F,0x00,0x31,0x4E,
    0x6F,0x49,0x91,0x0A,0x01,0x55,0x32,0x0F,0x57,0x00,0x22,0x22,
    0xE3,0x81,0xC0,0x18,0x15,0xA2,0x08,0x25,0x01,0xF2,0x0E,0x41,
    0xB8,0xE3,0x82,0xB9,0x7E,0x0F,0x11,0xAA,0x4D,0x02,0x09,0xE9,
    0x0A,0x93,0xE3,0x81,0xAF,0xE5,0xAE,0x9F,0xE8,0xA1,0x8C,0x5C,
    0x14,0x05,0xB6,0x10,0x07,0x44,0x19,0x03,0xA8,0x0F,0x05,0xED,
    0x16,0x06,0x53,0x3D,0x06,0xD9,0x05,0xB2,0x74,0x61,0x72,0x67,
    0x65,0x74,0x46,0x6F,0x72,0x6D,0x61,0xDF,0x13,0x21,0x82,0xBF,
    0xF7,0x00,0x11,0xB2,0xDB,0x11,0x16,0x88,0x09,0x01,0x22,0x83,
    0x9E,0x12,0x00,0x07,0xF5,0x04,0x33,0x73,0x75,0x62,0xF0,0x08,
    0x05,0x50,0x00,0x01,0x4D,0x31,0x24,0x53,0x70,0x23,0x11,0x51,
    0x55,0x49,0x20,0x2F,0x20,0xC6,0x00,0x05,0xAC,0x12,0x07,0x41,
    0x00,0x01,0xDA,0x23,0x62,0x72,0x6D,0x61,0x6C,0x4D,0x61,0x4A,
    0x24,0x03,0x8D,0x0D,0x11,0x9E,0xDC,0x08,0x02,0x70,0x00,0x07,
    0xAA,0x32,0x73,0x20,0x20,0x22,0x63,0x75,0x72,0x73,0xA4,0x29,
    0x21,0x82,0xAB,0xA8,0x00,0x16,0xBD,0xFD,0x31,0x0E,0x90,0x10,
    0x03,0xF1,0x00,0x05,0x9F,0x01,0x05,0xA7,0x00,0x07,0xFF,0x0B,
    0x0A,0x34,0x3E,0x0B,0x66,0x01,0x06,0xAC,0x00,0x07,0xED,0x00,
    0x04,0x7F,0x16,0x04,0xFD,0x0F,0x08,0x25,0x00,0x54,0x6F,0x75,
    0x72,0x63,0x65,0x3C,0x13,0x01,0x9E,0x00,0x02,0xD1,0x1F,0x0F,
    0xD4,0x09,0x03,0x04,0xC9,0x0C,0x06,0x31,0x00,0x09,0xE4,0x01,
    0x31,0xE5,0xBE,0x8C,0xF9,0x01,0x0F,0x3D,0x00,0x03,0x01,0x66,
    0x4F,0x02,0x2B,0x53,0x0F,0x4E,0x1B,0x02,0x07,0x97,0x00,0x32,
    0x6E,0x6F,0x74,0x04,0x01,0x21,0x65,0x64,0x26,0x29,0x2B,0x9C,
    0xAA,0x6A,0x00,0x07,0x2C,0x00,0x01,0x14,0x38,0x93,0x61,0x74,
    0x65,0x4D,0x69,0x70,0x6D,0x61,0x70,0xB5,0x03,0x01,0x95,0x34,
    0x25,0x83,0x97,0x95,0x01,0x97,0xE3,0x82,0x92,0xE7,0x94,0x9F,
    0xE6,0x88,0x90,0x39,0x00,0xFA,0x02,0x66,0x6C,0x69,0x70,0x59,
    0x22,0x3A,0x20,0x22,0x59,0x20,0xE3,0x82,0x92,0xE5,0x8F,0x8D,
    0x18,0x43,0x12,0x71,0x9F,0x47,0x32,0x4C,0x65,0x76,0x46,0x2F,
    0x61,0xE5,0x93,0x81,0xE8,0xB3,0xAA,0xF8,0x11,0x1A,0x99,0x1F,
    0x18,0x34,0x63,0x6F,0x6D,0xC5,0x0F,0x06,0x2E,0x00,0x42,0x9C,
    0xA7,0xE7,0xB8,0x26,0x12,0x0F,0x2E,0x00,0x04,0x81,0x4F,0x6E,
    0x6C,0x79,0x4C,0x61,0x72,0x67,0x0D,0x16,0x22,0xE5,0xA4,0x81,
    0x3B,0x41,0x84,0xE3,0x82,0x82,0x99,0x3B,0x42,0xAE,0xE3,0x81,
    0xBF,0x44,0x00,0x07,0xB2,0x00,0x9F,0x64,0x6F,0x77,0x6E,0x73,
    0x63,0x61,0x6C,0x65,0x38,0x00,0x06,0x5A,0x82,0x92,0xE7,0xB8,
    0xAE,0xB6,0x53,0x05,0x35,0x00,0x93,0x4D,0x69,0x6E,0x44,0x69,
    0x6D,0x65,0x6E,0x73,0x97,0x29,0x02,0x2A,0x00,0x32,0xE3,0x81,
    0xAE,0x9F,0x30,0x05,0xB7,0x01,0x0F,0x71,0x00,0x01,0x11,0x54,
    0x76,0x03,0x0F,0x3F,0x00,0x03,0x6F,0xE7,0x9B,0xAE,0xE6,0xA8,
    0x99,0x3F,0x00,0x01,0x5F,0x62,0x61,0x6B,0x65,0x4E,0x31,0x03,
    0x0E,0x01,0x52,0x29,0x11,0x99,0x70,0x02,0x08,0x6F,0x41,0x79,
    0x64,0x69,0x72,0x65,0x63,0x74,0x58,0x40,0x00,0x12,0x44,0x14,
    0x00,0x14,0x20,0x06,0x11,0x0F,0x79,0x03,0x04,0x52,0x22,0x72,
    0x65,0x76,0x65,0xE0,0x04,0xC7,0xE5,0x85,0x83,0xE3,0x81,0xAB,
    0xE6,0x88,0xBB,0xE3,0x81,0x99,0xD9,0x00,0x0C,0xDC,0x10,0x09,
    0xB0,0x41,0x0B,0x6C,0x02,0x04,0xD0,0x0A,0x0F,0xE2,0x1E,0x09,
    0x0A,0x14,0x08,0x52,0x61,0x70,0x70,0x6C,0x69,0xBB,0x02,0x0F,
    0x5B,0x00,0x12,0x71,0x82,0x92,0xE9,0x81,0xA9,0xE7,0x94,0xF3,
    0x0C,0x5B,0x80,0x81,0xE5,0x86,0x8D,0x82,0x00,0x31,0xE3,0x82,
    0x92,0x56,0x29,0x72,0xA5,0xE3,0x83,0xBC,0xE3,0x81,0xAB,0x1B,
    0x13,0x01,0xE1,0x05,0x03,0x93,0x08,0x01,0x47,0x07,0x0B,0x3F,
    0x08,0x65,0x6D,0x6F,0x64,0x65,0x6C,0x50,0x35,0x40,0x06,0x4B,
    0x04,0x0F,0xD5,0x3D,0x05,0x03,0xC4,0x36,0x04,0x19,0x0B,0x21,
    0x82,0xB5,0x59,0x0A,0x0F,0xE4,0x3D,0x14,0x67,0x20,0x20,0x22,
    0x65,0x6D,0x70,0x8E,0x21,0x08,0x4A,0x00,0x04,0x0E,0x09,0x51,
    0x81,0x8C,0xE7,0xA9,0xBA,0x22,0x15,0x01,0xE7,0x06,0x0B,0xB1,
    0x00,0x62,0x6C,0x61,0x79,0x65,0x72,0x4D,0x36,0x4D,0x06,0xAE,
    0x00,0x21,0x61,0x6C,0x7E,0x03,0x05,0x91,0x3F,0x0C,0x24,0x06,
    0x02,0x62,0x14,0x04,0x3F,0x22,0x06,0x38,0x00,0x05,0x60,0x0C,
    0x05,0xD9,0x00,0x11,0x8F,0xD0,0x19,0x04,0x8E,0x10,0x21,0x81,
    0xAF,0xE4,0x05,0x04,0x18,0x00,0x02,0xC9,0x04,0x21,0x82,0xB9,
    0x07,0x0E,0x01,0x09,0x00,0xF4,0x02,0x81,0xAB,0xE3,0x82,0x88,
    0xE3,0x81,0xA3,0xE3,0x81,0xA6,0xE7,0xAE,0xA1,0xE7,0x90,0x86,
    0xB9,0x06,0x02,0xB0,0x1E,0x0E,0xFE,0x28,0x04,0x69,0x3B,0x02,
    0x2C,0x03,0x07,0x65,0x44,0x63,0x55,0x49,0x20,0xE3,0x83,0x9C,
    0x5A,0x00,0x32,0x81,0xAE,0x20,0xC3,0x06,0x03,0x21,0x00,0x11,
    0x20,0x93,0x08,0xA2,0x93,0xE3,0x81,0xAE,0x20,0x49,0x6D,0x61,
    0x67,0x65,0x32,0x23,0x13,0xBF,0x0E,0x02,0x0A,0x6D,0x00,0x02,
    0x38,0x15,0x02,0xBF,0x29,0x6C,0xE5,0x89,0x8D,0xE3,0x81,0xAB,
    0x4C,0x00,0x07,0x19,0x2C,0x02,0x27,0x00,0x64,0xE3,0x81,0x8B,
    0xE5,0x86,0x8D,0xC3,0x02,0x02,0x51,0x00,0x0A,0x1F,0x20,0x0B,
    0x86,0x01,0x49,0x65,0x6E,0x75,0x6D,0x6E,0x0A,0x12,0x70,0x89,
    0x36,0x02,0x35,0x04,0x05,0x60,0x01,0x95,0x20,0x20,0x22,0x70,
    0x65,0x72,0x73,0x70,0x65,0x2A,0x59,0x6C,0xE9,0x80,0x8F,0xE8,
    0xA6,0x96,0x94,0x49,0x0B,0xD9,0x4B,0xA3,0x22,0x3A,0x20,0x22,
    0xE5,0xB9,0xB3,0xE8,0xA1,0x8C,0x29,0x00,0x02,0x7E,0x00,0x06,
    0xF4,0x07,0x04,0x63,0x27,0x39,0x4D,0x6F,0x64,0x29,0x29,0x0F,
    0x43,0x1F,0x09,0x0F,0x84,0x47,0x0D,0x0F,0x64,0x00,0x00,0x6C,
    0x6D,0x6F,0x74,0x69,0x6F,0x6E,0x8E,0x29,0x02,0x90,0x32,0x12,
    0x74,0xA7,0x00,0x66,0xE9,0x9D,0x99,0xE7,0x9A,0x84,0x34,0x04,
    0x84,0x20,0x20,0x22,0x6B,0x69,0x6E,0x65,0x6D,0x20,0x00,0x31,
    0xE3,0x82,0xAD,0xB5,0x3D,0x11,0x9E,0xE3,0x03,0x12,0xA3,0x7D,
    0x2B,0x09,0x2F,0x00,0x52,0x64,0x79,0x6E,0x61,0x6D,0x4D,0x00,
    0x63,0xE5,0x8B,0x95,0xE7,0x9A,0x84,0xBC,0x02,0x09,0xEE,0x00,
    0x0A,0x6E,0x4D,0x08,0x60,0x01,0x63,0x6E,0x6F,0x6E,0x4D,0x6F,
    0x76,0x32,0x07,0x3C,0xE9,0x9D,0x9E,0x3F,0x52,0x45,0x20,0x20,
    0x22,0x6D,0x20,0x00,0x03,0x1D,0x00,0x0F,0xEB,0x00,0x06,0x12,
    0x51,0xCE,0x06,0x08,0xDA,0x01,0x02,0xF9,0x17,0x41,0x63,0x72,
    0x65,0x74,0x83,0x06,0x69,0xE9,0x9B,0xA2,0xE6,0x95,0xA3,0xC1,
    0x00,0x92,0x6C,0x69,0x6E,0x65,0x61,0x72,0x43,0x61,0x73,0x6A,
    0x09,0x51,0x83,0xAA,0xE3,0x83,0x8B,0xF5,0x09,0x01,0xD7,0x3E,
    0x01,0xEC,0x09,0x0F,0xD3,0x00,0x01,0x7C,0x67,0x65,0x6F,0x6D,
    0x65,0x74,0x72,0x6D,0x00,0x84,0x65,0x78,0x74,0x65,0x72,0x6E,
    0x61,0x6C,0x5D,0x2E,0x61,0xE5,0xA4,0x96,0xE9,0x83,0xA8,0x45,
    0x0F,0x11,0x83,0x24,0x04,0x19,0xA5,0x7D,0x00,0x31,0x71,0x75,
    0x61,0xFD,0x07,0x31,0xE3,0x82,0xAF,0x55,0x13,0x19,0x83,0xD5,
    0x18,0x01,0x5C,0x09,0x11,0x62,0xB9,0x00,0x01,0x8F,0x00,0x01,
    0x1B,0x05,0x17,0x83,0x85,0x57,0x05,0x29,0x3C,0x02,0x91,0x0D,
    0x13,0xB9,0x70,0x1A,0x08,0x31,0x2F,0x06,0x1A,0x3C,0x02,0x24,
    0x00,0x06,0x15,0x3C,0x0F,0xD6,0x00,0x01,0x01,0x79,0x07,0x0F,
    0x97,0x02,0x02,0x71,0x6E,0x73,0x74,0x61,0x6E,0x74,0x50,0xB3,
    0x4D,0x01,0xE1,0x02,0x5F,0x9B,0xBA,0xE5,0xAE,0x9A,0x9A,0x4D,
    0x03,0x04,0x49,0x00,0x02,0x9B,0x10,0x22,0x72,0x65,0x0B,0x1C,
    0x6A,0xE7,0x94,0xBB,0xE9,0x9D,0xA2,0x6E,0x0E,0x19,0xA6,0x60,
    0x4B,0x0F,0xD9,0x01,0x00,0x3F,0x66,0x69,0x74,0x8F,0x00,0x00,
    0x72,0x73,0x74,0x72,0x65,0x74,0x63,0x68,0xD2,0x00,0x02,0x8E,
    0x0B,0x11,0xAC,0x3D,0x01,0x19,0x81,0x5E,0x01,0x52,0x63,0x6F,
    0x6E,0x74,0x61,0x97,0x19,0x69,0xE5,0x8F,0x8E,0xE3,0x82,0x81,
    0x1F,0x10,0x01,0x6E,0x03,0x11,0x76,0x2B,0x2A,0x7F,0x22,0xE8,
    0xA6,0x86,0xE3,0x81,0x86,0x12,0x01,0x01,0x6B,0x68,0x41,0x6C,
    0x69,0x67,0x6E,0xE6,0x01,0x41,0x6C,0x65,0x66,0x74,0x05,0x01,
    0x2A,0xB7,0xA6,0x71,0x00,0x23,0x65,0x6E,0x48,0x3E,0x69,0xE4,
    0xB8,0xAD,0xE5,0xA4,0xAE,0x1D,0x00,0x14,0x72,0x8B,0x3E,0x3F,
    0xE5,0x8F,0xB3,0x6A,0x00,0x01,0x1F,0x76,0x6A,0x00,0x01,0x12,
    0x74,0xEB,0x31,0x39,0xE4,0xB8,0x8A,0x4C,0x00,0x42,0x6D,0x69,
    0x64,0x64,0xD2,0x01,0x0F,0x69,0x00,0x00,0x51,0x62,0x6F,0x74,
    0x74,0x6F,0x13,0x42,0x3F,0xE4,0xB8,0x8B,0x6A,0x00,0x01,0x3D,
    0x73,0x68,0x61,0x14,0x04,0x31,0x62,0x6F,0x78,0x4F,0x01,0x02,
    0xA8,0x4F,0x0E,0xAF,0x1C,0x02,0x91,0x3E,0x01,0x23,0x00,0x08,
    0x68,0x02,0x05,0xB3,0x01,0x02,0x09,0x00,0x34,0x7D,0x0D,0x0A,
    0xF9,0x03,0x03,0x78,0x1C,0x56,0x47,0x72,0x61,0x70,0x68,0x3F,
    0x01,0x62,0x22,0x73,0x65,0x6C,0x65,0x63,0xA1,0x14,0x05,0x08,
    0x04,0x02,0x08,0x1C,0x02,0x5C,0x00,0x03,0x15,0x19,0x06,0xEE,
    0x00,0x61,0x22,0x6E,0x6F,0x6E,0x65,0x53,0x36,0x00,0x02,0x6E,
    0x08,0x05,0x7C,0x47,0x03,0x73,0x00,0x03,0xA6,0x0F,0x86,0x22,
    0x74,0x6F,0x6F,0x6C,0x62,0x61,0x72,0x6C,0x00,0x01,0x84,0x00,
    0x04,0xE8,0x17,0x0F,0x10,0x48,0x04,0xB3,0x20,0x20,0x22,0x6C,
    0x69,0x76,0x65,0x41,0x70,0x70,0x6C,0xC7,0x3F,0x11,0xA9,0x98,
    0x08,0x12,0x96,0xAD,0x08,0x07,0x87,0x00,0x65,0x74,0x6F,0x70,
    0x6F,0x4F,0x72,0xEE,0x15,0x11,0x88,0xDE,0x18,0x01,0x5D,0x10,
    0x57,0x83,0xBC,0xE9,0xA0,0x86,0x2A,0x00,0x46,0x61,0x75,0x74,
    0x6F,0xEC,0x41,0x52,0xE8,0x87,0xAA,0xE5,0x8B,0xAE,0x40,0x11,
    0xA4,0x58,0x04,0x19,0xA6,0x6F,0x0D,0x69,0x22,0x64,0x65,0x6C,
    0x65,0x74,0xE1,0x00,0xF2,0x00,0xE9,0x81,0xB8,0xE6,0x8A,0x9E,
    0xE9,0xA0,0x85,0xE7,0x9B,0xAE,0xE3,0x82,0x92,0x11,0x07,0x07,
    0x60,0x00,0x07,0x7F,0x1E,0x01,0xE8,0x1B,0x27,0x82,0xA4,0xCA,
    0x0D,0x08,0xF3,0x42,0x03,0xD5,0x15,0x01,0x03,0x0F,0x01,0x63,
    0x16,0x3C,0xE4,0xB8,0xAD,0x8C,0x10,0x01,0xA0,0x01,0x08,0x5F,
    0x01,0x01,0x4B,0x03,0x04,0xF5,0x1D,0x04,0x8F,0x01,0x32,0xE3,
    0x81,0x8C,0x96,0x00,0x0D,0x20,0x08,0x0B,0xD5,0x0C,0x03,0xA8,
    0x26,0x88,0x52,0x65,0x61,0x64,0x4F,0x6E,0x6C,0x79,0x30,0x48,
    0x09,0x86,0x0F,0x22,0x80,0x81,0x24,0x25,0xC8,0xE5,0x8F,0x96,
    0xE3,0x82,0x8A,0xE5,0xB0,0x82,0xE7,0x94,0xA8,0x08,0x2F,0x41,
    0x6F,0x70,0x65,0x6E,0xA1,0x10,0x04,0x9A,0x1C,0x43,0x2E,0x76,
    0x72,0x67,0x6E,0x2B,0x08,0xE2,0x1F,0x05,0xA1,0x00,0x08,0xA7,
    0x0F,0x03,0x20,0x17,0x16,0x8D,0xC1,0x08,0x0B,0x2B,0x02,0x41,
    0x65,0x78,0x70,0x6F,0x3B,0x0B,0x06,0x83,0x02,0x05,0x39,0x1B,
    0x09,0xA7,0x00,0x0F,0x6B,0x00,0x03,0x41,0x92,0xE3,0x82,0xA8,
    0xB2,0x05,0x02,0xF1,0x3B,0x0B,0x40,0x5D,0x13,0x72,0xFC,0x00,
    0x04,0xBA,0x00,0x09,0x51,0x00,0x05,0xB0,0x00,0x2E,0x81,0xAF,
    0x01,0x01,0x05,0x36,0x0A,0x0E,0x60,0x00,0x21,0xE5,0x85,0xD7,
    0x00,0x01,0x1A,0x02,0x0F,0xE3,0x08,0x03,0x03,0x07,0x03,0x71,
    0x20,0x20,0x22,0x73,0x75,0x67,0x67,0x06,0x59,0x22,0x46,0x69,
    0x24,0x04,0x68,0xE6,0x8E,0xA8,0xE5,0xA5,0xA8,0x59,0x21,0x01,
    0x4C,0x0B,0x06,0x32,0x00,0x02,0xAD,0x09,0x02,0x81,0x03,0x09,
    0x6A,0x10,0x0C,0x39,0x01,0x79,0x61,0x64,0x64,0x4D,0x65,0x6E,
    0x75,0x64,0x03,0x03,0x3C,0x09,0x13,0x50,0x6C,0x54,0x01,0x8C,
    0x02,0x01,0x18,0x03,0x06,0x4B,0x55,0x0B,0x3C,0x23,0x03,0x25,
    0x02,0x04,0x32,0x00,0x09,0x21,0x01,0x01,0xB3,0x21,0x0C,0x77,
    0x00,0x1C,0x6D,0x74,0x00,0x62,0x65,0x64,0x69,0x74,0x49,0x6E,
    0x6B,0x07,0x11,0x73,0x8A,0x05,0x55,0x86,0x85,0xE9,0x83,0xA8,
    0xA4,0x18,0x07,0x2E,0x03,0x02,0x60,0x03,0x33,0x46,0x65,0x61,
    0x66,0x11,0x7F,0x22,0xE6,0xA9,0x9F,0xE8,0x83,0xBD,0x59,0x03,
    0x01,0x02,0x2B,0x00,0x33,0x4C,0x69,0x6E,0xA5,0x2D,0x02,0x57,
    0x42,0x1F,0xAF,0x2B,0x00,0x07,0x04,0xC2,0x00,0x02,0xE2,0x00,
    0x0F,0x28,0x00,0x01,0x0E,0x26,0x5F,0x0B,0x52,0x01,0x07,0xCD,
    0x03,0x06,0x8D,0x02,0x71,0x63,0x75,0x73,0x74,0x6F,0x6D,0x52,
    0xA9,0x24,0x04,0x41,0x05,0x01,0x5D,0x11,0x03,0xBC,0x0B,0x1F,
    0xA0,0xA5,0x03,0x02,0x07,0xF5,0x00,0x03,0x62,0x01,0x07,0xF6,
    0x00,0x08,0x65,0x01,0x02,0x02,0x01,0x07,0x2F,0x00,0x81,0x70,
    0x61,0x73,0x73,0x43,0x6F,0x75,0x6E,0xD5,0x06,0x21,0x7B,0x7D,
    0xAC,0x47,0x27,0x82,0xB9,0x21,0x00,0xD2,0x64,0x6F,0x75,0x62,
    0x6C,0x65,0x43,0x6C,0x69,0x63,0x6B,0x45,0x64,0x7E,0x25,0x01,
    0xE8,0x1A,0x11,0x96,0xA5,0x23,0x08,0x98,0x35,0x1C,0xA7,0x8A,
    0x01,0x0D,0xF0,0x00,0x09,0x4D,0x07,0x13,0x22,0x9F,0x07,0x0F,
    0x16,0x25,0x00,0x01,0xD7,0x01,0x5C,0x87,0xBA,0xE5,0x8A,0x9B,
    0x0F,0x02,0x05,0x7D,0x48,0x06,0x32,0x01,0x04,0xB5,0x11,0x22,
    0x52,0x65,0xEE,0x11,0x02,0xCC,0x02,0x01,0xF0,0x0C,0x03,0x46,
    0x4D,0x12,0x88,0xD0,0x61,0x01,0x51,0x38,0x03,0x81,0x1B,0x07,
    0xE1,0x00,0x0F,0x8C,0x27,0x06,0x01,0x2A,0x03,0x0C,0xC4,0x00,
    0x03,0x66,0x21,0x06,0x7F,0x00,0x16,0x75,0x7D,0x29,0x02,0x6B,
    0x29,0x0C,0xB3,0x00,0x41,0x62,0x61,0x6E,0x6E,0x6B,0x08,0x06,
    0x34,0x00,0x01,0xF5,0x06,0x63,0x49,0x6E,0x76,0x61,0x6C,0x69,
    0x04,0x0A,0x11,0xB0,0x7C,0x21,0x92,0x95,0xE3,0x81,0x8C,0xE7,
    0x84,0xA1,0xE5,0x8A,0x68,0x23,0x1F,0x99,0x82,0x00,0x01,0x0F,
    0x0D,0x1A,0x00,0x11,0x65,0xF8,0x1B,0x52,0x43,0x61,0x6D,0x65,
    0x72,0x64,0x36,0x84,0x82,0xA8,0xE3,0x83,0x87,0xE3,0x82,0xA3,
    0xD3,0x03,0x11,0xAB,0x86,0x0A,0x17,0xA9,0xF5,0x00,0x48,0x67,
    0x61,0x6D,0x65,0x31,0x00,0x11,0xB2,0xCC,0x04,0x1F,0xA0,0x2B,
    0x00,0x0B,0x32,0x4E,0x61,0x6D,0x88,0x07,0x0E,0x30,0x00,0x0F,
    0xAA,0x00,0x01,0x06,0x05,0x3E,0x06,0xFA,0x00,0x65,0x76,0x69,
    0x65,0x77,0x65,0x72,0x0C,0x38,0x01,0xF6,0x00,0x14,0xB3,0xB7,
    0x23,0x31,0xA0,0xE3,0x83,0x2E,0x07,0x03,0x8B,0x00,0x04,0x14,
    0x01,0x23,0x83,0x93,0x00,0x0B,0x08,0xDD,0x0A,0xC1,0x22,0x63,
    0x61,0x70,0x74,0x75,0x72,0x65,0x53,0x74,0x61,0x74,0x07,0x04,
    0x0B,0x39,0x14,0x81,0x3A,0x20,0x7B,0x7D,0x2F,0x7B,0x7D,0x20,
    0x3E,0x0B,0xA3,0xA3,0xE3,0x83,0x97,0xE3,0x83,0x81,0xE3,0x83,
    0xA3,0x0A,0x02,0x25,0x80,0x81,0x5F,0x00,0x03,0x29,0x00,0x07,
    0x1C,0x01,0x52,0x61,0x75,0x74,0x6F,0x46,0xEA,0x02,0x04,0xC2,
    0x07,0x01,0x5C,0x0B,0x0D,0x74,0x2C,0x22,0x63,0x61,0x65,0x05,
    0x09,0xCA,0x0A,0x06,0x5B,0x05,0x62,0x6E,0x6F,0x46,0x72,0x61,
    0x6D,0x86,0x3F,0x01,0x95,0x02,0x0F,0xDE,0x00,0x02,0x21,0x81,
    0xAF,0xAC,0x06,0x11,0xA0,0xB3,0x1D,0x11,0xB3,0x4F,0x04,0x4F,
    0xA4,0xE3,0x83,0xAB,0x6E,0x07,0x02,0x0A,0x87,0x11,0x61,0x63,
    0x6F,0x70,0x79,0x44,0x6F,0xB9,0x03,0x32,0x44,0x4F,0x54,0x1D,
    0x0F,0x77,0xB3,0xE3,0x83,0x94,0xE3,0x83,0xBC,0xCE,0x00,0x03,
    0x26,0x00,0x13,0x46,0xC8,0x3F,0x03,0x01,0x1B,0xF1,0x01,0xE5,
    0x86,0x8D,0xE6,0xA7,0x8B,0xE7,0xAF,0x89,0xE3,0x81,0x97,0xE3,
    0x81,0x9F,0x20,0x6B,0x04,0x41,0x76,0x69,0x7A,0x20,0x4A,0x00,
    0x05,0x60,0x19,0x21,0x83,0xAB,0x9B,0x3B,0x02,0x16,0x0A,0x0F,
    0x5F,0x00,0x09,0x03,0x57,0x00,0x06,0xF1,0x00,0x42,0x20,0xE3,
    0x81,0x8C,0xC3,0x03,0x02,0x62,0x00,0x09,0x74,0x4E,0x0B,0xF6,
    0x01,0x04,0x1A,0x07,0x02,0x7D,0x00,0x0F,0x68,0x00,0x03,0x01,
    0x33,0x03,0x41,0x4C,0x61,0x62,0x65,0x2F,0x11,0x03,0x08,0x2D,
    0x21,0x20,0x28,0xB2,0x04,0x02,0xA6,0x16,0x18,0x89,0x45,0x08,
    0x36,0x70,0x69,0x6E,0x05,0x18,0x01,0x52,0x01,0x06,0x0E,0x04,
    0x07,0x1D,0x01,0x12,0x70,0xB0,0x08,0x48,0x22,0x3A,0x20,0x22,
    0x94,0x07,0x0A,0x22,0x00,0xB1,0x49,0x6E,0x53,0x69,0x64,0x65,
    0x45,0x66,0x66,0x65,0x63,0x6D,0x01,0x02,0xC8,0x29,0x8A,0x5C,
    0x6E,0xE5,0x89,0xAF,0xE4,0xBD,0x9C,0x2B,0x0A,0x42,0x70,0x69,
    0x6E,0x49,0x76,0x0C,0x2A,0x85,0xA5,0xD1,0x29,0x51,0x70,0x69,
    0x6E,0x55,0x73,0xD1,0x0D,0x02,0xFF,0x10,0x0A,0x64,0x00,0x21,
    0x53,0x69,0x10,0x10,0x1F,0x22,0x54,0x00,0x04,0x1F,0x4F,0x14,
    0x05,0x09,0x0F,0x47,0x18,0x01,0x35,0x6E,0x61,0x6D,0xF7,0x16,
    0x89,0x7B,0x7D,0x20,0x7C,0x20,0x7B,0x7D,0x78,0xE5,0x02,0x04,
    0x21,0x00,0x06,0x6A,0x18,0x06,0x27,0x00,0x01,0x2F,0x00,0x07,
    0xA0,0x00,0x02,0x6B,0x03,0x04,0xAA,0x0F,0x01,0xC9,0x01,0x02,
    0xD5,0x01,0x0B,0x74,0x03,0x31,0xE3,0x81,0xAE,0x69,0x03,0x08,
    0x1C,0x13,0x02,0xDA,0x13,0x06,0x81,0x03,0x67,0xE4,0xB8,0xAD,
    0x2E,0x2E,0x2E,0x5D,0x00,0x36,0x6D,0x6F,0x64,0x66,0x63,0x0A,
    0x5A,0x63,0xA2,0x6D,0x6F,0x64,0x65,0x52,0x61,0x77,0x44,0x65,
    0x70,0xA8,0x21,0xCB,0xE7,0x94,0x9F,0xE3,0x81,0xAE,0xE6,0xB7,
    0xB1,0xE5,0xBA,0xA6,0x42,0x00,0x11,0x4C,0xCB,0x0F,0x05,0x2A,
    0x00,0x01,0xC1,0x07,0x4F,0x8B,0xE3,0x82,0xA2,0x2D,0x00,0x02,
    0x21,0x49,0x6E,0x18,0x2D,0x1B,0x64,0x35,0x00,0x02,0x23,0x17,
    0x0F,0x3B,0x00,0x0B,0x43,0x41,0x6C,0x70,0x68,0x64,0x05,0x11,
    0xA2,0x16,0x19,0x4B,0x95,0xE3,0x82,0xA1,0x8C,0x00,0x02,0xD3,
    0x15,0x01,0xD9,0x17,0x48,0xB3,0x95,0xE7,0xB7,0x65,0x20,0x85,
    0x6D,0x6F,0x64,0x65,0x54,0x6F,0x6F,0x6C,0x04,0x2F,0x09,0x99,
    0x15,0x02,0x99,0x28,0x0F,0xB3,0x40,0x01,0x0F,0x6E,0x5F,0x09,
    0x43,0x67,0x61,0x6D,0x6D,0x93,0x00,0x02,0x00,0x2B,0x08,0x9A,
    0x56,0x59,0x72,0x65,0x73,0x65,0x74,0x72,0x00,0x02,0xCA,0x4B,
    0x03,0x53,0x05,0x03,0x39,0x13,0x21,0x82,0x92,0x1C,0x07,0x03,
    0xEC,0x1A,0x07,0xCF,0x00,0x62,0x66,0x69,0x74,0x52,0x61,0x6E,
    0xC4,0x17,0x61,0xE7,0xAF,0x84,0xE5,0x9B,0xB2,0xCE,0x16,0x0F,
    0x0F,0x05,0x02,0x04,0x2C,0x00,0x0F,0x6E,0x00,0x07,0x62,0xE7,
    0x94,0xBB,0xE5,0x83,0x8F,0x68,0x3F,0x02,0x99,0x01,0x05,0x54,
    0x00,0x0F,0x69,0x05,0x0A,0x62,0x63,0x6C,0x61,0x6D,0x70,0x4D,
    0x2F,0x08,0x01,0x73,0x08,0x01,0x3F,0x04,0x22,0x83,0x97,0xD9,
    0x17,0x07,0xAF,0x00,0x02,0x29,0x00,0x21,0x61,0x78,0x6E,0x05,
    0x0B,0x29,0x00,0x28,0xA4,0xA7,0x29,0x00,0x01,0x2C,0x07,0x12,
    0x5A,0x28,0x00,0x03,0x1E,0x07,0x91,0x20,0x7A,0x3A,0x20,0x7B,
    0x3A,0x2E,0x34,0x66,0x64,0x31,0x48,0x3A,0x2E,0x31,0x66,0x28,
    0x0B,0x61,0x6C,0x65,0x66,0x74,0x45,0x79,0xC0,0x03,0x57,0xE5,
    0xB7,0xA6,0xE7,0x9B,0xE1,0x0F,0x02,0xDF,0x0F,0x04,0x1D,0x00,
    0x5C,0x8F,0xB3,0xE7,0x9B,0xAE,0x04,0x08,0x69,0x6F,0x76,0x65,
    0x72,0x6C,0x61,0x32,0x12,0x25,0x22,0x70,0xBC,0x16,0x05,0xC3,
    0x15,0x03,0x96,0x01,0x07,0xA9,0x00,0x96,0x70,0x72,0x65,0x70,
    0x61,0x72,0x69,0x6E,0x67,0xEA,0x16,0x0C,0x2E,0x00,0x9A,0xE3,
    0x82,0x92,0xE6,0xBA,0x96,0xE5,0x82,0x99,0x6F,0x32,0x32,0x6E,
    0x6F,0x50,0x93,0x5E,0x11,0x43,0xEC,0x00,0x01,0xEB,0x00,0x06,
    0x2C,0x0E,0x11,0x9E,0xF1,0x01,0x03,0xFA,0x00,0x01,0xA3,0x15,
    0x09,0x73,0x40,0x0C,0xC0,0x00,0x05,0x99,0x50,0x06,0xCA,0x07,
    0x63,0x73,0x77,0x69,0x74,0x63,0x68,0x10,0x08,0x0F,0x2D,0x0D,
    0x04,0xC5,0xE5,0x88,0x87,0xE3,0x82,0x8A,0xE6,0x9B,0xBF,0xE3,
    0x81,0x88,0x0B,0x20,0x07,0xDE,0x00,0x02,0x28,0x10,0x62,0x65,
    0x72,0x49,0x6E,0x66,0x6F,0xA1,0x00,0x02,0xC2,0x02,0x11,0x80,
    0xBA,0x01,0x61,0xBC,0x20,0x27,0x7B,0x7D,0x27,0x5A,0x08,0x06,
    0x55,0x07,0x02,0x77,0x00,0x17,0x46,0x95,0x1F,0x05,0x33,0x00,
    0x07,0x13,0x0E,0x2A,0x81,0xAE,0x7B,0x00,0x0F,0xB5,0x37,0x00,
    0x07,0x87,0x00,0x12,0x66,0x22,0x0C,0xA2,0x4F,0x72,0x64,0x65,
    0x72,0x55,0x70,0x64,0x61,0x74,0xD6,0x00,0x02,0x2C,0x0B,0xF4,
    0x03,0xE3,0x81,0xAE,0xE9,0xA0,0x86,0xE5,0xBA,0x8F,0xE3,0x82,
    0x92,0xE6,0x9B,0xB4,0xE6,0x96,0xB0,0xE7,0x45,0x0B,0x46,0x00,
    0x48,0x6C,0x69,0x6E,0x6B,0xBD,0x54,0x01,0xCF,0x0C,0x02,0x2C,
    0x06,0x01,0x54,0x04,0x45,0xB3,0xE3,0x82,0xAF,0x28,0x0C,0x01,
    0x3E,0x00,0x03,0xDE,0x18,0x07,0x8A,0x00,0x04,0x41,0x0E,0x22,
    0x45,0x64,0x74,0x03,0x31,0xE3,0x81,0x93,0xF9,0x3C,0x18,0xAF,
    0x9E,0x06,0x02,0x33,0x0F,0x91,0xE3,0x81,0xAE,0xE4,0xBE,0x9D,
    0xE5,0xAD,0x98,0x8D,0x22,0x45,0x83,0xE3,0x82,0xB8,0x44,0x0E,
    0x07,0x51,0x00,0x51,0x70,0x61,0x73,0x73,0x44,0x67,0x10,0x12,
    0x64,0x61,0x01,0x03,0x07,0x30,0x02,0x5A,0x10,0x0F,0x86,0x00,
    0x04,0x53,0x6E,0x6F,0x64,0x65,0x52,0xCB,0x0E,0x01,0x36,0x00,
    0x03,0xA6,0x3D,0x11,0x8E,0x25,0x0A,0x1F,0x89,0x8F,0x00,0x04,
    0x04,0x23,0x33,0x06,0xAC,0x01,0x13,0x72,0x92,0x0B,0x09,0x81,
    0x00,0x15,0xAA,0x46,0x2A,0x0F,0x0D,0x01,0x0D,0x78,0x6E,0x6F,
    0x74,0x68,0x69,0x6E,0x67,0xA2,0x10,0x64,0xE4,0xBD,0x95,0xE3,
    0x82,0x82,0x83,0x06,0x02,0x3E,0x41,0x05,0x43,0x18,0x0B,0x90,
    0x10,0x02,0xEA,0x0F,0x02,0xCB,0x01,0x0E,0x56,0x0F,0x0F,0xFB,
    0x00,0x04,0x04,0x35,0x00,0x51,0x44,0x65,0x74,0x61,0x69,0x6B,
    0x08,0x08,0x3E,0x0D,0x0F,0x6D,0x02,0x03,0x0F,0x15,0x10,0x01,
    0x08,0x5F,0x00,0x0B,0xC2,0x02,0x58,0x74,0x6F,0x70,0x6F,0x41,
    0x42,0x1B,0x0C,0x50,0x12,0x01,0xA7,0x3E,0x14,0xA9,0x22,0x19,
    0x0E,0x25,0x02,0x06,0x65,0x12,0x07,0x47,0x00,0x04,0x41,0x05,
    0x09,0x6C,0x12,0x0F,0x4A,0x00,0x0D,0xC1,0x72,0x65,0x70,0x61,
    0x69,0x72,0x65,0x64,0x4C,0x69,0x6E,0x6B,0x45,0x0B,0x31,0xE5,
    0x8F,0xA4,0xA8,0x38,0x0F,0x54,0x03,0x01,0x07,0x14,0x0F,0x68,
    0xE4,0xBF,0xAE,0xE5,0xBE,0xA9,0xE4,0x00,0x07,0x73,0x02,0x63,
    0x6C,0x6F,0x61,0x64,0x65,0x64,0x14,0x3C,0x01,0x81,0x12,0x08,
    0xFE,0x11,0x04,0xEC,0x09,0x0B,0x2B,0x37,0x0F,0xE8,0x00,0x01,
    0x34,0x6C,0x6F,0x61,0x47,0x00,0x06,0xF0,0x03,0x09,0x8F,0x01,
    0x05,0x4D,0x00,0x22,0x81,0xAE,0x21,0x03,0x03,0x6E,0x70,0x0F,
    0xF0,0x03,0x01,0x0B,0x86,0x01,0x02,0xA6,0x00,0x06,0xF9,0x09,
    0x04,0x3A,0x00,0x0E,0x6F,0x01,0x46,0x6C,0x6F,0x61,0x64,0x80,
    0x00,0x05,0x38,0x0C,0x0F,0x74,0x00,0x20,0xC4,0x63,0x6F,0x6E,
    0x6E,0x65,0x63,0x74,0x54,0x6F,0x52,0x65,0x6F,0x4F,0x14,0x05,
    0x65,0x04,0x03,0x2D,0x0B,0x86,0x82,0x92,0xE5,0x88,0xA5,0xE3,
    0x81,0xAE,0x18,0x00,0x01,0x49,0x0A,0x61,0xE3,0x81,0xAB,0xE6,
    0x8E,0xA5,0xA3,0x36,0x01,0xE5,0x1A,0x0D,0xFC,0x13,0x01,0xE2,
    0x65,0x47,0xA6,0xE3,0x81,0xB9,0x6E,0x05,0x1A,0x99,0x30,0x0C,
    0x03,0xE7,0x04,0x09,0x8E,0x03,0x0C,0x47,0x00,0x03,0x77,0x00,
    0x0F,0x21,0x04,0x0C,0x87,0x70,0x61,0x73,0x73,0x4C,0x69,0x6E,
    0x6B,0x2D,0x05,0x01,0x4B,0x00,0x0F,0xEF,0x04,0x00,0x0F,0x33,
    0x05,0x0A,0x01,0x01,0x0F,0x01,0xAF,0x2C,0x06,0x61,0x01,0x51,
    0xE6,0xA4,0x9C,0xE8,0xA8,0xB8,0x28,0x0F,0x68,0x3D,0x0D,0x03,
    0x60,0x0E,0x01,0xC1,0x15,0x0C,0x57,0x27,0x0A,0x62,0x0C,0x04,
    0x4F,0x03,0x0F,0x54,0x00,0x02,0x08,0xEE,0x02,0x11,0x2F,0xA7,
    0x15,0x03,0x08,0x09,0x01,0xCD,0x3B,0x04,0x23,0x1E,0x22,0x81,
    0x8C,0x7A,0x25,0x01,0xE8,0x04,0x02,0x5F,0x14,0x01,0xDF,0x23,
    0x09,0x6E,0x05,0x03,0x19,0x1F,0x52,0x49,0x6E,0x4D,0x65,0x6D,
    0xED,0x54,0x11,0x22,0x7A,0x0F,0x72,0xA2,0xE3,0x83,0xAA,0xE3,
    0x81,0xAB,0x87,0x00,0x0D,0x5D,0x72,0x0B,0x36,0x00,0x06,0x7B,
    0x04,0x08,0x9A,0x00,0x06,0x78,0x02,0x2E,0x82,0x92,0x54,0x00,
    0x01,0x16,0x02,0x03,0xBB,0x02,0x0B,0xE9,0x02,0x03,0x10,0x12,
    0x08,0xD0,0x05,0x0F,0x44,0x03,0x04,0x0F,0x65,0x06,0x02,0x03,
    0xD6,0x05,0x0F,0x41,0x05,0x00,0x22,0x82,0x92,0xC9,0x0C,0x01,
    0x7C,0x00,0x0D,0x77,0x1D,0x06,0x06,0x06,0x05,0xB4,0x5F,0x04,
    0x7C,0x39,0x06,0xAB,0x00,0x07,0x36,0x04,0x01,0x26,0x00,0x0F,
    0xFB,0x00,0x0F,0x0E,0x44,0x00,0x01,0xEF,0x00,0x03,0xA6,0x11,
    0x07,0x83,0x18,0x05,0xB8,0x28,0x06,0xB1,0x14,0x01,0x27,0x18,
    0x06,0x0F,0x00,0x09,0x1E,0x44,0x02,0x53,0x06,0x38,0x20,0x28,
    0x51,0x45,0x0E,0x31,0x6D,0x6F,0x76,0xF1,0x09,0x02,0x7D,0x1C,
    0x38,0x20,0x28,0x57,0x1D,0x00,0x01,0x58,0x66,0x01,0x1F,0x00,
    0x98,0xE5,0x9B,0x9E,0xE8,0xBB,0xA2,0x20,0x28,0x45,0x1F,0x00,
    0x01,0x4F,0x1B,0x01,0x3D,0x07,0x07,0xE7,0x1A,0x38,0x20,0x28,
    0x52,0x24,0x00,0x13,0x72,0x51,0x0E,0x03,0x15,0x52,0x21,0x83,
    0x84,0x6F,0x02,0x48,0xAB,0x20,0x28,0x54,0x26,0x00,0x08,0x08,
    0x54,0x0F,0xEA,0x5B,0x06,0x07,0x3D,0x00,0x1D,0x59,0x37,0x55,
    0x59,0x63,0x6F,0x6F,0x72,0x64,0xF9,0x00,0x0F,0xB9,0x50,0x0C,
    0x02,0x20,0x00,0x09,0xC9,0x0B,0x11,0xAD,0x60,0x09,0xAD,0xAB,
    0xE3,0x83,0xAB,0xE5,0xBA,0xA7,0xE6,0xA8,0x99,0xF6,0x61,0x42,
    0x67,0x6C,0x6F,0x62,0xF6,0x0C,0x01,0xAB,0x02,0x01,0x30,0x00,
    0x2A,0x83,0x90,0x12,0x11,0x02,0x24,0x00,0x08,0x58,0x00,0x0A,
    0x2B,0x00,0x09,0x5B,0x00,0x03,0xD4,0x01,0x03,0x49,0x02,0x01,
    0xBD,0x01,0x0C,0xE4,0x19,0x32,0x67,0x72,0x69,0xD7,0x08,0x21,
    0x82,0xB0,0x63,0x09,0x0A,0x44,0x1D,0x52,0x22,0x75,0x69,0x53,
    0x6E,0xCA,0x26,0x91,0x55,0x49,0x20,0xE3,0x82,0xB9,0xE3,0x83,
    0x8A,0x24,0x00,0x07,0xC4,0x26,0x6A,0x22,0x76,0x69,0x65,0x77,
    0x4D,0x96,0x0D,0xAC,0x33,0x44,0x20,0x2F,0x20,0x32,0x44,0x20,
    0x55,0x49,0x07,0x0B,0x5A,0x67,0x69,0x7A,0x6D,0x6F,0x07,0x0B,
    0x84,0x70,0x6F,0x70,0x75,0x70,0x54,0x69,0x74,0xED,0x01,0x0B,
    0x7A,0x13,0x67,0xAE,0xE3,0x82,0xBA,0xE3,0x83,0x95,0x1D,0x01,
    0xC8,0x00,0x32,0x74,0x69,0x70,0x1B,0x02,0x0F,0x2E,0x00,0x03,
    0x22,0xEF,0xBC,0x48,0x29,0x11,0xA4,0x71,0x11,0xD1,0xB3,0xE3,
    0x80,0x81,0xE5,0xA2,0x83,0xE7,0x95,0x8C,0xE3,0x80,0x81,0x12,
    0x00,0x11,0xA9,0xD1,0x10,0x01,0xA5,0x3A,0x24,0x80,0x81,0x0F,
    0x00,0x38,0x88,0xEF,0xBC,0x15,0x37,0x34,0x68,0x65,0x61,0xB1,
    0x1A,0x0C,0x0E,0x14,0x0E,0x94,0x00,0x41,0x69,0x63,0x6F,0x6E,
    0x00,0x08,0x01,0xFF,0x04,0x03,0x77,0x00,0x07,0x9D,0x03,0x46,
    0x69,0x63,0x6F,0x6E,0x14,0x27,0x06,0x23,0x00,0x0F,0x15,0x25,
    0x01,0x23,0x73,0x65,0xB5,0x5B,0x02,0x37,0x62,0x01,0xC0,0x3C,
    0x01,0xB0,0x09,0x03,0xEC,0x0D,0x04,0x17,0x62,0x07,0x5F,0x00,
    0x83,0x63,0x6F,0x6C,0x6C,0x69,0x64,0x65,0x72,0x83,0x00,0x14,
    0xB3,0xD3,0x00,0x1A,0x80,0xCA,0x12,0x01,0x07,0x56,0x02,0xCE,
    0x0C,0x14,0x47,0x89,0x01,0x01,0xEA,0x05,0x03,0xFF,0x00,0x11,
    0x86,0xA0,0x02,0x11,0xA1,0x3E,0x00,0x0E,0xE4,0x00,0x71,0x73,
    0x68,0x6F,0x77,0x41,0x6C,0x6C,0x78,0x01,0x04,0xFE,0x62,0x02,
    0x71,0x0F,0x07,0x8A,0x00,0x4C,0x68,0x69,0x64,0x65,0x25,0x00,
    0x33,0xE9,0x9D,0x9E,0x28,0x00,0x0B,0x92,0x02,0x01,0x2C,0x49,
    0x31,0x43,0x6F,0x6C,0x01,0x29,0x06,0x12,0x02,0x57,0x61,0x70,
    0x70,0x6C,0x79,0xE5,0x0F,0x01,0x7C,0x02,0x01,0x28,0x17,0x21,
    0x82,0xA2,0xA2,0x00,0x02,0xC8,0x2A,0x12,0x92,0x0E,0x06,0x07,
    0x7D,0x00,0x0C,0x4B,0x02,0x06,0xF4,0x17,0x1F,0x20,0x44,0x00,
    0x02,0x07,0x3B,0x00,0x02,0x36,0x18,0x07,0x75,0x00,0x0F,0x3E,
    0x00,0x1A,0x14,0x6C,0x57,0x13,0x0E,0xA8,0x00,0x0D,0x02,0x03,
    0x24,0x61,0x6D,0x6E,0x30,0x06,0xF2,0x00,0x05,0x41,0x1B,0x06,
    0x18,0x16,0x04,0xB4,0x15,0x07,0xA4,0x00,0x0F,0xCB,0x0E,0x74,
    0x0F,0x8B,0x0F,0x01,0x05,0x56,0x18,0x14,0x22,0x2F,0x16,0x11,
    0xB3,0xF2,0x3A,0x1C,0xB9,0xFF,0x00,0x42,0x68,0x69,0x73,0x74,
    0xD9,0x07,0x06,0xFE,0x00,0x73,0x6D,0x6F,0x76,0x65,0x55,0x69,
    0x52,0xCC,0x05,0x33,0x55,0x49,0x20,0xCF,0x05,0x22,0x82,0x92,
    0x38,0x06,0x07,0x03,0x01,0x02,0x34,0x06,0x0F,0x2D,0x00,0x03,
    0x02,0x46,0x06,0x08,0x2D,0x00,0x4F,0x65,0x73,0x69,0x7A,0x5A,
    0x00,0x04,0x01,0x47,0x0D,0x03,0x87,0x2A,0x07,0x33,0x00,0x01,
    0x75,0x06,0x0F,0x5F,0x00,0x03,0x0F,0xA4,0x16,0x04,0x05,0x5D,
    0x06,0x11,0x45,0x22,0x64,0x01,0x1E,0x03,0x0D,0x49,0x5B,0x01,
    0xF4,0x11,0x11,0x88,0xB9,0x02,0x01,0x3B,0x26,0x06,0x1F,0x16,
    0x14,0xA0,0x21,0x01,0x07,0x7A,0x07,0x04,0xE8,0x42,0x04,0xBE,
    0x1A,0x03,0x2A,0x01,0x01,0xF9,0x04,0x0E,0xC1,0x05,0x02,0x23,
    0x20,0x02,0xC2,0x05,0x0B,0xCA,0x1A,0x11,0x6E,0xBD,0x07,0x68,
    0x22,0xE6,0x96,0xB0,0xE8,0xA6,0xB1,0x34,0x43,0x63,0x6F,0x6D,
    0x70,0xDF,0x1C,0x01,0x2D,0x04,0x11,0xB3,0x7C,0x0A,0x1A,0xA4,
    0x6B,0x06,0x06,0x25,0x0D,0x01,0xE4,0x0B,0x0F,0x8A,0x1F,0x0C,
    0x0F,0x09,0x20,0x0A,0x0B,0xF7,0x03,0x4D,0x6E,0x6F,0x64,0x65,
    0x0A,0x1D,0x62,0x65,0x64,0x69,0x74,0x4E,0x6F,0x6A,0x24,0x04,
    0x29,0x0F,0x15,0x88,0x94,0x1C,0x0A,0xF2,0x14,0x01,0x38,0x04,
    0x0F,0x2D,0x00,0x01,0x05,0x7F,0x03,0x07,0xD3,0x01,0x1C,0x6E,
    0x55,0x00,0x04,0x72,0x01,0x04,0x18,0x07,0x8B,0x62,0x6C,0x61,
    0x63,0x6B,0x62,0x6F,0x61,0xE2,0x07,0x03,0x99,0x5D,0x14,0x56,
    0x83,0x6A,0x0B,0x0B,0x35,0x07,0x62,0x00,0x03,0x2A,0x00,0x0F,
    0xD9,0x3B,0x08,0x0B,0x01,0x01,0x0F,0x64,0x80,0x00,0x0C,0x88,
    0x00,0x02,0x86,0x7E,0x11,0xA9,0x98,0x10,0x11,0xAF,0xF4,0x60,
    0x0B,0x19,0x6F,0x04,0xB1,0x3C,0x32,0x65,0x74,0x65,0x3F,0x2E,
    0x0F,0xB5,0x3C,0x12,0x0A,0xE1,0x47,0x23,0x65,0x74,0x33,0x06,
    0x03,0xD0,0x47,0x0E,0x43,0x00,0x0F,0xAC,0x4D,0x02,0x03,0x39,
    0x01,0x02,0x1F,0x26,0x0F,0x18,0x3E,0x0D,0x25,0x75,0x69,0x00,
    0x15,0x32,0x55,0x49,0x20,0xC3,0x06,0x07,0x3C,0x01,0x21,0x6D,
    0x69,0xED,0x17,0x0D,0x89,0x14,0x12,0x6D,0x84,0x14,0x0D,0x8D,
    0x80,0x0F,0x68,0x6A,0x0A,0x6F,0x20,0x20,0x22,0x6E,0x6F,0x44,
    0x8A,0x6A,0x01,0x0F,0xFC,0x51,0x03,0x0B,0x97,0x01,0x06,0x50,
    0x14,0x03,0x72,0x03,0x43,0x20,0x20,0x22,0x6D,0x8C,0x26,0x0B,
    0xF7,0x15,0x01,0x26,0x07,0x0D,0x95,0x26,0x0F,0xED,0x6F,0x18,
    0x31,0x74,0x69,0x6D,0xFB,0x0A,0x02,0x34,0x56,0x07,0x11,0x01,
    0x27,0x75,0x73,0xB2,0x11,0x04,0x0A,0x27,0x0B,0x7E,0x00,0x12,
    0x3A,0x8C,0x09,0x03,0xC5,0x47,0x31,0x20,0x30,0x20,0x55,0x2F,
    0x14,0xAA,0x31,0x0A,0x11,0xBC,0xC1,0x07,0x4A,0xA4,0xE3,0x83,
    0x89,0x63,0x0C,0x12,0x9F,0xA4,0x0B,0x0F,0xBC,0x00,0x04,0x02,
    0x79,0x00,0x06,0xAA,0x24,0x0A,0xEE,0x2B,0x0F,0x73,0x00,0x25,
    0x67,0xE7,0x90,0x83,0xE4,0xBD,0x93,0x33,0x02,0xB2,0x63,0x6F,
    0x6E,0x74,0x72,0x6F,0x6C,0x73,0x48,0x69,0x6E,0x0C,0x1A,0x21,
    0xB7,0xA6,0xD2,0x53,0x02,0xEB,0x02,0x3B,0xB0,0x3A,0x20,0xEC,
    0x00,0x02,0xD6,0x05,0x51,0x20,0x20,0xE3,0x83,0x9B,0xD4,0x00,
    0x61,0xBC,0xE3,0x83,0xAB,0x3A,0x20,0x15,0x0A,0x81,0xBC,0xE3,
    0x83,0xA0,0x20,0x20,0x46,0x3A,0x6F,0x1B,0x22,0x83,0xAC,0x11,
    0x00,0x0C,0xDE,0x03,0x3D,0x61,0x64,0x64,0x25,0x41,0x64,0x73,
    0x65,0x61,0x72,0x63,0x68,0x82,0x00,0x04,0x6E,0x04,0x98,0x89,
    0xE3,0x82,0x92,0xE6,0xA4,0x9C,0xE7,0xB4,0x6D,0x0A,0xE1,0x6E,
    0x6F,0x4D,0x61,0x74,0x63,0x68,0x69,0x6E,0x67,0x4E,0x6F,0x64,
    0x65,0x60,0x09,0x62,0xE4,0xB8,0x80,0xE8,0x87,0xB4,0x65,0x2B,
    0x06,0x3C,0x00,0x0F,0x2A,0x03,0x02,0x0B,0x61,0x02,0x0F,0xC4,
    0x63,0x02,0x0F,0x39,0x41,0x08,0x19,0x70,0xA5,0x03,0x0E,0x60,
    0x40,0x07,0x57,0x01,0x13,0x6D,0x8A,0x3B,0x58,0xE6,0x95,0xB0,
    0xE5,0xAD,0xDC,0x19,0x32,0x6C,0x6F,0x67,0x62,0x2A,0x67,0xE8,
    0xAB,0x96,0xE7,0x90,0x86,0x33,0x00,0x06,0xF6,0x1A,0x0C,0x47,
    0x19,0x07,0x25,0x00,0x43,0x73,0x68,0x61,0x64,0x07,0x25,0x07,
    0x16,0x4B,0x01,0x1B,0x1F,0x57,0x83,0xB3,0xE3,0x82,0xB0,0x2B,
    0x00,0x42,0x6F,0x75,0x74,0x70,0x2D,0x06,0x02,0x8A,0x11,0x08,
    0x1B,0x00,0x23,0x74,0x68,0xA6,0x04,0x8C,0x81,0x9D,0xE3,0x81,
    0xAE,0xE4,0xBB,0x96,0xA7,0x01,0x3F,0x73,0x75,0x62,0x1E,0x01,
    0x02,0x01,0x68,0x1A,0x92,0x78,0x41,0x74,0x74,0x72,0x69,0x62,
    0x75,0x74,0x81,0x01,0x02,0x83,0x47,0x67,0xE5,0xB1,0x9E,0xE6,
    0x80,0xA7,0x65,0x00,0x03,0xD0,0x00,0x01,0xA4,0x01,0x0C,0xD1,
    0x00,0x0B,0x89,0x01,0x0F,0x8E,0x17,0x00,0x02,0xCF,0x12,0x65,
    0x43,0x75,0x73,0x74,0x6F,0x6D,0xEB,0x01,0x61,0x7B,0x7D,0x20,
    0xE5,0x80,0x8B,0x5E,0x03,0x06,0x4C,0x0A,0x06,0xF4,0x01,0x2A,
    0x82,0x92,0x35,0x13,0x03,0x40,0x10,0x07,0x94,0x00,0x0D,0x56,
    0x00,0x52,0x53,0x6B,0x69,0x70,0x70,0x37,0x13,0x0F,0x5D,0x00,
    0x1B,0x23,0x80,0x81,0x30,0x00,0x03,0x8A,0x08,0x02,0xFD,0x03,
    0x09,0x46,0x4F,0x07,0x78,0x00,0x02,0xBC,0x27,0x02,0x68,0x00,
    0x0B,0xBE,0x27,0x0F,0x7D,0x17,0x04,0xA1,0x61,0x6C,0x72,0x65,
    0x61,0x64,0x79,0x4F,0x70,0x65,0x91,0x05,0x01,0x4F,0x2F,0xA1,
    0xA7,0xE3,0x81,0xAB,0xE9,0x96,0x8B,0xE3,0x81,0x84,0xA0,0x10,
    0x11,0x84,0xE2,0x00,0x17,0x99,0x67,0x00,0x07,0x35,0x00,0x44,
    0x4D,0x65,0x73,0x73,0xAA,0x5F,0x0C,0x7E,0x36,0x04,0x88,0x20,
    0x03,0x37,0x6F,0x0F,0x57,0x00,0x03,0x01,0x87,0x10,0x06,0x28,
    0x04,0x02,0x18,0x3D,0x0F,0x56,0x00,0x11,0x09,0xB2,0x26,0x0F,
    0xD4,0x36,0x00,0x33,0x6F,0x70,0x65,0x1E,0x13,0x0F,0x4E,0x00,
    0x18,0x11,0x91,0xEC,0x00,0x01,0xA1,0x12,0x04,0xC4,0x4F,0x0B,
    0xA1,0x00,0x0A,0xD6,0x14,0x0A,0x09,0x02,0x0F,0x27,0x13,0x00,
    0x07,0x36,0x01,0x02,0x15,0x02,0x01,0x56,0x09,0x07,0x66,0x71,
    0x01,0x71,0x00,0x0B,0x12,0x19,0x0A,0x86,0x32,0x04,0x7B,0x4B,
    0x0F,0x5E,0x00,0x0B,0x01,0x08,0x12,0x08,0x2F,0x00,0x0F,0x2E,
    0x12,0x02,0x03,0x03,0x0A,0x02,0x18,0x01,0x02,0xB5,0x0A,0x02,
    0x6E,0x4A,0x11,0x91,0x66,0x05,0x1F,0xAB,0x66,0x00,0x0D,0x61,
    0x77,0x72,0x69,0x74,0x65,0x53,0xBD,0x4B,0x06,0x44,0x00,0x02,
    0x42,0x35,0x04,0x57,0x18,0x1B,0x9F,0x9A,0x4B,0x36,0xE3,0x81,
    0xAE,0x20,0x48,0x0F,0x64,0x16,0x04,0x07,0x26,0x01,0x03,0xA2,
    0x00,0x0F,0x9D,0x00,0x03,0x06,0xD4,0x00,0x0B,0x96,0x01,0x06,
    0xB6,0x0A,0x0F,0xDB,0x17,0x2D,0x52,0x6C,0x69,0x76,0x65,0x50,
    0x62,0x1C,0x09,0xA6,0x15,0x02,0x2E,0x0F,0x1B,0x96,0x20,0x07,
    0x0F,0xA9,0x15,0x0D,0x42,0x65,0x64,0x69,0x74,0x69,0x01,0x02,
    0x4E,0x2A,0x08,0xC3,0x00,0x07,0xF5,0x00,0x03,0x83,0x08,0x92,
    0x4D,0x65,0x73,0x68,0x43,0x68,0x61,0x6E,0x67,0x33,0x00,0x0C,
    0x6C,0x00,0x08,0xC6,0x4D,0x8F,0x82,0x92,0xE5,0xA4,0x89,0xE6,
    0x9B,0xB4,0x51,0x00,0x0F,0x33,0x52,0x65,0x73,0xA8,0x28,0x0B,
    0xBB,0x00,0x0A,0x4F,0x00,0x02,0xB2,0x07,0x31,0xE3,0x81,0xAB,
    0x23,0x0D,0x04,0xCA,0x15,0x0F,0x35,0x04,0x03,0x03,0xAF,0x00,
    0x11,0x53,0x60,0x31,0x0F,0xB1,0x00,0x08,0x0F,0xFA,0x78,0x01,
    0x0F,0xBA,0x00,0x14,0x03,0x5C,0x00,0x4F,0x6C,0x65,0x61,0x72,
    0x0D,0x01,0x03,0x0F,0x5C,0x00,0x04,0x01,0x37,0x0B,0x01,0x32,
    0x10,0x08,0xBB,0x00,0x03,0x08,0x06,0x07,0x6D,0x0D,0x04,0xD1,
    0x6D,0x0F,0x6D,0x0D,0x11,0x0F,0x50,0x0D,0x05,0x44,0x61,0x64,
    0x64,0x53,0xCC,0x14,0x04,0x73,0x64,0x03,0xBF,0x0C,0x03,0xA6,
    0x48,0x03,0x78,0x00,0x03,0xDF,0x04,0x0F,0x80,0x06,0x01,0x02,
    0xF0,0x04,0x02,0xED,0x02,0x08,0x22,0x44,0x11,0xBF,0x37,0x14,
    0x04,0x42,0x05,0x0F,0xEC,0x04,0x0D,0x09,0xA2,0x00,0x0F,0x49,
    0x00,0x08,0x0B,0x36,0x03,0x0F,0x92,0x04,0x03,0x58,0xE5,0xAE,
    0x8C,0xE4,0xBA,0x32,0x08,0x0F,0x5B,0x04,0x13,0x0F,0xB5,0x04,
    0x25,0x02,0x48,0x04,0x33,0x42,0x61,0x64,0x49,0x0D,0x0F,0xEF,
    0x04,0x08,0xEC,0x3A,0x20,0xE4,0xB8,0x8D,0xE6,0xAD,0xA3,0xE3,
    0x81,0xAA,0x75,0x72,0x69,0x4C,0x08,0x01,0x37,0x09,0x49,0x54,
    0x79,0x70,0x65,0xCA,0x0B,0x31,0x62,0x6F,0x6F,0xBC,0x12,0x47,
    0x42,0x6F,0x6F,0x6C,0x72,0x03,0x52,0x74,0x72,0x69,0x67,0x67,
    0x9D,0x08,0x13,0x54,0x0B,0x00,0x03,0xA6,0x01,0x0E,0xB0,0x53,
    0x0B,0xC6,0x01,0x4D,0x63,0x6F,0x6E,0x64,0x67,0x00,0x43,0x67,
    0x72,0x65,0x61,0x93,0x0D,0x21,0x3E,0x20,0xB6,0x39,0x1A,0xAA,
    0x10,0x25,0x31,0x6C,0x65,0x73,0xA3,0x08,0x43,0x3C,0x20,0xE5,
    0xB0,0x19,0x74,0x07,0x8F,0x00,0x41,0x65,0x71,0x75,0x61,0xA7,
    0x00,0x52,0x3D,0x3D,0x20,0xE7,0xAD,0x5D,0x26,0x07,0x64,0x34,
    0x54,0x22,0x6E,0x6F,0x74,0x45,0x23,0x00,0x16,0x21,0x23,0x00,
    0x01,0x49,0x00,0x09,0x29,0x00,0x42,0x69,0x73,0x54,0x72,0x01,
    0x8B,0x51,0x74,0x72,0x75,0x65,0x20,0x76,0x07,0x19,0x82,0xC4,
    0x31,0xFF,0x01,0x22,0x69,0x73,0x46,0x61,0x6C,0x73,0x65,0x22,
    0x3A,0x20,0x22,0x66,0x61,0x6C,0x73,0x25,0x00,0x03,0x03,0x20,
    0x01,0x14,0x53,0x3B,0x04,0x11,0x88,0x56,0x03,0x01,0x6D,0x0B,
    0x25,0x81,0x8C,0x20,0x04,0x03,0x93,0x19,0x0B,0x21,0x01,0x21,
    0x6E,0x6F,0x94,0x25,0x12,0x7B,0x17,0x00,0x01,0xF6,0x63,0x15,
    0x79,0x29,0x03,0x42,0x41,0x6E,0x79,0x20,0x0D,0x00,0x18,0x2C,
    0x20,0x00,0x03,0xA9,0x25,0x67,0x61,0x6E,0x79,0x20,0x2D,0x3E,
    0x19,0x01,0x02,0x28,0x0E,0x57,0x2D,0x3E,0x20,0x69,0x6E,0x16,
    0x00,0x21,0x6F,0x75,0x45,0x0C,0x3A,0x6F,0x75,0x74,0x2E,0x00,
    0x24,0x63,0x6C,0x21,0x16,0x01,0x38,0x14,0x5A,0x83,0x83,0xE3,
    0x83,0x97,0x93,0x25,0x0B,0xED,0x63,0x79,0x20,0x7B,0x3A,0x2E,
    0x32,0x66,0x7D,0x23,0x00,0x47,0x6C,0x6F,0x6F,0x70,0x85,0x2F,
    0x41,0x20,0xE3,0x83,0xAB,0xD8,0x03,0x1C,0x97,0x71,0x02,0x0D,
    0x63,0x2D,0x01,0x47,0x45,0x42,0x45,0x6E,0x74,0x72,0x18,0x31,
    0x03,0x10,0x12,0x01,0x3B,0x01,0x0F,0x39,0x45,0x00,0x72,0x61,
    0x64,0x64,0x54,0x72,0x61,0x6E,0x34,0x8F,0x54,0x46,0x72,0x6F,
    0x6D,0x48,0x2E,0x32,0x03,0x5B,0x61,0x41,0x8B,0xE3,0x82,0x89,
    0x3F,0x00,0x01,0xB7,0x23,0x25,0x82,0xB8,0x88,0x6F,0x06,0x61,
    0x04,0x06,0x44,0x01,0x02,0x89,0x2D,0x02,0x5A,0x01,0x01,0x18,
    0x12,0x02,0x03,0x69,0x03,0x90,0x04,0x02,0xB7,0x20,0x07,0x42,
    0x01,0x02,0x2F,0x00,0x06,0x80,0x00,0x01,0x82,0x04,0x06,0xAC,
    0x12,0x09,0x6C,0x00,0x03,0x3D,0x00,0x02,0xAF,0x01,0x05,0x85,
    0x3F,0x33,0x73,0x65,0x63,0x39,0x00,0x06,0xE9,0x01,0x0F,0x97,
    0x12,0x0A,0x01,0xA0,0x03,0x05,0x7C,0x10,0x0F,0xD7,0x0C,0x0A,
    0x1F,0x73,0x57,0x05,0x01,0x07,0xBE,0x00,0x15,0x74,0x38,0x01,
    0x0F,0xB8,0x00,0x06,0x0C,0xAD,0x01,0x1D,0x66,0x56,0x60,0x1F,
    0x65,0xA9,0x01,0x01,0x07,0x65,0x00,0x0F,0x4D,0x02,0x01,0x07,
    0x1F,0x00,0x0B,0x4A,0x02,0x07,0x1A,0x00,0x0F,0x6D,0x66,0x09,
    0x31,0x6E,0x6F,0x41,0x7A,0x06,0x36,0x69,0x6F,0x6E,0x4D,0x42,
    0x1A,0x28,0xFC,0x05,0x05,0xE6,0x01,0x15,0xA2,0x69,0x03,0x61,
    0xE3,0x81,0x8C,0xE6,0x9C,0xAA,0xA4,0x09,0x06,0x90,0x29,0x0D,
    0xB0,0x1A,0x01,0x62,0x01,0x09,0xFE,0x04,0x22,0x61,0x64,0x49,
    0x09,0x0E,0xE3,0x11,0x0F,0x43,0x02,0x00,0x03,0xF4,0x03,0x04,
    0xA3,0x0F,0x11,0x28,0x7C,0x02,0x03,0xF6,0x03,0x0D,0x6C,0x00,
    0x09,0x83,0x01,0x06,0x02,0x02,0x32,0x72,0x6F,0x75,0x81,0x02,
    0x7A,0x7B,0x7D,0x20,0x20,0x2D,0x3E,0x20,0x7E,0x03,0x08,0x65,
    0x4B,0x6D,0xE7,0xB6,0x99,0xE7,0xB6,0x9A,0x09,0x11,0x04,0x23,
    0x00,0x06,0x60,0x29,0x67,0x25,0x2E,0x32,0x66,0x20,0x73,0x60,
    0x01,0x65,0x68,0x61,0x73,0x45,0x78,0x69,0x80,0x67,0x62,0xE7,
    0xB5,0x82,0xE4,0xBA,0x86,0x49,0x00,0x01,0xED,0x04,0x17,0x8A,
    0x2C,0x00,0x1F,0x65,0x29,0x00,0x04,0x07,0x23,0x00,0x41,0x63,
    0x6F,0x6E,0x64,0x84,0x03,0x05,0x9D,0x10,0x81,0xE6,0x9D,0xA1,
    0xE4,0xBB,0xB6,0x20,0x28,0x0E,0x0D,0xD4,0xB9,0xE3,0x81,0xA6,
    0xE6,0xBA,0x80,0xE3,0x81,0x9F,0xE3,0x81,0x99,0xD5,0x63,0x57,
    0x82,0xE3,0x82,0x8A,0x29,0x44,0x00,0x01,0x7A,0x01,0x83,0x50,
    0x6C,0x61,0x63,0x65,0x68,0x6F,0x6C,0x40,0x1A,0x1E,0x28,0xE3,
    0x02,0x08,0x33,0x00,0x44,0x61,0x64,0x64,0x43,0x7A,0x00,0x01,
    0xF4,0x28,0x01,0x75,0x00,0x06,0xDB,0x03,0x03,0x6F,0x03,0x07,
    0xB4,0x08,0x18,0x63,0xAB,0x4A,0x03,0x73,0x01,0x0F,0x54,0x08,
    0x05,0x02,0x56,0x07,0x02,0x1E,0x03,0x06,0xC4,0x32,0x04,0x49,
    0x08,0x0F,0xE7,0x0C,0x00,0x0A,0x91,0x1F,0x08,0x97,0x08,0x03,
    0xFA,0x2F,0x04,0x3C,0x00,0x15,0x8D,0xB2,0x0C,0x0B,0x4E,0x08,
    0x0A,0x01,0x08,0x09,0x77,0x00,0x2F,0x81,0xAE,0xD6,0x07,0x08,
    0x0A,0x7A,0x00,0x05,0x6D,0x08,0x08,0x79,0x00,0x04,0x3E,0x00,
    0x0F,0x00,0x0C,0x06,0x04,0x13,0x32,0x26,0x52,0x65,0xD4,0x08,
    0x09,0x5D,0x27,0x0F,0xF8,0x21,0x02,0x03,0x59,0x0D,0x4F,0x97,
    0xE3,0x81,0xA6,0x2E,0x0F,0x08,0x0B,0xA0,0x00,0x01,0xFD,0x0C,
    0x09,0x68,0x00,0x0B,0xF0,0x0C,0x21,0x83,0xA9,0xA8,0x03,0x03,
    0xBD,0x58,0x0A,0x52,0x51,0x0F,0x68,0x00,0x17,0x24,0x72,0x65,
    0xA0,0x31,0x01,0xC5,0x01,0x06,0x86,0x01,0x07,0x15,0x04,0x2F,
    0x82,0x92,0x14,0x40,0x00,0x07,0xF8,0x0A,0x0A,0xBA,0x00,0x22,
    0x6E,0x6F,0xDA,0x2D,0x43,0x54,0x61,0x72,0x67,0xD7,0x07,0x03,
    0xA0,0x26,0x07,0x21,0x02,0x42,0x81,0xAB,0xE5,0xAF,0xD0,0x10,
    0x14,0xA6,0x82,0x22,0x02,0x2E,0x26,0x11,0x9F,0xD5,0x00,0x06,
    0x7D,0x04,0x04,0xCC,0x46,0x0F,0x61,0x15,0x10,0x0A,0xBD,0x15,
    0x03,0xB9,0x02,0x08,0xBC,0x44,0x67,0xE8,0xA8,0xBA,0xE6,0x96,
    0xAD,0x4F,0x03,0x04,0xF1,0x65,0x02,0x19,0x00,0x0F,0x65,0x00,
    0x03,0x06,0xFB,0x06,0x09,0x54,0x58,0x61,0xE8,0xA1,0x8C,0x20,
    0x7B,0x7D,0x9B,0x02,0x03,0x42,0x03,0x03,0x29,0x00,0x0F,0x48,
    0x19,0x02,0x11,0x72,0x30,0x02,0x0F,0x2F,0x11,0x00,0x07,0x8D,
    0x00,0x04,0x8A,0x01,0x03,0x26,0x00,0x0B,0x08,0x01,0x0C,0x68,
    0x06,0x12,0x68,0x3E,0x05,0x06,0xE6,0x00,0xF2,0x05,0x6F,0x70,
    0x65,0x6E,0x46,0x72,0x6F,0x6D,0x43,0x6F,0x6E,0x74,0x65,0x6E,
    0x74,0x42,0x72,0x6F,0x77,0x73,0x16,0x13,0x03,0x12,0x00,0x13,
    0x20,0x13,0x00,0x13,0x20,0xF2,0x07,0x0A,0x58,0x78,0x01,0x6E,
    0x03,0x4C,0x9F,0xE3,0x81,0xAF,0x67,0x02,0x03,0xCB,0x03,0x02,
    0xA4,0x11,0x0A,0xBB,0x3F,0x03,0xF2,0x00,0x01,0x38,0x0A,0x02,
    0x14,0x4E,0x08,0x0C,0x28,0x06,0x59,0x03,0x07,0xDE,0x36,0x0F,
    0xAE,0x38,0x0B,0x07,0x84,0x47,0x07,0x90,0x04,0x66,0x61,0x69,
    0x43,0x68,0x61,0x74,0x70,0x06,0x63,0x22,0x74,0x68,0x69,0x6E,
    0x6B,0x37,0x14,0x85,0xE6,0x80,0x9D,0xE8,0x80,0x83,0xE4,0xB8,
    0xD7,0x01,0x31,0x22,0x79,0x6F,0x18,0x93,0x67,0xE3,0x81,0x82,
    0xE3,0x81,0xAA,0x00,0x0F,0x44,0x22,0x72,0x65,0x73,0x91,0x8A,
    0x67,0xE5,0x86,0x8D,0xE8,0xB5,0xB7,0xFD,0x1B,0x4A,0x22,0x6E,
    0x65,0x77,0x66,0x00,0x03,0xCA,0x01,0x12,0x74,0xEA,0x09,0x04,
    0x57,0x2A,0x12,0x84,0xA7,0x32,0x01,0xA7,0x20,0x98,0x88,0x20,
    0x28,0xE5,0xB1,0xA5,0xE6,0xAD,0xB4,0x10,0x0E,0x0D,0xC1,0x06,
    0x12,0x73,0x28,0x3C,0x12,0x7B,0x26,0x02,0x0A,0x56,0x00,0x6C,
    0xE5,0x81,0x9C,0xE6,0xAD,0xA2,0xDB,0x01,0x3A,0x73,0x65,0x6E,
    0x0E,0x22,0x16,0x74,0xAD,0x1E,0xDD,0xE9,0x80,0x81,0xE4,0xBF,
    0xA1,0x20,0x28,0x45,0x6E,0x74,0x65,0x72,0x6C,0x00,0x52,0x63,
    0x6F,0x6D,0x70,0x6F,0xF6,0x01,0x06,0x70,0x00,0x03,0x2A,0x02,
    0x11,0x22,0x33,0x00,0x43,0x20,0xE3,0x81,0xA7,0x44,0x00,0x85,
    0xC2,0xB7,0x20,0x43,0x74,0x72,0x6C,0x2B,0x18,0x00,0x6C,0xE6,
    0x94,0xB9,0xE8,0xA1,0x8C,0x8E,0x00,0x0F,0x1F,0x35,0x00,0xA5,
    0x61,0x67,0x65,0x6E,0x74,0x44,0x69,0x73,0x61,0x62,0x41,0x11,
    0x11,0xA8,0x48,0x0E,0x11,0xB8,0x91,0x11,0xD8,0xB3,0xE3,0x83,
    0x88,0xE6,0xA9,0x9F,0xE8,0x83,0xBD,0xE3,0x81,0xAF,0x2F,0x35,
    0x38,0xE3,0x80,0x82,0x3F,0x01,0x03,0xE4,0x16,0x01,0xF3,0x61,
    0x21,0x20,0x45,0x24,0x35,0x91,0x20,0x53,0x65,0x74,0x74,0x69,
    0x6E,0x67,0x73,0x52,0x0C,0x0D,0x56,0x00,0x34,0xE3,0x82,0x92,
    0x0E,0x72,0x12,0xAB,0x50,0x05,0x0C,0x93,0x02,0x02,0x66,0x01,
    0x06,0x3D,0x0A,0x0E,0x18,0x2D,0x48,0x6C,0x61,0x75,0x6E,0xA1,
    0x2C,0xC2,0x27,0x63,0x6C,0x61,0x75,0x64,0x65,0x27,0x20,0xE3,
    0x81,0xAE,0x14,0x02,0x0F,0x9D,0x12,0x02,0x41,0xE3,0x80,0x82,
    0x43,0x29,0x00,0x83,0x20,0x43,0x4C,0x49,0x20,0xE3,0x81,0x8C,
    0xA0,0x03,0x03,0xE4,0x3E,0x11,0xBC,0xD5,0x12,0x01,0xC3,0x04,
    0xD3,0x80,0x81,0x50,0x41,0x54,0x48,0x20,0xE3,0x81,0xAB,0xE5,
    0x90,0xAB,0x6D,0x63,0x08,0x48,0x43,0x37,0x81,0x8B,0x3F,0xF6,
    0x03,0x08,0x8F,0x00,0x07,0x0E,0x0C,0x2F,0x2D,0x20,0x6E,0x00,
    0x38,0x0B,0x15,0x01,0x12,0x74,0xAB,0x0E,0x06,0x22,0x02,0x13,
    0x66,0x7C,0x34,0x22,0x4E,0x61,0x36,0x1A,0x05,0xAD,0x24,0x07,
    0xA8,0x00,0x01,0x48,0x18,0x33,0x50,0x72,0x65,0x64,0x84,0x02,
    0x49,0x28,0x27,0x3A,0x20,0x22,0x00,0x57,0x72,0x65,0x73,0x75,
    0x6C,0x23,0x00,0x8C,0xE7,0xB5,0x90,0xE6,0x9E,0x9C,0x3A,0x20,
    0x7F,0x00,0x54,0x70,0x65,0x72,0x6D,0x69,0x12,0x74,0x06,0x85,
    0x00,0x07,0xE5,0x02,0x0F,0x4F,0x02,0x00,0x51,0xA8,0xA9,0xE9,
    0x99,0x90,0xA9,0x27,0x0B,0xA9,0x1C,0x06,0x48,0x23,0x0F,0x24,
    0x00,0x07,0x02,0x06,0x02,0x07,0x9F,0x15,0x3B,0x41,0x49,0x20,
    0x2E,0x00,0x01,0xC9,0x05,0x12,0x2C,0xAA,0x00,0x3B,0x20,0x20,
    0x22,0x06,0x46,0x08,0x84,0x21,0x02,0xEB,0x64,0x06,0xF8,0x00,
    0x07,0x62,0x03,0x34,0xE5,0x90,0x84,0x7F,0x13,0x05,0x4D,0x05,
    0x11,0xB3,0xCC,0x2F,0x11,0xB3,0x97,0x2D,0x72,0xAE,0xE5,0x89,
    0x8D,0xE3,0x81,0xAB,0x42,0x00,0x01,0xC0,0x02,0x0A,0x05,0x3D,
    0x06,0xB9,0x02,0xE8,0x20,0x20,0x22,0x61,0x63,0x63,0x65,0x70,
    0x74,0x45,0x64,0x69,0x74,0x73,0x28,0x01,0x09,0x8B,0x00,0x02,
    0xEC,0x13,0x5F,0x82,0x92,0xE6,0x89,0xBF,0x94,0x00,0x05,0x08,
    0x76,0x07,0x05,0x30,0x00,0x02,0x8D,0x2C,0x02,0x36,0x00,0x08,
    0x88,0x00,0x05,0x40,0x19,0x0B,0x75,0x61,0x0F,0xB2,0x00,0x13,
    0x39,0x70,0x6C,0x61,0x41,0x3A,0x08,0xAB,0x00,0x01,0x64,0x14,
    0x4F,0xA9,0xE3,0x83,0xB3,0x39,0x01,0x02,0x05,0x1E,0x00,0x94,
    0xE3,0x81,0xAE,0xE3,0x81,0xBF,0x20,0x2D,0x20,0xAB,0x00,0x1A,
    0x84,0x42,0x01,0x05,0xC4,0x4D,0x02,0xA2,0x09,0x01,0x41,0x17,
    0x05,0x34,0x06,0x09,0x3F,0x01,0x32,0x62,0x79,0x70,0xF6,0x3C,
    0x05,0x62,0x02,0x0A,0x8F,0x00,0x11,0x90,0xC0,0x03,0x0A,0x4C,
    0x3B,0x07,0xCB,0x01,0x04,0xF2,0x00,0x11,0xAA,0x6B,0x00,0x15,
    0xA7,0xA2,0x0B,0x3A,0xE3,0x82,0x92,0x83,0x00,0xC2,0x99,0x20,
    0x28,0xE6,0x85,0x8E,0xE9,0x87,0x8D,0xE3,0x81,0xAB,0x70,0x29,
    0x16,0x29,0xC6,0x06,0x03,0x76,0x41,0x03,0x07,0x00,0x02,0x96,
    0x04,0x84,0x22,0x70,0x72,0x6F,0x6A,0x65,0x63,0x74,0xEA,0x04,
    0x06,0xDD,0x01,0x07,0xA8,0x23,0x0D,0x94,0x72,0x02,0x09,0x34,
    0x04,0x3D,0x01,0x0B,0x63,0x1C,0x02,0x1D,0x00,0x05,0x60,0x1C,
    0x07,0xCE,0x20,0x0F,0xDD,0x88,0x0C,0x03,0x7E,0x34,0x12,0x44,
    0x8C,0x20,0x11,0x73,0x02,0x0A,0x0A,0x39,0x5C,0x0B,0xA9,0x15,
    0x05,0x81,0x00,0x36,0x6E,0x61,0x76,0xB9,0x00,0x06,0xD5,0x00,
    0x02,0x42,0x00,0x43,0x97,0xE3,0x83,0xAD,0x0D,0x06,0x27,0x82,
    0xAF,0x36,0x00,0x06,0x28,0x00,0x06,0x51,0x32,0x0C,0x2C,0x00,
    0x64,0xE6,0x83,0x85,0xE5,0xA0,0xB1,0x68,0x00,0x01,0xB6,0x07,
    0x21,0x6E,0x64,0x21,0x12,0x01,0x18,0x06,0x02,0x61,0x00,0x11,
    0xAC,0x52,0x03,0x42,0x80,0xE3,0x83,0xBC,0xFB,0x00,0x07,0x2F,
    0x00,0x92,0x62,0x75,0x69,0x6C,0x64,0x53,0x63,0x65,0x6E,0xCD,
    0x1B,0x31,0xE3,0x83,0x93,0x58,0x11,0x11,0x89,0xEF,0x0E,0x19,
    0xBC,0x81,0x02,0x73,0x22,0x70,0x61,0x63,0x6B,0x61,0x67,0x49,
    0x08,0x01,0x46,0x0D,0x13,0x83,0xF2,0x44,0x21,0x82,0xB8,0x4B,
    0x23,0x08,0x80,0x1C,0x63,0x70,0x6C,0x75,0x67,0x69,0x6E,0x24,
    0x01,0x02,0xD4,0x41,0x11,0xB0,0x44,0x02,0x07,0xD3,0x02,0x42,
    0x22,0x65,0x6E,0x67,0x7D,0x60,0x04,0x96,0x11,0x01,0x49,0x00,
    0x07,0x9F,0x00,0x02,0x2E,0x4E,0x01,0x83,0x13,0x67,0xE4,0xB8,
    0x80,0xE8,0x88,0xAC,0x1C,0x00,0x02,0xEA,0x00,0x05,0x8F,0x00,
    0x05,0xE5,0x00,0x02,0xD8,0x2F,0x08,0x8C,0x00,0x13,0x6D,0x97,
    0x53,0x03,0x8E,0x00,0x01,0x03,0x48,0x02,0x8E,0x16,0x09,0xB4,
    0x05,0x64,0x73,0x63,0x72,0x69,0x70,0x74,0x51,0x00,0x09,0xF0,
    0x09,0x01,0x28,0x56,0x02,0x63,0x1D,0x02,0xF5,0x04,0x02,0x9D,
    0x02,0x01,0xF6,0x3D,0x01,0xEC,0x33,0x05,0x37,0x03,0x07,0x62,
    0x05,0x01,0xF8,0x00,0x09,0xDA,0x01,0x0D,0xAE,0x01,0x03,0xDD,
    0x02,0x06,0x4A,0x06,0x0C,0xE0,0x01,0x0A,0xD7,0x5F,0x19,0x61,
    0x49,0x54,0x08,0x74,0x0C,0x03,0x0D,0x13,0x17,0x88,0x20,0x01,
    0x03,0x09,0x23,0x01,0xDD,0x01,0x02,0x08,0x02,0x0A,0xAB,0x02,
    0x04,0x3F,0x55,0x07,0x33,0x00,0x32,0x6E,0x6F,0x50,0x6E,0x03,
    0x11,0x4C,0xF5,0x30,0x02,0x36,0x00,0x0C,0x93,0x00,0x37,0xE3,
    0x81,0x8C,0x60,0x1B,0x0B,0xB0,0x07,0x01,0xB5,0x32,0x0B,0x23,
    0x01,0x02,0xA9,0x01,0x09,0x00,0x03,0x08,0x25,0x01,0x05,0xB9,
    0x01,0x0E,0x9E,0x02,0x03,0xF7,0x43,0x55,0x52,0x65,0x6E,0x64,
    0x65,0x14,0x18,0x03,0xC8,0x05,0x04,0x7C,0x3B,0x06,0x3F,0x00,
    0x05,0x99,0x17,0x07,0xD2,0x00,0x11,0x65,0x28,0x09,0x02,0x68,
    0x0B,0x02,0x17,0x13,0x02,0x6B,0x02,0x01,0x34,0x1F,0x01,0x8C,
    0x52,0x02,0x87,0x21,0x07,0x33,0x00,0x05,0xF2,0x29,0x43,0x4F,
    0x75,0x74,0x6C,0x9F,0x02,0x02,0x25,0x00,0x01,0xE6,0x0D,0x13,
    0xA6,0x90,0x13,0x0C,0xCC,0x02,0x12,0x6F,0x2E,0x00,0x04,0x41,
    0x29,0x02,0x9F,0x01,0x09,0x2D,0x00,0x3A,0xE3,0x81,0xAE,0x11,
    0x3A,0x03,0x33,0x00,0x63,0x54,0x68,0x69,0x63,0x6B,0x6E,0x89,
    0x16,0x0E,0x64,0x00,0x6A,0xE3,0x81,0xAE,0xE5,0xA4,0xAA,0x12,
    0x9E,0x74,0x66,0x69,0x6C,0x6C,0x4F,0x70,0x61,0x77,0xA3,0x04,
    0xF2,0x9F,0xAA,0xAE,0xE4,0xB8,0x8D,0xE9,0x80,0x8F,0xE6,0x98,
    0x8E,0x53,0x3A,0x47,0x65,0x64,0x67,0x65,0x2F,0x00,0x01,0x31,
    0x08,0x02,0x63,0x35,0x0A,0x32,0x00,0x0B,0xB9,0x01,0x0A,0x1D,
    0x04,0x0F,0xE3,0x02,0x03,0x0F,0x30,0x04,0x08,0x33,0x61,0x64,
    0x64,0x2B,0x05,0x02,0x49,0x02,0x0B,0x7F,0x02,0x04,0x8E,0x19,
    0x07,0x47,0x08,0x2C,0x64,0x64,0xAE,0x2A,0x0D,0x24,0x00,0x21,
    0x6E,0x6F,0xD1,0x02,0x16,0x73,0x13,0x05,0x0C,0x82,0x00,0x32,
    0xE3,0x81,0x8C,0xE7,0x04,0x03,0x61,0x0A,0x06,0x4D,0x0A,0x03,
    0x00,0x07,0x05,0xDC,0x04,0x05,0x84,0x00,0x01,0xB6,0x06,0x01,
    0x86,0x32,0x08,0xD3,0x04,0x21,0x81,0xAE,0x0C,0x05,0x72,0xBC,
    0xE3,0x83,0x88,0xE3,0x81,0xA8,0x90,0x07,0x06,0xDC,0x3F,0x08,
    0x2D,0x5A,0x01,0x0C,0x02,0x01,0xE1,0x00,0x02,0x5B,0x3E,0x44,
    0xB9,0xE3,0x82,0x92,0x86,0x4E,0x02,0x7B,0x07,0x0B,0xBC,0x32,
    0x42,0x61,0x6C,0x69,0x61,0x8E,0x04,0x21,0x82,0xA8,0x16,0x05,
    0x01,0x8E,0x04,0x09,0xA9,0x42,0x01,0xF2,0x2F,0x01,0x39,0x01,
    0x0F,0xA9,0x03,0x00,0x23,0x6F,0x72,0xCE,0x12,0x02,0xCC,0x37,
    0x07,0xBE,0x02,0x64,0x65,0x78,0x70,0x6F,0x72,0x74,0x1E,0x01,
    0x04,0xFF,0x0B,0x1F,0xAA,0x27,0x01,0x01,0x01,0xBC,0x0E,0x21,
    0x83,0xBC,0xBB,0x05,0x11,0xA4,0x23,0x06,0x06,0xC1,0x00,0xF9,
    0x03,0xE9,0xA0,0x86,0xE3,0x81,0xAB,0xE4,0xBE,0x9D,0xE5,0xAD,
    0x98,0xE9,0x96,0xA2,0xE4,0xBF,0x82,0x0C,0x01,0x01,0xB5,0x78,
    0x0E,0x3C,0x46,0x04,0x72,0x01,0x0A,0xA8,0x09,0x05,0x2C,0x05,
    0x08,0x41,0x06,0x0F,0x4E,0x02,0x03,0x0A,0x81,0x01,0x02,0x71,
    0x05,0x06,0x20,0x02,0x02,0x40,0x00,0x16,0x65,0x2E,0x05,0x09,
    0x2F,0x00,0x0A,0x2B,0x05,0x03,0x2C,0x00,0x64,0x4D,0x61,0x6E,
    0x69,0x66,0x65,0x12,0x4D,0x09,0x30,0x00,0x01,0x09,0x06,0x72,
    0x8B,0xE3,0x83,0x95,0xE3,0x82,0xA7,0x98,0x0C,0x07,0x47,0x01,
    0x03,0xD7,0x05,0x01,0x90,0x2D,0x08,0xF6,0x01,0x0B,0x43,0x00,
    0x51,0x81,0xAF,0xE5,0x90,0x8C,0xA9,0x58,0x13,0xAE,0xE8,0x08,
    0x09,0xBD,0x0F,0x72,0xA8,0x56,0x50,0x4B,0xE3,0x82,0x92,0x3B,
    0x6C,0x09,0x0B,0x02,0x0B,0x6A,0x03,0x06,0x2E,0x07,0x0F,0x18,
    0x01,0x03,0x0F,0x41,0x07,0x05,0x06,0xA7,0x00,0x09,0x22,0x00,
    0x51,0xE3,0x81,0xAF,0x20,0x3C,0x2D,0x06,0x73,0x2D,0x72,0x6F,
    0x6F,0x74,0x3E,0x2F,0x60,0x00,0x74,0x20,0x28,0xE4,0xBE,0x8B,
    0x3A,0x20,0xC9,0x38,0x14,0x73,0x18,0x00,0xB3,0x29,0x20,0xE3,
    0x81,0xAB,0xE9,0x85,0x8D,0xE7,0xBD,0xAE,0xC3,0x01,0x21,0x82,
    0x8B,0x5C,0x12,0x41,0x81,0xE3,0x80,0x81,0x5C,0x00,0x09,0xC7,
    0x06,0x61,0xE3,0x81,0xAE,0x56,0x50,0x4B,0xEC,0x08,0x02,0x0F,
    0x01,0x13,0xAF,0x36,0x00,0x21,0x80,0x81,0x44,0x02,0x02,0xB2,
    0x8D,0x11,0xAB,0x38,0x03,0x1E,0xA7,0xD5,0x0E,0x04,0x95,0x02,
    0x14,0xAB,0xD2,0x0E,0x41,0xA8,0xE4,0xBB,0x8A,0x33,0x0A,0xF2,
    0x01,0x90,0xE3,0x81,0x8A,0xE3,0x82,0x88,0xE3,0x81,0xB3,0xE6,
    0xAC,0xA1,0xE5,0x9B,0x9E,0x61,0x0E,0x6D,0xE6,0x99,0x82,0xE3,
    0x81,0xAB,0x74,0x06,0x03,0x65,0x02,0x22,0xE3,0x83,0x6C,0x13,
    0x02,0xA3,0x07,0x11,0x96,0xAE,0x00,0x06,0x6D,0x08,0x01,0x67,
    0x6D,0x11,0x87,0x92,0x03,0x42,0xAF,0xE3,0x83,0x88,0x7C,0x1A,
    0x04,0x72,0x3A,0x01,0xA8,0x0A,0x0B,0x99,0x11,0x51,0x6E,0x65,
    0x46,0x6F,0x75,0x51,0x10,0x41,0x22,0x7B,0x7D,0x20,0xE4,0x00,
    0x0B,0x5B,0x01,0x0F,0x5D,0x72,0x03,0x07,0x3C,0x02,0x53,0x70,
    0x72,0x6F,0x76,0x69,0x9F,0x26,0x6B,0xE6,0x8F,0x90,0xE4,0xBE,
    0x9B,0x2F,0x0D,0x67,0x6E,0x6F,0x74,0x53,0x75,0x70,0x65,0x64,
    0x03,0xF1,0x13,0x01,0x69,0x00,0x01,0x97,0x43,0x04,0x44,0x01,
    0x01,0x55,0x27,0x51,0x28,0x7B,0x7D,0x29,0x20,0xAE,0x00,0x11,
    0xAF,0xC4,0x35,0x11,0x9D,0x18,0x00,0x13,0x88,0x74,0x01,0x0D,
    0xDF,0x04,0x0C,0x41,0x0E,0x02,0xCF,0x0D,0x09,0x7F,0x07,0x1B,
    0x63,0xCE,0x20,0x09,0xDE,0x01,0x04,0x3D,0x05,0x14,0x8C,0xCB,
    0x20,0x02,0x46,0x05,0x02,0x7F,0x14,0x1A,0x9F,0x30,0x01,0x01,
    0x12,0x0B,0x01,0xA5,0x04,0x0F,0x83,0x0B,0x04,0x01,0x6C,0x2D,
    0x17,0xAA,0x31,0x19,0x02,0x0F,0x05,0x0E,0x4A,0x00,0x06,0x61,
    0x16,0x0F,0x4A,0x00,0x07,0x07,0x1A,0x16,0x0F,0x8E,0x00,0x02,
    0x0C,0xEB,0x16,0x0C,0xBA,0x08,0x04,0xDA,0x00,0x14,0xAE,0x49,
    0x00,0x0F,0xBC,0x23,0x00,0x01,0xAB,0x01,0x03,0x9E,0x03,0x07,
    0x55,0x13,0x04,0x48,0x08,0x02,0x6F,0x11,0x06,0x4D,0x01,0x07,
    0x85,0x0C,0x0A,0x98,0x32,0x02,0x6C,0x00,0x04,0x16,0x02,0x0F,
    0x82,0x0C,0x17,0x01,0x52,0x01,0x23,0x54,0x6F,0x39,0x07,0x02,
    0x24,0x06,0x0F,0x64,0x0C,0x23,0x0F,0x3C,0x0B,0x09,0x82,0x61,
    0x70,0x70,0x65,0x61,0x72,0x61,0x6E,0x5F,0x48,0x64,0xE5,0xA4,
    0x96,0xE8,0xA6,0xB3,0xAC,0x00,0x54,0x20,0x20,0x22,0x66,0x6F,
    0x7D,0x66,0x03,0x1C,0x2F,0x1A,0xB3,0x5B,0x0A,0x04,0x1C,0x52,
    0x02,0x86,0x12,0x01,0x82,0x15,0x51,0xA4,0x96,0xE9,0x83,0xA8,
    0x59,0x08,0x06,0xAA,0x47,0x07,0x52,0x00,0x43,0x61,0x69,0x41,
    0x67,0xE2,0x6F,0x21,0x41,0x49,0x27,0x00,0x01,0x36,0x0C,0x2D,
    0x82,0xA7,0x5C,0x00,0x62,0x61,0x64,0x76,0x61,0x6E,0x63,0x7D,
    0x0A,0x58,0xE8,0xA9,0xB3,0xE7,0xB4,0x02,0x06,0x93,0x66,0x69,
    0x6C,0x65,0x73,0x50,0x61,0x74,0x68,0x19,0x01,0x08,0x23,0x17,
    0x1C,0xA8,0xA0,0x0E,0x71,0x22,0x63,0x6F,0x6E,0x73,0x6F,0x6C,
    0xF8,0x1A,0x01,0x18,0x0F,0x13,0xB3,0x64,0x15,0x09,0xF6,0x0B,
    0x62,0x70,0x72,0x69,0x76,0x61,0x63,0x1B,0x1E,0x02,0x82,0x03,
    0x21,0x82,0xA4,0xF0,0x0E,0x1F,0xB7,0x30,0x32,0x00,0x09,0x38,
    0x01,0x0F,0xAB,0x05,0x01,0x0D,0x4B,0x01,0x83,0x63,0x6F,0x6C,
    0x6F,0x72,0x54,0x68,0x65,0x2B,0x12,0x51,0x82,0xAB,0xE3,0x83,
    0xA9,0xC0,0x03,0x11,0x86,0x06,0x00,0x08,0xDD,0x42,0x64,0x62,
    0x61,0x63,0x6B,0x67,0x72,0x7E,0x04,0x58,0xE8,0x83,0x8C,0xE6,
    0x99,0x62,0x59,0x41,0x70,0x61,0x6E,0x65,0x0A,0x0D,0x01,0x76,
    0x05,0x1A,0x8D,0xC6,0x00,0x33,0x74,0x65,0x78,0x88,0x03,0x4D,
    0x86,0xE3,0x82,0xAD,0xCF,0x06,0x33,0x61,0x63,0x63,0x7E,0x01,
    0x01,0x60,0x0A,0x02,0x82,0xA0,0x0B,0xD5,0x01,0x01,0xB8,0x39,
    0x11,0x63,0x04,0x1D,0x16,0x53,0x0B,0x48,0x11,0xA2,0x47,0x03,
    0x14,0xAA,0x16,0x09,0x31,0xB7,0xE3,0x83,0xB3,0x01,0x07,0x06,
    0x38,0x07,0xA1,0x07,0x46,0x74,0x65,0x78,0x74,0x3C,0x00,0x07,
    0x8B,0x00,0x01,0x81,0x05,0x11,0xB1,0xF2,0x00,0x08,0x41,0x37,
    0x82,0x73,0x68,0x6F,0x77,0x53,0x70,0x6C,0x61,0xD6,0x2D,0x08,
    0xEE,0x05,0x01,0xC2,0x00,0x01,0x8E,0x01,0x21,0x83,0x83,0x76,
    0x00,0x13,0xA5,0x75,0x53,0x23,0x82,0x92,0xBE,0x34,0x06,0x76,
    0x00,0x65,0x65,0x6E,0x61,0x62,0x6C,0x65,0xC1,0x1D,0x02,0x1B,
    0x02,0x0F,0xBB,0x1D,0x03,0x03,0x10,0x15,0x3C,0xE5,0x8C,0x96,
    0x26,0x05,0x13,0x74,0xA3,0x01,0x06,0xD5,0x01,0x42,0x64,0x61,
    0x72,0x6B,0x53,0x01,0x01,0x9B,0x36,0x18,0x82,0x8C,0x01,0x01,
    0x52,0x1F,0x31,0x69,0x74,0x65,0x20,0x00,0x06,0x10,0x24,0x11,
    0xA1,0x49,0x09,0x17,0x88,0x12,0x01,0x01,0xE5,0x35,0x01,0x26,
    0x00,0x03,0x59,0x02,0x08,0x1D,0x00,0x33,0x63,0x75,0x73,0xDF,
    0x52,0x08,0xD2,0x2A,0x0C,0x9A,0x00,0x04,0x8D,0x03,0x06,0x9A,
    0x00,0x08,0x3E,0x0D,0x02,0x6C,0x07,0x0B,0xCB,0x01,0xC2,0x69,
    0x6E,0x74,0x65,0x72,0x66,0x61,0x63,0x65,0x46,0x6F,0x6E,0x17,
    0x02,0x02,0xE1,0x09,0x21,0x82,0xBF,0x83,0x01,0x01,0xF2,0x08,
    0x21,0x83,0xBC,0x64,0x01,0x0F,0x40,0x00,0x0F,0x06,0x6F,0x5E,
    0x0F,0x44,0x00,0x0F,0x0F,0xC6,0x33,0x01,0x67,0x6D,0x6F,0x6E,
    0x6F,0x73,0x70,0x8D,0x00,0x6F,0xE7,0xAD,0x89,0xE5,0xB9,0x85,
    0x7B,0x00,0x04,0x09,0x2E,0x00,0x04,0x7B,0x00,0x0E,0x32,0x00,
    0x0F,0x69,0x00,0x01,0xA5,0x75,0x73,0x65,0x53,0x79,0x73,0x74,
    0x65,0x6D,0x46,0xBF,0x04,0x21,0x82,0xB7,0xE5,0x00,0x13,0x86,
    0x8D,0x4B,0x11,0x82,0xCD,0x09,0x01,0x19,0x17,0x02,0x94,0x09,
    0x0C,0x6C,0x01,0x0D,0xD9,0x04,0x0F,0x75,0x01,0x01,0x03,0x0A,
    0x57,0x0A,0xF0,0x05,0x07,0xF4,0x01,0x55,0x65,0x78,0x65,0x63,
    0x75,0x08,0xAA,0x0E,0x18,0x0A,0x07,0x2B,0x00,0x04,0xC0,0x09,
    0x0F,0x53,0x00,0x02,0x01,0xB4,0x04,0x11,0x9E,0xDD,0x01,0x4B,
    0x89,0xE3,0x81,0x8C,0x2B,0x63,0x93,0xE5,0xA0,0xB4,0xE5,0x90,
    0x88,0xE3,0x80,0x81,0xD5,0x04,0x21,0x82,0xB9,0xDB,0x03,0x11,
    0xBB,0xE3,0x08,0x75,0x88,0xE6,0x93,0x8D,0xE4,0xBD,0x9C,0xB7,
    0x76,0x07,0xC5,0x07,0x01,0xF2,0x08,0x03,0xE1,0x06,0x03,0x44,
    0x03,0x07,0x9E,0x05,0x0F,0xF0,0x00,0x01,0x0F,0xB1,0x05,0x0C,
    0x02,0x7F,0x03,0x05,0x21,0x97,0x0E,0xDD,0x05,0x05,0xB0,0x04,
    0x09,0x80,0x03,0x03,0x7C,0x00,0x03,0x26,0x2A,0xF1,0x00,0x53,
    0x74,0x61,0x72,0x74,0x4D,0x63,0x70,0x22,0x3A,0x20,0x22,0x4D,
    0x43,0x50,0xE8,0x08,0x04,0x40,0x31,0x04,0x81,0x15,0x02,0x20,
    0x04,0x07,0x3E,0x01,0x94,0x6D,0x63,0x70,0x53,0x65,0x72,0x76,
    0x65,0x72,0x12,0x0C,0x0B,0x3A,0x00,0x0A,0x12,0x0C,0x61,0x6D,
    0x63,0x70,0x48,0x6F,0x73,0x0F,0x03,0x61,0x4D,0x43,0x50,0xE3,
    0x83,0x9B,0x1B,0x02,0x08,0x90,0x03,0x43,0x6D,0x63,0x70,0x50,
    0x52,0x1C,0x01,0x22,0x00,0x03,0x69,0x09,0x07,0x72,0x00,0x7A,
    0x63,0x6C,0x69,0x65,0x6E,0x74,0x48,0x8D,0x3A,0x09,0xCA,0x06,
    0x01,0x68,0x0A,0x01,0xEB,0x03,0x02,0x52,0x90,0x09,0x3F,0x00,
    0x52,0x65,0x6E,0x64,0x70,0x6F,0x8A,0x1C,0x02,0x30,0x08,0x01,
    0xE9,0x16,0x0F,0x8F,0x8F,0x02,0x44,0x22,0x6D,0x6F,0x64,0xEF,
    0x05,0x11,0xA2,0x56,0x0B,0x08,0x39,0x05,0x43,0x63,0x6C,0x69,
    0x50,0x64,0x30,0x3E,0x43,0x4C,0x49,0xF9,0x06,0x24,0x6C,0x69,
    0x02,0x0E,0x0E,0x8F,0x01,0x52,0x43,0x4C,0x49,0xE3,0x81,0xDE,
    0x0E,0x43,0x91,0xE3,0x82,0xB9,0x14,0x0C,0x02,0xD7,0x19,0xD3,
    0x29,0xE3,0x80,0x82,0xE7,0xA9,0xBA,0xE6,0xAC,0x84,0xE3,0x81,
    0xAE,0x62,0x02,0xE2,0x81,0xAF,0x50,0x41,0x54,0x48,0xE4,0xB8,
    0x8A,0xE3,0x81,0xAE,0x20,0x27,0x28,0x00,0xB4,0x27,0x20,0xE3,
    0x82,0x92,0xE8,0xA7,0xA3,0xE6,0xB1,0xBA,0xDA,0x1E,0x01,0x58,
    0x02,0x06,0xD5,0x01,0xA6,0x67,0x75,0x61,0x72,0x64,0x72,0x61,
    0x69,0x6C,0x73,0x2E,0x01,0x03,0x95,0x02,0x02,0xB0,0x26,0x21,
    0x83,0x89,0xBC,0x11,0x0B,0x8E,0x07,0x53,0x61,0x6C,0x6C,0x6F,
    0x77,0x85,0x12,0x22,0x4F,0x70,0xCB,0x05,0x0D,0x11,0x0A,0x04,
    0x48,0x00,0x0F,0xB5,0xB5,0x00,0x51,0x6C,0x6C,0x6F,0x77,0x45,
    0x56,0x14,0x04,0x3E,0x00,0x21,0x82,0xA8,0xF9,0x07,0x4F,0xB8,
    0xE3,0x83,0xB3,0x38,0x00,0x07,0xE1,0x72,0x65,0x71,0x75,0x69,
    0x72,0x65,0x43,0x6F,0x6E,0x66,0x69,0x72,0x6D,0x04,0x07,0x01,
    0xFD,0x21,0x52,0x9B,0xB8,0xE3,0x81,0x8D,0x86,0x43,0x09,0x8D,
    0x18,0x7F,0x82,0x92,0xE8,0xA6,0x81,0xE6,0xB1,0xF1,0x00,0x03,
    0x05,0x7B,0x01,0x21,0x81,0x93,0x43,0x4C,0x13,0x9A,0x23,0x02,
    0x2E,0x81,0xAF,0x8D,0x01,0x92,0xE3,0x81,0xA8,0x4D,0x43,0x50,
    0xE3,0x81,0xAE,0x30,0x0A,0x02,0xD1,0x17,0x0A,0x9D,0x20,0x05,
    0xE8,0x0C,0x01,0xBD,0x04,0x05,0x5C,0x50,0x22,0x81,0xAE,0x10,
    0x03,0x01,0xA2,0x0D,0x06,0x65,0x1D,0x01,0x0F,0x00,0x12,0x84,
    0x58,0x01,0x81,0xE5,0x91,0xBC,0xE3,0x81,0xB3,0xE5,0x87,0xA4,
    0x01,0x21,0x80,0x81,0x7E,0x00,0x06,0x9E,0x09,0x03,0x0E,0x01,
    0x24,0x81,0xAF,0x0F,0x0D,0x11,0xAE,0x21,0x00,0x0B,0xCE,0x02,
    0x11,0xB5,0x4B,0x00,0x02,0x34,0x42,0x71,0xA7,0xE6,0x89,0xB1,
    0xE3,0x81,0x86,0x7D,0x23,0x16,0x8D,0x3F,0x0D,0x0B,0x4D,0x04,
    0x0F,0x70,0x0C,0x00,0x87,0x6C,0x61,0x6E,0x67,0x75,0x61,0x67,
    0x65,0x95,0x2C,0x6F,0xE8,0xA8,0x80,0xE8,0xAA,0x9E,0x77,0x2C,
    0x02,0x1A,0x3A,0x9E,0x24,0x01,0x9A,0x07,0x07,0x3A,0x00,0x01,
    0xA6,0x00,0x06,0xC7,0x00,0x01,0xDE,0x05,0x11,0xBC,0x29,0xB4,
    0x0F,0x7D,0x2D,0x00,0x0B,0x4C,0x00,0x01,0x5E,0x0B,0x01,0x8F,
    0x07,0x0A,0xBE,0x05,0x03,0x7E,0x01,0x03,0x8A,0x3A,0x03,0x44,
    0x05,0x04,0xDA,0x02,0x0F,0xAD,0x0C,0x09,0x0F,0x47,0x00,0x04,
    0x04,0x61,0x0C,0x0F,0xEE,0x0C,0x09,0x38,0x46,0x61,0x69,0x10,
    0x1E,0x06,0xD2,0x00,0x03,0x8D,0x00,0x0F,0xA7,0x0C,0x22,0x01,
    0xFE,0x11,0x0F,0xA7,0x0C,0x0D,0x01,0x14,0x5B,0x05,0xDF,0x04,
    0x02,0x6F,0x00,0x04,0xE5,0x04,0x91,0x22,0x70,0x6C,0x61,0x74,
    0x66,0x6F,0x72,0x6D,0x26,0x01,0x02,0x11,0x0B,0x0D,0x93,0x0E,
    0x05,0x2D,0x00,0xB3,0x61,0x72,0x63,0x68,0x69,0x74,0x65,0x63,
    0x74,0x75,0x72,0x0C,0x09,0x11,0xA2,0x42,0x02,0x11,0xAD,0x88,
    0x0A,0x12,0xAF,0x99,0x02,0x05,0x2E,0x00,0x51,0x62,0x75,0x69,
    0x6C,0x64,0x64,0x03,0x17,0x67,0x72,0x26,0x05,0x9B,0x12,0x65,
    0xE6,0xA7,0x8B,0xE6,0x88,0x90,0x2E,0x00,0x02,0xCA,0x12,0x64,
    0x54,0x65,0x6D,0x70,0x6C,0x61,0x6A,0x09,0x0C,0xBC,0x00,0x01,
    0xFD,0x01,0x11,0xB3,0x2A,0x0A,0x02,0x55,0x04,0x05,0xCF,0x05,
    0x61,0x22,0x68,0x6F,0x73,0x74,0x45,0x0F,0x01,0x05,0x90,0x03,
    0x04,0xF3,0x05,0x01,0x30,0x00,0x0F,0xD7,0x00,0x00,0x03,0x17,
    0x05,0x0F,0xD7,0x12,0x00,0x71,0xA7,0xE3,0x81,0xAF,0xE3,0x80,
    0x81,0x10,0x63,0x06,0x18,0x05,0x06,0x5F,0x78,0x0A,0x07,0x02,
    0x0E,0xF3,0x07,0x07,0x05,0x12,0x02,0x3A,0x66,0x03,0xD5,0x03,
    0x05,0xED,0x00,0x5B,0x63,0x72,0x6F,0x73,0x73,0xAF,0x00,0x51,
    0x82,0xAF,0xE3,0x83,0xAD,0xA5,0x06,0x04,0x09,0x0B,0x24,0x83,
    0x88,0x91,0x0D,0x02,0x53,0x54,0x0D,0x0F,0x01,0x01,0x1D,0x20,
    0x04,0xA7,0x2E,0x12,0xB2,0x0B,0x08,0x01,0xEB,0x00,0x09,0x39,
    0x04,0x0F,0xA0,0x00,0x00,0x24,0x81,0x8C,0x44,0x27,0x04,0xD6,
    0x03,0x03,0xCB,0x05,0x72,0x22,0x6F,0x75,0x74,0x70,0x75,0x74,
    0xCB,0x65,0x12,0x6F,0x43,0x2B,0x63,0xE5,0x87,0xBA,0xE5,0x8A,
    0x9B,0xB3,0x02,0x02,0x75,0x96,0x09,0xA6,0x29,0x04,0xB4,0x1B,
    0x06,0x21,0x1F,0x0C,0x8A,0x0F,0x07,0x9A,0x07,0xF3,0x04,0x22,
    0x69,0x6E,0x63,0x6C,0x75,0x64,0x65,0x44,0x65,0x62,0x75,0x67,
    0x53,0x79,0x6D,0x62,0x6F,0x6C,0xF7,0x05,0x41,0x87,0xE3,0x83,
    0x90,0x91,0x14,0x41,0xB0,0xE3,0x82,0xB7,0xE7,0x01,0x12,0x9C,
    0x4B,0x01,0x67,0xE5,0x90,0xAB,0xE3,0x82,0x81,0x3F,0x2D,0x93,
    0x22,0x63,0x6F,0x6D,0x70,0x72,0x65,0x73,0x73,0xBC,0x23,0x01,
    0xBC,0x02,0x03,0xB1,0x7D,0x11,0x86,0x3A,0x00,0x4A,0x84,0xE3,
    0x82,0x92,0xA1,0x67,0x93,0x22,0x75,0x73,0x65,0x56,0x70,0x6B,
    0x46,0x69,0xBC,0xB0,0x31,0x56,0x50,0x4B,0x5D,0x01,0x11,0xA1,
    0xE8,0x0A,0x06,0xB2,0x01,0x05,0xA3,0x01,0x22,0x61,0x64,0x90,
    0x28,0x83,0x61,0x6C,0x41,0x72,0x67,0x75,0x6D,0x65,0x23,0x0F,
    0x02,0xA2,0x16,0x67,0xE3,0x81,0xAE,0xE5,0xBC,0x95,0xE8,0xB0,
    0x03,0x8B,0x03,0x02,0x8A,0x00,0x0C,0xA8,0x01,0x05,0x54,0x00,
    0x02,0xE4,0x02,0x6F,0x41,0x6E,0x64,0x52,0x75,0x6E,0x2B,0x00,
    0x03,0x01,0x44,0x04,0x12,0xA6,0xB2,0x01,0x05,0x37,0x00,0x02,
    0x63,0x05,0x06,0x59,0x07,0x0E,0x62,0x00,0x55,0xE7,0x8A,0xB6,
    0xE6,0xB3,0x44,0x60,0x03,0xD9,0x21,0x22,0x4C,0x69,0x52,0x16,
    0x02,0x1D,0x00,0x08,0x67,0x05,0x53,0x22,0x72,0x75,0x6E,0x6E,
    0xFA,0x1A,0x02,0x6C,0x00,0x08,0x23,0x24,0x81,0x6C,0x61,0x73,
    0x74,0x42,0x75,0x69,0x6C,0xB5,0x2A,0x65,0xE6,0x9C,0x80,0xE7,
    0xB5,0x82,0xB5,0x03,0x09,0x46,0x00,0x66,0x63,0x6F,0x6E,0x66,
    0x69,0x67,0x1E,0x11,0xA4,0x20,0x20,0x22,0x64,0x65,0x76,0x65,
    0x6C,0x6F,0x70,0xDF,0x7F,0x58,0xE9,0x96,0x8B,0xE7,0x99,0xBD,
    0x0D,0x62,0x72,0x65,0x6C,0x65,0x61,0x73,0x3D,0x04,0x41,0x83,
    0xAA,0xE3,0x83,0x38,0x3B,0x2C,0x82,0xB9,0x99,0x0B,0x01,0x3B,
    0x04,0x09,0x59,0x00,0x08,0x05,0x0D,0x11,0x93,0x6E,0x14,0x1D,
    0x89,0x35,0x00,0x03,0xA6,0x88,0x06,0xD5,0x0A,0x86,0x61,0x6C,
    0x72,0x65,0x61,0x64,0x79,0x52,0xEE,0x00,0x0E,0x3B,0x01,0x08,
    0x19,0x37,0x05,0x0C,0x01,0x06,0xEE,0x06,0x03,0x18,0x03,0x05,
    0x1A,0x03,0x12,0x52,0x3B,0x08,0x01,0x1C,0x01,0x0F,0x19,0x03,
    0x05,0x0F,0x5F,0x03,0x07,0x01,0x74,0x1E,0x03,0xF0,0x08,0x01,
    0x01,0x02,0x0D,0xED,0x08,0x0F,0x6F,0x1B,0x0E,0x0A,0x92,0x13,
    0x14,0x6E,0x3B,0x12,0x01,0x27,0x19,0x02,0x53,0x00,0x0B,0x79,
    0x19,0x04,0xF5,0x17,0x23,0x81,0x8C,0xD7,0x1A,0x0F,0x28,0x19,
    0x04,0x04,0x6F,0x02,0x01,0x40,0x02,0x92,0x6F,0x70,0x50,0x6C,
    0x61,0x79,0x4D,0x6F,0x64,0xAB,0x01,0x0F,0x24,0x05,0x00,0x03,
    0xAF,0x21,0x61,0xE5,0x86,0x8D,0xE7,0x94,0x9F,0xB5,0x0A,0x01,
    0xE5,0x09,0x22,0x82,0x92,0xB7,0x25,0x02,0xC9,0x02,0x0F,0x14,
    0x27,0x07,0x01,0xE5,0x22,0x28,0x6E,0x67,0xF0,0x05,0x33,0x7B,
    0x7D,0x20,0x96,0x08,0x0A,0xB2,0x06,0x04,0xD5,0x03,0x02,0xFC,
    0x53,0x02,0xA0,0x19,0x12,0x8C,0xFE,0x2B,0x01,0x5A,0x05,0x03,
    0xE8,0x19,0x07,0xC0,0x00,0x13,0x74,0x46,0x06,0x43,0x4D,0x69,
    0x73,0x73,0xE7,0x02,0x0F,0xF9,0x01,0x00,0x03,0x2C,0x04,0x09,
    0x57,0x00,0x0A,0x52,0xA8,0x04,0x5A,0x00,0x0F,0xF3,0x08,0x0F,
    0x11,0x66,0xDE,0x07,0x19,0x4E,0xDC,0x01,0x0F,0x35,0x01,0x00,
    0x0F,0x82,0x14,0x02,0x01,0x83,0x00,0x09,0x94,0x15,0x0F,0x05,
    0x02,0x1C,0x04,0x7D,0x00,0x06,0x04,0x02,0x0F,0x7B,0x00,0x17,
    0x0F,0x2D,0x02,0x30,0x31,0x61,0x76,0x65,0x7A,0x00,0x32,0x46,
    0x69,0x72,0x70,0x0D,0x0F,0x6C,0x01,0x00,0x09,0x17,0x02,0x03,
    0xCE,0x15,0x87,0x3A,0x20,0xE5,0x85,0x88,0xE3,0x81,0xAB,0x58,
    0x07,0x04,0xAC,0x02,0x09,0x53,0x09,0x0D,0x9E,0x4B,0x03,0x8F,
    0x01,0x0D,0xB0,0x15,0x36,0x41,0x70,0x70,0x34,0x04,0x32,0x22,
    0x61,0x62,0xA1,0x32,0x06,0x0F,0x04,0x05,0x42,0x22,0x64,0x56,
    0x75,0x6C,0x74,0x72,0x61,0x56,0x27,0x51,0xE3,0x81,0xAB,0xE3,
    0x81,0x3A,0x50,0x27,0x81,0xA6,0x45,0x02,0x52,0x70,0x72,0x6F,
    0x64,0x75,0xA7,0x03,0x09,0x30,0x00,0x07,0x23,0x00,0x34,0x76,
    0x65,0x72,0xB0,0x6D,0x01,0xBD,0x06,0x01,0x4D,0x0B,0x01,0x32,
    0x13,0x08,0x28,0x05,0x02,0x2A,0x05,0x02,0x45,0x3D,0x05,0xC0,
    0x9E,0x02,0xF1,0x39,0x01,0x96,0x32,0x04,0x6E,0x46,0x02,0xC9,
    0x07,0xF7,0x08,0x3A,0x20,0x4C,0x61,0x7A,0x79,0x5F,0x56,0x20,
    0x28,0x4B,0x65,0x78,0x75,0x61,0x6E,0x20,0x5A,0x68,0x61,0x6E,
    0x67,0x29,0x76,0x00,0x54,0x6C,0x69,0x63,0x65,0x6E,0x44,0x05,
    0x11,0xA9,0xCF,0x48,0x11,0xBB,0xF3,0x07,0x67,0xB9,0x3A,0x20,
    0x4D,0x49,0x54,0x2A,0x00,0xFC,0x01,0x67,0x69,0x74,0x68,0x75,
    0x62,0x22,0x3A,0x20,0x22,0x47,0x69,0x74,0x48,0x75,0x62,0x32,
    0x05,0x41,0x6F,0x70,0x65,0x6E,0xBB,0x01,0x01,0xA6,0x09,0x01,
    0x05,0x0A,0x0F,0x2E,0x01,0x00,0x08,0x97,0x01,0x01,0x92,0x3C,
    0x08,0xCF,0x44,0x51,0x70,0x72,0x6F,0x6D,0x70,0x66,0x0F,0x07,
    0x05,0x0B,0x02,0xD5,0x52,0x43,0xAA,0xE3,0x81,0x84,0x55,0x18,
    0x84,0x82,0x92,0xE7,0xA0,0xB4,0xE6,0xA3,0x84,0x16,0x04,0x01,
    0x2A,0x0D,0x07,0xEE,0x01,0x01,0x57,0x00,0x02,0xD4,0x2E,0x02,
    0x03,0x28,0x03,0xE3,0x01,0x03,0x7E,0x05,0x12,0x22,0x86,0x2D,
    0x47,0x50,0x6F,0x70,0x75,0xE2,0x01,0x0A,0x8F,0x17,0x11,0xA2,
    0x06,0x01,0x01,0x35,0x09,0x21,0x82,0x92,0xD5,0x07,0x06,0x27,
    0x2D,0x0C,0xF8,0x00,0x02,0x4F,0x00,0x06,0x2C,0x02,0x01,0xC4,
    0x08,0x03,0xAB,0x56,0x01,0x44,0x05,0x08,0x4E,0x00,0x2B,0x81,
    0xAE,0x4E,0x00,0x08,0xB3,0x56,0x0A,0x0E,0x5A,0x02,0x58,0x00,
    0x36,0x69,0x6E,0x67,0x56,0x32,0x0F,0x99,0x00,0x0B,0x07,0x77,
    0x07,0x61,0x20,0x20,0x22,0x69,0x74,0x65,0x88,0x0B,0x02,0x42,
    0x65,0x07,0xC8,0x01,0x31,0x73,0x63,0x61,0xB0,0x07,0x07,0x57,
    0x00,0x0E,0x39,0x06,0x08,0xB4,0x00,0x51,0x82,0x92,0xE3,0x82,
    0xB9,0x98,0x0B,0x4D,0xA3,0xE3,0x83,0xB3,0xA8,0x00,0x04,0x50,
    0x00,0x04,0x55,0x10,0x22,0x7B,0x7D,0xB9,0x5C,0x09,0x33,0x00,
    0x07,0x80,0x00,0x0B,0xD8,0x00,0x08,0xE5,0x04,0x0F,0x88,0x00,
    0x0F,0x01,0x47,0x14,0x22,0x83,0x9D,0xBA,0x05,0x0D,0x8B,0x00,
    0x05,0x5B,0x00,0x0C,0x8C,0x00,0x0C,0x37,0x00,0x07,0x8F,0x00,
    0xF4,0x00,0x66,0x69,0x6E,0x61,0x6C,0x69,0x7A,0x69,0x6E,0x67,
    0x44,0x61,0x74,0x61,0x62,0x50,0x08,0x08,0x01,0x01,0x21,0x83,
    0x87,0x8E,0x03,0x41,0xBF,0xE3,0x83,0x99,0x09,0x00,0x01,0xA3,
    0x1F,0x5F,0xA2,0xBA,0xE5,0xAE,0x9A,0x82,0x00,0x07,0x07,0x75,
    0x0E,0x03,0xB7,0x02,0x03,0x2A,0x07,0x1F,0x9F,0xC5,0x01,0x0E,
    0x0A,0x07,0x02,0x31,0x65,0x72,0x72,0x27,0x19,0x05,0x4C,0x03,
    0x01,0x34,0x29,0x23,0x73,0x65,0x37,0x73,0x08,0x0A,0x0E,0x0F,
    0x68,0x02,0x0A,0x0F,0x2F,0x06,0x01,0x06,0x07,0x01,0x03,0x7B,
    0x05,0x8F,0x52,0x65,0x67,0x69,0x73,0x74,0x72,0x79,0x56,0x00,
    0x04,0x51,0x83,0xAC,0xE3,0x82,0xB8,0x56,0x0C,0x01,0x6C,0x04,
    0x0F,0x66,0x0E,0x0A,0x09,0x5C,0x00,0x02,0x99,0x01,0x2B,0x65,
    0x72,0x9C,0x52,0x11,0x76,0xC9,0x00,0x19,0x20,0xA0,0x01,0x55,
    0x82,0xBF,0xE3,0x83,0xBC,0xB3,0x14,0x04,0xF4,0x0C,0x11,0x9A,
    0x9C,0x10,0x0A,0x7F,0x00,0x2E,0x82,0x82,0x61,0x07,0x03,0x9D,
    0x03,0x03,0x07,0x28,0x07,0x40,0x20,0x24,0x6C,0x6F,0xFF,0x42,
    0x05,0x49,0x01,0x06,0xA7,0x03,0x41,0x57,0x6F,0x72,0x6B,0x67,
    0x16,0x02,0xB0,0x03,0x0A,0x8B,0x4E,0x21,0x83,0xAF,0xF5,0x01,
    0x11,0xAF,0xF8,0x00,0x11,0x9A,0x0C,0x00,0x1F,0xB9,0xB6,0x03,
    0x07,0x05,0x54,0x00,0x03,0xD8,0x02,0x0F,0x66,0x03,0x18,0x0F,
    0x08,0x04,0x04,0x35,0x6F,0x70,0x65,0xAF,0x03,0x0F,0xA3,0x02,
    0x1A,0x01,0x08,0x05,0x14,0x84,0x41,0x05,0x4A,0xBE,0xE3,0x81,
    0x99,0x5A,0x02,0x05,0xAB,0x00,0x83,0x54,0x68,0x75,0x6D,0x62,
    0x6E,0x61,0x69,0x3D,0x0D,0x08,0xFB,0x02,0x51,0x81,0xAE,0xE3,
    0x82,0xB5,0x02,0x17,0x02,0x2A,0x1F,0x1F,0xAB,0xFA,0x00,0x07,
    0x11,0x72,0x6A,0x25,0x0F,0x4F,0x00,0x1F,0x01,0x7F,0x0F,0x41,
    0xB3,0xE3,0x83,0x80,0xC1,0x0B,0x4D,0xB3,0xE3,0x82,0xB0,0x56,
    0x03,0x05,0xAA,0x00,0x62,0x57,0x69,0x6E,0x64,0x6F,0x77,0xE4,
    0x0D,0x0A,0x38,0x0F,0x61,0xE3,0x82,0xA6,0xE3,0x82,0xA3,0x49,
    0x00,0x11,0x89,0x0C,0x00,0x0F,0x57,0x05,0x05,0x03,0x09,0x02,
    0x01,0xAA,0x06,0x02,0xEF,0x01,0x03,0x3A,0x06,0x12,0x20,0xB9,
    0x04,0x07,0x2C,0x20,0x1D,0xBF,0x89,0x00,0x08,0x3D,0x00,0x07,
    0xDA,0x01,0x04,0x43,0x00,0x09,0x83,0x03,0x0F,0x4B,0x00,0x0C,
    0x03,0xD7,0x01,0x06,0x07,0x1D,0x0C,0x78,0x02,0x0F,0xC1,0x01,
    0x0F,0x01,0x90,0x0C,0x01,0x6C,0x14,0x52,0xBA,0x96,0xE5,0x82,
    0x99,0xE6,0x3D,0x0F,0xC6,0x1F,0x00,0x0F,0x73,0x5D,0x01,0x0F,
    0x7F,0x00,0x30,0x03,0x0D,0x01,0x08,0x08,0x01,0x07,0x82,0x04,
    0x0F,0xFF,0x00,0x0C,0x05,0xD3,0x01,0x06,0xC0,0x00,0x03,0x6E,
    0x01,0x0B,0xAE,0x07,0x42,0x74,0x61,0x73,0x6B,0x60,0xAE,0x06,
    0xB9,0x03,0x12,0x66,0xDE,0x15,0x3E,0x46,0x50,0x53,0x9E,0x5E,
    0x71,0x63,0x70,0x75,0x43,0x61,0x63,0x68,0x6B,0x0C,0x44,0x43,
    0x50,0x55,0x20,0xB9,0x06,0x11,0x83,0xE9,0x01,0x17,0xA5,0xB9,
    0x0E,0x32,0x20,0x20,0x22,0x5D,0x39,0x4D,0x22,0x52,0x41,0x4D,
    0x18,0x00,0x63,0x57,0x69,0x74,0x68,0x41,0x76,0xFA,0x5A,0x02,
    0x21,0x00,0x38,0x20,0x2F,0x20,0x49,0x19,0x0A,0x33,0x00,0x13,
    0x76,0x4C,0x00,0x12,0x56,0x2C,0x00,0x06,0xFF,0x04,0x23,0x22,
    0x76,0x4E,0x00,0x33,0x42,0x75,0x64,0xA6,0x35,0x03,0x24,0x00,
    0x2A,0x20,0x2F,0x43,0x00,0x21,0x6A,0x6F,0x5F,0x09,0x32,0xE3,
    0x82,0xBF,0x42,0x2A,0x07,0x44,0x00,0x34,0x77,0x6F,0x72,0x87,
    0x33,0x63,0xE5,0x87,0xA6,0xE7,0x90,0x86,0x2D,0x01,0x03,0xD4,
    0x08,0x04,0xF4,0x25,0x31,0x4C,0x6F,0x61,0x4D,0x0E,0x01,0xEC,
    0x00,0x48,0xBC,0xE3,0x83,0xB3,0xCE,0x02,0x07,0x4F,0x00,0x71,
    0x6D,0x63,0x70,0x4C,0x69,0x73,0x74,0x59,0x04,0x03,0x37,0x19,
    0x41,0x20,0xE3,0x81,0x8C,0x03,0x03,0x8A,0x81,0xA7,0xE5,0xBE,
    0x85,0xE6,0xA9,0x9F,0x4F,0x08,0x67,0x6D,0x63,0x70,0x4E,0x6F,
    0x74,0xFD,0x0E,0x02,0x33,0x00,0x12,0xAF,0xE6,0x0E,0x04,0xDD,
    0x06,0x02,0xAC,0x09,0x9B,0xBE,0xE3,0x81,0x9B,0xE3,0x82,0x93,
    0x20,0x28,0xD3,0x02,0x02,0x2E,0x14,0x42,0xE3,0x81,0xA7,0x20,
    0x3D,0x00,0x12,0xAE,0x1D,0x2F,0x03,0x8C,0x16,0x0F,0x71,0x32,
    0x0A,0x08,0xB3,0x0A,0x09,0x8B,0x00,0x13,0x45,0x1F,0x07,0x12,
    0x22,0x53,0x00,0x0F,0x90,0x00,0x09,0x0B,0x47,0x0B,0x0F,0x5B,
    0x33,0x10,0x05,0x80,0x24,0x0C,0x95,0x02,0x0F,0xFD,0x50,0x01,
    0x01,0x75,0x27,0x5A,0x4F,0x70,0x65,0x6E,0x65,0x83,0x01,0x04,
    0x66,0x39,0x17,0x84,0x21,0x35,0x08,0xB0,0x01,0x0E,0x2F,0x00,
    0x06,0xB5,0x01,0x45,0x82,0x93,0xE3,0x81,0x38,0x3A,0x03,0xEC,
    0x01,0x03,0x91,0x11,0x09,0x71,0x0A,0x05,0x7C,0x0B,0x08,0x16,
    0x00,0x0F,0x01,0x78,0x08,0x06,0xB1,0x04,0x0D,0x5B,0x8E,0x06,
    0x25,0x47,0x01,0xFA,0x05,0x0F,0xF5,0x59,0x19,0x01,0x9C,0x00,
    0x06,0xED,0x0F,0x05,0xC3,0x0D,0x02,0xC7,0x5B,0x05,0x94,0x02,
    0x04,0x75,0x00,0x12,0x8F,0xA4,0x31,0x0F,0xF5,0x0F,0x24,0x04,
    0x43,0x01,0x01,0x57,0xB6,0x0B,0x58,0x08,0x0D,0x6B,0x00,0x0F,
    0x1E,0x3B,0x00,0x25,0x3A,0x20,0x26,0x00,0x13,0x2F,0xE4,0x07,
    0x11,0x83,0xFA,0xA0,0x08,0x0E,0x79,0x0C,0x87,0x08,0x03,0xDA,
    0x02,0x09,0x37,0x11,0x05,0x34,0x0F,0x09,0x4E,0x06,0x04,0xE5,
    0x00,0x0F,0x7A,0x00,0x02,0x08,0x1F,0x04,0x03,0xBE,0x01,0x0F,
    0x3F,0x00,0x04,0x02,0xC7,0x0C,0x0E,0x8E,0x18,0x95,0x20,0x20,
    0x22,0x63,0x61,0x6E,0x63,0x65,0x6C,0x07,0x18,0x05,0x83,0x06,
    0x02,0xD2,0x01,0x13,0x8F,0xC6,0x1D,0x06,0x76,0x66,0x11,0xB3,
    0xD4,0x0C,0x02,0xCD,0x35,0x03,0x35,0x0F,0x06,0x2C,0x06,0x06,
    0x2A,0x09,0x03,0x0A,0x0A,0x04,0x20,0x07,0x05,0x75,0x05,0x0F,
    0xDD,0x01,0x05,0x08,0x7A,0x00,0x04,0xB6,0x0D,0x4F,0x99,0xE3,
    0x82,0x8B,0xDD,0x01,0x2D,0x03,0xAD,0x2B,0x04,0xCA,0x0B,0x08,
    0x5B,0x00,0x06,0x73,0x00,0x04,0x89,0x1C,0x0F,0xEC,0x38,0x0F,
    0x03,0x3D,0x03,0x02,0xC8,0x00,0x0F,0x38,0x02,0x0F,0x0F,0xDB,
    0x0A,0x0A,0x21,0x3A,0x20,0xEC,0x03,0x6F,0x2F,0x77,0x6F,0x72,
    0x6C,0x64,0x27,0x03,0x23,0x2E,0x61,0x76,0xF1,0x01,0x04,0xE3,
    0x00,0x06,0xF9,0x19,0x0D,0x2A,0x02,0x02,0x1A,0x12,0x0A,0x69,
    0x02,0x0F,0xAB,0x00,0x0C,0x23,0x7B,0x7D,0xBD,0x04,0x09,0xE3,
    0x01,0x16,0x70,0x91,0x13,0x09,0xE2,0x01,0x76,0x6E,0x61,0x70,
    0x73,0x68,0x6F,0x74,0x00,0x0C,0x0C,0x9E,0x03,0x21,0x81,0xAE,
    0x08,0x0B,0x11,0x8A,0x1E,0x0F,0x11,0x97,0x8A,0x01,0x11,0xA7,
    0x0C,0x00,0x0F,0x62,0x0C,0x03,0x07,0x66,0x03,0x31,0xE3,0x81,
    0xAB,0x2F,0x00,0x01,0xAF,0x2C,0x03,0x6B,0x10,0x41,0xBA,0xE5,
    0x8F,0xAF,0xBD,0x38,0x11,0xAA,0x86,0x15,0x0F,0x8F,0x13,0x10,
    0x01,0xFA,0x31,0x24,0x74,0x65,0x35,0x15,0x0B,0x31,0x14,0x54,
    0x81,0xAB,0xE5,0x85,0xA5,0xCB,0x13,0x0D,0x7C,0x1B,0x01,0x5A,
    0x17,0x04,0xBE,0x49,0x0C,0xD9,0x00,0x81,0x82,0x92,0xE7,0xB5,
    0x82,0xE4,0xBA,0x86,0x38,0x00,0x06,0x20,0x03,0x01,0xB3,0x00,
    0x12,0xBC,0x4B,0x2F,0xFB,0x00,0xE7,0x8A,0xB6,0xE6,0x85,0x8B,
    0xE3,0x82,0x92,0xE5,0xBE,0xA9,0xE5,0x85,0x83,0x2A,0x00,0x0F,
    0x67,0x01,0x01,0x02,0xF8,0x0C,0x0B,0x95,0x05,0x08,0xC5,0x01,
    0x07,0x31,0x09,0x29,0x81,0xAE,0x08,0x0D,0x01,0x11,0x34,0x0F,
    0xF9,0x5F,0x0D,0x05,0xCE,0x10,0x03,0x15,0x02,0x0F,0x41,0x0F,
    0x1C,0x08,0xC2,0x00,0x0F,0x2A,0x02,0x06,0x02,0x51,0x1F,0x02,
    0x69,0x3E,0x0F,0xCA,0x00,0x07,0x0F,0x7A,0x00,0x0B,0x0F,0xDC,
    0x00,0x18,0x02,0x6A,0x07,0x0A,0xAD,0x02,0x02,0x83,0x00,0x03,
    0xDD,0x08,0x08,0xB0,0x02,0x01,0x40,0x0E,0x0F,0x1E,0xBC,0x03,
    0x0F,0x09,0x15,0x01,0x0F,0x1B,0x63,0x11,0x09,0x94,0x01,0x0F,
    0x0C,0x06,0x20,0x67,0x6C,0x6F,0x61,0x64,0x65,0x64,0x15,0x0B,
    0x0F,0x1A,0x01,0x0B,0x08,0xEE,0x07,0x07,0x3B,0x4E,0x0F,0x8E,
    0x01,0x05,0x01,0x79,0x04,0x0B,0x86,0x01,0x34,0x6C,0x6F,0x61,
    0x2D,0x31,0x06,0xB8,0x03,0x0F,0x8D,0x15,0x07,0x0F,0x05,0x01,
    0x11,0x26,0x7B,0x7D,0x2D,0x0A,0x03,0x62,0x00,0x14,0x65,0x64,
    0x00,0x01,0x7E,0x04,0x0B,0x57,0x2A,0x07,0x50,0x08,0x06,0xBD,
    0x08,0x0F,0xCF,0x00,0x06,0x02,0xE3,0x01,0x0E,0x73,0x15,0x04,
    0x28,0x1A,0x03,0xE2,0x01,0x0E,0xFB,0x10,0x04,0xE9,0x17,0x01,
    0x5E,0x01,0x31,0x52,0x6F,0x6F,0x2B,0x14,0x0F,0x21,0x16,0x00,
    0x0F,0x39,0x03,0x03,0x09,0xDA,0x01,0x21,0x83,0xAB,0xD7,0x03,
    0x1F,0x88,0x94,0x2D,0x05,0x0A,0x9A,0x0B,0x11,0x65,0x0D,0x1E,
    0x02,0x5E,0x01,0x33,0x44,0x65,0x74,0x16,0x0C,0x0F,0x7A,0x00,
    0x16,0x08,0x4F,0x01,0x02,0xB4,0x02,0x02,0x4F,0x03,0x55,0x52,
    0x65,0x74,0x75,0x72,0x30,0x0A,0x0D,0xAB,0x18,0x0F,0xC7,0x00,
    0x10,0x0A,0xDA,0x12,0x64,0xE6,0x89,0x8B,0xE9,0xA0,0x86,0xC9,
    0x0B,0x58,0x82,0x92,0xE8,0xBF,0x94,0xE3,0x03,0x09,0xB7,0x08,
    0x02,0x88,0x00,0x4F,0x50,0x61,0x63,0x6B,0x86,0x00,0x2F,0x0A,
    0xDA,0x30,0x0F,0x86,0x00,0x1A,0x11,0x76,0x0F,0x01,0x0D,0xC0,
    0x09,0x0F,0x0C,0x01,0x15,0x02,0xFD,0x15,0x21,0x83,0x93,0x3F,
    0x06,0x11,0x89,0x2E,0x12,0x22,0xAF,0x20,0x54,0x00,0x0A,0x57,
    0x12,0x51,0x83,0x88,0xE3,0x81,0x8C,0xAB,0x07,0x03,0x3D,0x14,
    0x0F,0xB3,0x0C,0x02,0x0A,0x22,0x01,0xD1,0x63,0x61,0x6E,0x6E,
    0x6F,0x74,0x43,0x72,0x65,0x61,0x74,0x65,0x4F,0xCB,0x1E,0x32,
    0x46,0x6F,0x6C,0x8F,0x36,0x01,0x7F,0x10,0x0B,0x5A,0x1A,0x0F,
    0xAF,0x01,0x03,0x04,0xF1,0x1E,0x02,0x42,0x28,0x03,0x19,0x91,
    0x07,0x2C,0xA5,0x02,0xE0,0x12,0x03,0x59,0x0A,0x0A,0x76,0x02,
    0xA2,0x70,0x75,0x62,0x6C,0x69,0x73,0x68,0x65,0x64,0x52,0x44,
    0xB2,0x11,0x4C,0x50,0x3F,0x0F,0xAF,0x01,0x22,0x6E,0xE5,0x85,
    0xAC,0xE9,0x96,0x8B,0xCF,0x1F,0x02,0x9B,0x41,0x0F,0x32,0x02,
    0x14,0x11,0x74,0x67,0x44,0x94,0x4D,0x75,0x73,0x74,0x4D,0x61,
    0x74,0x63,0x68,0x12,0x27,0x0F,0xAE,0x01,0x01,0x01,0x81,0x45,
    0x03,0x05,0x8A,0x06,0x7B,0x40,0x01,0x72,0x28,0x11,0xBF,0x43,
    0x13,0x13,0xB2,0x35,0x08,0x0F,0xA0,0x20,0x05,0x25,0x81,0x8C,
    0x66,0x27,0x01,0xCA,0x05,0x0F,0x73,0x21,0x02,0x18,0xA8,0xC2,
    0x57,0x04,0x85,0x20,0x08,0xCE,0x1B,0x0B,0x59,0x26,0x04,0xCB,
    0x1B,0x08,0x78,0x1D,0x0F,0xBE,0x00,0x01,0x0F,0x2B,0x15,0x00,
    0x2F,0x3A,0x20,0xBA,0x00,0x16,0x11,0xAB,0x6D,0x31,0x0D,0x1F,
    0x02,0x0F,0x22,0x1C,0x00,0x13,0xAE,0x3E,0x0F,0x09,0x8C,0x2E,
    0x14,0x8C,0xC9,0x00,0x0B,0x4E,0x21,0x07,0xC0,0x00,0x35,0x4E,
    0x6F,0x74,0x6A,0x32,0x0F,0x6A,0x00,0x00,0x0F,0x89,0x02,0x03,
    0x0F,0x29,0x00,0x00,0x0F,0x93,0x00,0x16,0x0F,0x14,0xA5,0x0E,
    0x06,0x2F,0x06,0x2F,0x22,0x72,0xAD,0x02,0x1A,0x61,0xE6,0x88,
    0x90,0xE5,0x8A,0x9F,0x31,0x02,0x04,0x75,0x09,0x12,0x81,0x0D,
    0x34,0x0F,0xB3,0x26,0x04,0x0F,0xDD,0x04,0x13,0x34,0x77,0x65,
    0x62,0xFE,0x23,0x08,0x2D,0x01,0x3F,0x77,0x65,0x62,0x08,0x01,
    0x14,0x0F,0xAA,0x33,0x03,0x0B,0xCB,0x05,0x07,0x66,0x00,0x67,
    0x45,0x78,0x74,0x72,0x61,0x63,0x39,0x0B,0x01,0x6B,0x00,0x0E,
    0x61,0x01,0x03,0xE5,0x24,0x11,0xAB,0xEC,0x09,0x71,0x96,0xE3,
    0x81,0xAE,0xE5,0xB1,0x95,0xA9,0x15,0x0F,0x74,0x02,0x00,0x0A,
    0x0E,0x04,0x07,0x6D,0x00,0xD1,0x4E,0x6F,0x74,0x44,0x69,0x72,
    0x4F,0x72,0x5A,0x69,0x70,0x22,0x3A,0x1A,0x00,0x0F,0xD6,0x00,
    0x14,0x1E,0xAF,0x79,0x23,0xB1,0xE3,0x81,0xA7,0xE3,0x82,0x82,
    0x20,0x2E,0x7A,0x69,0x70,0x29,0x34,0x2B,0x82,0x82,0x0E,0x1F,
    0x0B,0xF4,0x00,0x44,0x63,0x6F,0x70,0x79,0x5B,0x01,0x42,0x46,
    0x69,0x6C,0x65,0x15,0x07,0x02,0x15,0x08,0x0D,0x04,0x1F,0x09,
    0xD9,0x02,0x11,0xAE,0xA9,0x1C,0x11,0x94,0xDF,0x17,0x0F,0xEE,
    0x00,0x03,0x0B,0x6B,0x00,0x09,0xF2,0x00,0x82,0x49,0x6E,0x64,
    0x65,0x78,0x48,0x74,0x6D,0xC7,0x30,0x0E,0x5F,0x03,0x0F,0xF5,
    0x02,0x03,0x0F,0x86,0x01,0x04,0xEA,0x81,0xAB,0x20,0x69,0x6E,
    0x64,0x65,0x78,0x2E,0x68,0x74,0x6D,0x6C,0x20,0x34,0x04,0x03,
    0xBB,0x12,0x0D,0xBB,0x01,0x41,0x3A,0x20,0x7B,0x7D,0x71,0x40,
    0x05,0x4B,0x0E,0xF3,0x04,0x22,0x61,0x6E,0x64,0x72,0x6F,0x69,
    0x64,0x4E,0x6F,0x74,0x49,0x6D,0x70,0x6C,0x65,0x6D,0x65,0x6E,
    0x5D,0x0C,0x12,0x41,0x19,0x00,0x0F,0x96,0x01,0x01,0x21,0x81,
    0xAF,0xEA,0x02,0x7F,0xA0,0xE5,0xAE,0x9F,0xE8,0xA3,0x85,0x86,
    0x06,0x02,0x8B,0x20,0x28,0xE4,0xBA,0x88,0xE5,0xAE,0x9A,0x6E,
    0x00,0x1D,0x63,0x89,0x06,0x06,0x7C,0x01,0x0F,0x66,0x06,0x03,
    0x24,0x81,0xAE,0x66,0x06,0x0F,0x70,0x01,0x00,0x0B,0x6D,0x01,
    0x43,0x63,0x6F,0x70,0x79,0x68,0x06,0x06,0x57,0x00,0x0B,0x86,
    0x03,0x03,0xD2,0x05,0x0F,0xD6,0x01,0x19,0x01,0x66,0x00,0x03,
    0xF1,0x09,0x03,0x39,0x01,0x96,0x22,0x70,0x72,0x6F,0x67,0x72,
    0x65,0x73,0x73,0xEB,0x09,0xAF,0x20,0x20,0x22,0x77,0x72,0x69,
    0x74,0x69,0x6E,0x67,0x75,0x39,0x1A,0x38,0xE3,0x82,0x92,0x89,
    0x58,0x0D,0x3C,0x1B,0x04,0xE8,0x49,0x75,0x69,0x6E,0x67,0x50,
    0x61,0x63,0x6B,0xBE,0x21,0x11,0xA2,0x0B,0x11,0x03,0xDF,0x1D,
    0x22,0xE5,0x86,0xDB,0x18,0x06,0x58,0x1C,0x01,0x8E,0x04,0x51,
    0xA6,0x20,0x56,0x50,0x4B,0xCA,0x1C,0x03,0xDE,0x08,0x1D,0xAF,
    0x5F,0x00,0x73,0x63,0x6F,0x70,0x79,0x69,0x6E,0x67,0x36,0x01,
    0x02,0x03,0x03,0x09,0xB6,0x04,0x0F,0x30,0x01,0x00,0x25,0x82,
    0x92,0x06,0x03,0x0D,0x50,0x00,0x11,0x6C,0xE0,0x07,0x4B,0x69,
    0x6E,0x67,0x50,0xF9,0x07,0x01,0x26,0x35,0x0F,0xC2,0x07,0x02,
    0x22,0x82,0x92,0xC2,0x07,0x0D,0x4C,0x00,0x09,0x86,0x05,0x04,
    0xA0,0x03,0x09,0x9D,0x00,0x05,0x3C,0x00,0x01,0xEF,0x00,0x04,
    0x7D,0x05,0x09,0xCB,0x05,0x02,0xF7,0x0A,0x71,0x43,0x6F,0x6D,
    0x70,0x6C,0x65,0x74,0x52,0x17,0x0F,0x3D,0x05,0x00,0x23,0x81,
    0x8C,0x79,0x18,0x07,0xB9,0x10,0x0B,0x48,0x09,0x02,0x28,0x01,
    0x04,0x36,0x04,0x01,0x29,0x01,0x0E,0xC1,0x03,0x0D,0x71,0x03,
    0x01,0xEC,0x49,0x03,0x32,0x04,0x0D,0xE0,0x00,0x05,0x2C,0x01,
    0x0F,0x7E,0x01,0x07,0x05,0xE1,0x00,0x0D,0x3D,0x00,0x0A,0xD8,
    0x00,0x03,0x42,0x00,0x11,0x4C,0x7E,0x01,0x03,0x2B,0x01,0x0E,
    0x9F,0x00,0x0F,0xE7,0x00,0x04,0x0F,0x55,0x01,0x1F,0x03,0x36,
    0x02,0x16,0x57,0xA2,0x06,0x0F,0xC4,0x05,0x1A,0x0F,0x41,0x02,
    0x09,0x01,0x75,0x4B,0x02,0x5C,0x00,0x02,0xDD,0x30,0x01,0x6B,
    0x01,0x21,0x83,0xAD,0x72,0x09,0x42,0xAB,0xE3,0x83,0xAB,0x10,
    0x05,0x03,0xD6,0x0E,0x11,0x90,0x17,0x00,0x0F,0x41,0x02,0x14,
    0x23,0x49,0x6E,0xD4,0x4C,0x02,0x53,0x00,0x01,0x0B,0x4F,0x51,
    0x82,0xA6,0xE3,0x82,0xB6,0xCF,0x05,0x1F,0xA7,0x07,0x01,0x1F,
    0x09,0x24,0x21,0x02,0xC1,0x1A,0x0D,0xA8,0x01,0x34,0x73,0x61,
    0x76,0xAB,0x1B,0x18,0x50,0x2F,0x00,0x06,0x95,0x11,0x09,0x36,
    0x13,0x0D,0x86,0x3F,0x0B,0x54,0x1D,0x0B,0x87,0x04,0x02,0x0A,
    0x29,0x09,0x85,0x04,0x93,0x70,0x61,0x63,0x6B,0x65,0x64,0x56,
    0x70,0x6B,0xD6,0x29,0x09,0x00,0x04,0x08,0x28,0x03,0x01,0xD7,
    0x04,0x03,0xD0,0x04,0x02,0xF4,0x08,0x13,0x6E,0x65,0x04,0x22,
    0x61,0x67,0x29,0x03,0x03,0x36,0x04,0x01,0xB9,0x36,0x25,0x82,
    0xB8,0xCD,0x46,0x3B,0xE4,0xB8,0xAD,0x3C,0x00,0x0A,0x8D,0x02,
    0x01,0x5F,0x01,0x0D,0x7E,0x02,0x02,0x62,0x03,0x0F,0x39,0x00,
    0x0A,0x03,0x9B,0x19,0x11,0x50,0x69,0x45,0x02,0x83,0x00,0x0D,
    0x47,0x00,0x0F,0xC5,0x02,0x07,0x11,0x91,0x21,0x1B,0x0F,0xAD,
    0x00,0x1D,0x01,0x65,0x02,0x71,0x4F,0x76,0x65,0x72,0x48,0x74,
    0x74,0x8A,0x08,0x0E,0x1F,0x04,0x06,0xBA,0x00,0x23,0x20,0x28,
    0x0F,0x05,0x07,0x11,0x0C,0x41,0x20,0x68,0x74,0x74,0x77,0x08,
    0x61,0xE9,0x85,0x8D,0xE4,0xBF,0xA1,0x62,0x01,0x09,0xA2,0x25,
    0x0B,0x03,0x07,0x0A,0x2C,0x01,0x01,0x7F,0x00,0x5F,0x72,0x4D,
    0x65,0x73,0x73,0xF2,0x00,0x1E,0x09,0x92,0x0F,0x0A,0x56,0x00,
    0x4F,0x57,0x69,0x74,0x68,0x5A,0x00,0x10,0x06,0xD9,0x00,0x0C,
    0x4F,0x00,0x72,0x73,0x75,0x63,0x63,0x65,0x65,0x64,0x4A,0x04,
    0x02,0xE0,0x0A,0x07,0x1F,0x0B,0x06,0xFE,0x13,0x02,0xDD,0x13,
    0x07,0x1B,0x00,0x64,0x74,0x68,0x69,0x73,0x53,0x65,0xB0,0x4B,
    0x04,0x04,0x32,0x02,0x53,0x30,0x03,0x69,0x15,0x17,0xB3,0x2F,
    0x00,0x0F,0x91,0x2A,0x13,0x08,0x8A,0x0D,0x4F,0xAF,0xE6,0x97,
    0xA2,0x9A,0x2A,0x0D,0x05,0x53,0x2A,0x11,0x4C,0xC9,0x12,0x0F,
    0x90,0x02,0x03,0x0A,0x57,0x00,0x0F,0x5D,0x08,0x02,0x01,0xB6,
    0x0D,0x0F,0x89,0x28,0x29,0x0F,0x8E,0x2A,0x00,0x0F,0xD1,0x02,
    0x00,0x08,0xDF,0x00,0x0F,0x88,0x00,0x04,0x0F,0x96,0x28,0x30,
    0x0F,0xD6,0x1A,0x01,0x0E,0xEC,0x02,0x0A,0x8E,0x00,0x0F,0x05,
    0x19,0x2E,0x01,0x26,0x18,0x01,0x88,0x19,0x05,0x4A,0x1B,0x0F,
    0x74,0x00,0x0C,0x81,0x82,0x92,0xE4,0xB8,0xAD,0xE6,0xAD,0xA2,
    0x89,0x00,0x03,0xD2,0x07,0x21,0x3A,0x20,0x0B,0x00,0x1F,0x9A,
    0x19,0x29,0x1E,0x06,0xDE,0x04,0x02,0x81,0xBC,0x0F,0x02,0x11,
    0x11,0x06,0x8E,0x01,0x0F,0xF9,0x10,0x07,0x04,0x39,0x2C,0x01,
    0xBD,0x77,0x0F,0xD3,0x2B,0x06,0x02,0x94,0x03,0xA2,0x52,0x75,
    0x6E,0x53,0x74,0x61,0x72,0x74,0x65,0x64,0xD8,0x04,0x05,0xC2,
    0x09,0x0E,0xFF,0x0B,0x06,0x7B,0x00,0x02,0x03,0x1B,0x31,0xE5,
    0xA7,0x8B,0x15,0x00,0x06,0x07,0x01,0x0D,0xFF,0x08,0x0B,0xF7,
    0x04,0x0D,0x7F,0x06,0x02,0x84,0x00,0x0F,0x81,0x00,0x14,0x01,
    0xAF,0x21,0x0F,0x75,0x00,0x26,0x0B,0x9B,0x06,0x39,0x77,0x65,
    0x62,0x98,0x06,0x82,0x6E,0x6F,0x50,0x79,0x74,0x68,0x6F,0x6E,
    0x98,0x04,0x01,0x0F,0x0A,0x0F,0x57,0x12,0x04,0x01,0x52,0x05,
    0x21,0x28,0x73,0xF5,0x41,0x08,0x55,0x05,0x09,0xF0,0x0C,0x01,
    0xAC,0x00,0x3B,0xE3,0x81,0x84,0x6D,0x05,0x91,0x20,0x28,0x66,
    0x69,0x6C,0x65,0x3A,0x2F,0x2F,0x09,0x0E,0xC1,0x81,0xAF,0x20,
    0x66,0x65,0x74,0x63,0x68,0x20,0xE3,0x81,0x8C,0xF1,0x07,0x01,
    0xA9,0x66,0x24,0x82,0xAF,0xB3,0x0C,0x81,0xBE,0xE3,0x81,0x99,
    0x29,0xE3,0x80,0x82,0x55,0x13,0x07,0x4F,0x08,0x54,0x87,0xAA,
    0xE5,0x8B,0x95,0x58,0x12,0x02,0xEB,0x05,0x11,0x9F,0x46,0xAC,
    0x22,0xAE,0x20,0xC5,0x00,0x1F,0x20,0x5E,0x0F,0x05,0x05,0x7C,
    0x1E,0x0A,0x7F,0x02,0x81,0x73,0x65,0x72,0x76,0x69,0x6E,0x67,
    0x41,0xEE,0x15,0x21,0x7B,0x7D,0x58,0x53,0x01,0x2F,0x06,0x33,
    0xE4,0xB8,0xAD,0x75,0x19,0x06,0x27,0x46,0x0D,0xD6,0x29,0x02,
    0xC5,0x01,0x0F,0x27,0x31,0x1D,0x01,0x2B,0x1A,0x06,0x39,0x00,
    0x02,0xFC,0x02,0x0F,0x0C,0x05,0x11,0x12,0xAE,0x8A,0x0D,0x0C,
    0x98,0x00,0x04,0x58,0x72,0x03,0xDB,0x16,0x0B,0x5F,0x00,0x0F,
    0x59,0x00,0x0F,0x07,0x8E,0x03,0x1B,0x6F,0x8A,0x14,0x02,0x71,
    0x00,0x0B,0x61,0x14,0x0C,0x80,0x00,0x12,0x68,0x3A,0x3A,0x06,
    0x7F,0x00,0x22,0x72,0x65,0x9C,0x1A,0xB4,0x43,0x61,0x6E,0x54,
    0x61,0x6B,0x65,0x41,0x57,0x68,0x69,0xEE,0x40,0x07,0x1E,0x0D,
    0x2F,0x81,0x8C,0x1E,0x0D,0x01,0x01,0xD5,0x43,0x23,0x82,0x8B,
    0xE4,0x39,0x21,0x80,0x81,0x68,0x03,0x72,0xB0,0xE3,0x82,0x89,
    0xE3,0x81,0x8F,0xC3,0xDA,0x01,0x52,0x0F,0x71,0x8B,0xE3,0x81,
    0x8B,0xE3,0x82,0x8B,0xA1,0x2B,0x11,0xA8,0x12,0x00,0x14,0x82,
    0x9B,0x1B,0x01,0x98,0x13,0x03,0xF4,0x02,0x07,0x07,0x18,0x02,
    0xD5,0x0B,0x01,0xE1,0x02,0x03,0xAA,0x00,0x05,0xFC,0x19,0x06,
    0x1A,0x00,0x0F,0x52,0x19,0x01,0x02,0xDB,0x03,0x03,0xCB,0x38,
    0x05,0xF3,0x87,0x45,0x22,0x73,0x75,0x62,0xA7,0x2D,0x03,0xE4,
    0x1F,0x03,0xB4,0x15,0x06,0xC8,0x27,0x04,0x8F,0x04,0x02,0xAA,
    0x02,0x42,0x8B,0xE3,0x80,0x81,0x66,0x71,0x04,0x3A,0x0F,0x0F,
    0xA7,0x04,0x08,0x0B,0x9A,0x43,0x0F,0xF2,0x06,0x00,0x04,0x88,
    0x6C,0x07,0x79,0x27,0x82,0x22,0x72,0x65,0x63,0x65,0x6E,0x74,
    0x50,0x9B,0x50,0x01,0xCB,0x26,0x61,0xE6,0x9C,0x80,0xE8,0xBF,
    0x91,0xF0,0x39,0x0C,0xED,0x34,0x04,0xF8,0x01,0x29,0x22,0x77,
    0xA3,0x28,0x02,0xB0,0x20,0x0A,0xCC,0x00,0x05,0x2B,0x00,0x83,
    0x61,0x64,0x64,0x45,0x78,0x69,0x73,0x74,0x2D,0x05,0x31,0xE6,
    0x97,0xA2,0x1B,0x81,0x12,0x92,0x6E,0x34,0x05,0x27,0x00,0x02,
    0x00,0x02,0x03,0x88,0x00,0x01,0x82,0x02,0x0F,0xAA,0x1A,0x00,
    0x0D,0xFD,0x2C,0x03,0x88,0x02,0x79,0x22,0x77,0x69,0x6E,0x64,
    0x6F,0x77,0xA5,0x04,0x53,0x6D,0x69,0x6E,0x69,0x6D,0xF1,0x3F,
    0x02,0x08,0xCD,0x0A,0xAC,0x3D,0x39,0x6D,0x61,0x78,0x20,0x00,
    0x2A,0xA4,0xA7,0x20,0x00,0x61,0x72,0x65,0x73,0x74,0x6F,0x72,
    0xBB,0x0A,0x01,0x5E,0x1D,0x7C,0xAB,0xE6,0x88,0xBB,0xE3,0x81,
    0x99,0xCB,0x02,0x0F,0x10,0x51,0x04,0x01,0x4A,0x01,0x0F,0x41,
    0x01,0x07,0x02,0x53,0x65,0x07,0xEE,0x00,0x02,0xE6,0x01,0x0F,
    0x31,0x00,0x0A,0x4F,0x6F,0x70,0x65,0x6E,0x4A,0x01,0x02,0x01,
    0xB1,0x13,0x1C,0x8F,0x99,0x00,0x59,0x65,0x6D,0x70,0x74,0x79,
    0x12,0x01,0x07,0x7D,0x02,0x0C,0xD9,0x01,0x0F,0x04,0x05,0x05,
    0x04,0x9F,0x01,0x07,0x21,0x53,0x0F,0x3D,0x00,0x00,0x06,0x3F,
    0x18,0x07,0xB7,0x02,0x02,0xE8,0x01,0x2F,0x81,0xAE,0xEA,0x02,
    0x05,0x02,0x00,0x02,0x0F,0xD2,0x02,0x03,0x03,0x8C,0x03,0x04,
    0xDE,0x01,0x02,0x6B,0x12,0x6F,0x44,0x69,0x61,0x6C,0x6F,0x67,
    0xD2,0x00,0x03,0x03,0xF6,0x30,0x0F,0x9C,0x00,0x08,0x0F,0xCA,
    0x00,0x00,0x31,0xE7,0xA9,0xBA,0xE6,0x02,0x0C,0x0C,0x19,0x04,
    0x84,0x03,0x0F,0x6C,0x03,0x00,0x0B,0x2D,0x00,0x01,0x30,0x4B,
    0x0F,0x6D,0xA3,0x00,0x01,0x18,0x00,0x49,0xAB,0xE3,0x81,0xAA,
    0x62,0x04,0x03,0xCF,0x00,0x06,0x47,0x04,0x07,0xC0,0x19,0x0E,
    0xED,0x02,0x0A,0x97,0x00,0x07,0xBF,0x00,0x04,0x37,0x18,0x02,
    0x25,0x03,0x0C,0xE5,0x14,0x0F,0x29,0x00,0x00,0x13,0x45,0x0A,
    0x02,0x38,0x22,0xE7,0xA9,0xB0,0x36,0x04,0x48,0x00,0x61,0x4D,
    0x69,0x6E,0x69,0x6D,0x61,0xC9,0x14,0x02,0x28,0x03,0x03,0xBE,
    0x3A,0x0B,0x85,0x01,0x13,0x65,0xC5,0x03,0x0F,0x87,0x01,0x09,
    0x03,0xDD,0x03,0x3F,0x81,0xAE,0x20,0x91,0x01,0x09,0x02,0xFA,
    0x01,0x07,0xA9,0x00,0x25,0x68,0x65,0x0D,0x70,0x05,0x42,0x00,
    0x0E,0xCB,0x01,0x08,0x31,0x00,0x12,0x69,0x1A,0x39,0x32,0x2E,
    0x76,0x70,0xB9,0x04,0x19,0x20,0x06,0x14,0x8E,0x82,0x92,0xE5,
    0x90,0xAB,0xE3,0x82,0x80,0x44,0x00,0x31,0xE3,0x83,0xAB,0x1E,
    0x08,0x01,0x21,0x09,0x01,0xFD,0x7A,0x0F,0xE7,0x01,0x02,0x07,
    0x6B,0x00,0x03,0x61,0x00,0x05,0xDF,0x1D,0x0F,0xA9,0x01,0x00,
    0x03,0x53,0x00,0x0C,0x81,0x03,0x0F,0xD1,0x0F,0x00,0x57,0x61,
    0x64,0x64,0x65,0x64,0xF6,0x03,0x0F,0xA1,0x00,0x00,0x04,0x1F,
    0x01,0x01,0x98,0x00,0x05,0x2E,0x0A,0x09,0x21,0x0E,0x11,0x66,
    0xF7,0x1B,0x05,0xD6,0x01,0x0F,0x45,0x00,0x00,0x0A,0x3C,0x02,
    0x0C,0xFF,0x9E,0x06,0x88,0x02,0x02,0x4A,0x00,0x08,0x4B,0x36,
    0x0F,0xDF,0x00,0x00,0x09,0x88,0x02,0x0F,0x48,0x36,0x02,0x0B,
    0xA0,0x00,0x6F,0x70,0x61,0x74,0x68,0x4E,0x6F,0xDE,0x02,0x0C,
    0x11,0x91,0xB4,0xB4,0x02,0xBE,0x15,0x11,0xA9,0x44,0x01,0x01,
    0x9C,0x46,0x02,0xA0,0x3C,0x06,0x9B,0x07,0x0F,0x5F,0x00,0x00,
    0x03,0xE6,0x76,0x08,0x17,0x16,0x0D,0xCF,0x04,0x0C,0x01,0x01,
    0x7F,0xAE,0xE6,0xA4,0x9C,0xE6,0x9F,0xBB,0x95,0x0D,0x04,0x0F,
    0x5E,0x01,0x00,0x3F,0x4E,0x6F,0x74,0x61,0x01,0x19,0x11,0xAF,
    0x4C,0x04,0x11,0xA7,0x54,0x08,0x14,0x8B,0x32,0x1B,0x11,0x8C,
    0x0F,0x00,0x11,0x8A,0xC7,0x01,0x02,0x32,0x92,0x06,0x7A,0x01,
    0x7F,0x69,0x6E,0x76,0x61,0x6C,0x69,0x64,0x58,0x3C,0x07,0x0B,
    0x78,0x01,0x01,0x52,0x04,0x41,0x8C,0xE6,0x9C,0x89,0x83,0x92,
    0x1E,0xAA,0xF3,0x00,0x01,0x21,0x00,0x0F,0x3D,0x01,0x00,0x0A,
    0xBD,0x0A,0x41,0x66,0x69,0x6C,0x65,0x44,0x06,0x0F,0xA0,0x06,
    0x04,0x09,0x47,0x03,0x05,0xA1,0x0F,0x09,0x39,0x38,0x0C,0xCA,
    0x00,0x02,0x9D,0x05,0x0F,0x8E,0x01,0x0A,0x0F,0xF9,0x17,0x19,
    0x63,0x77,0x72,0x69,0x74,0x65,0x56,0x76,0x03,0x06,0x56,0x00,
    0x07,0xEA,0x03,0x28,0x81,0xAE,0x66,0x17,0x0F,0xD3,0x01,0x11,
    0x01,0x54,0x00,0x01,0xA6,0x21,0x16,0x73,0x52,0x00,0x0C,0x8A,
    0x0F,0x0F,0x73,0x04,0x01,0x0A,0x7E,0x0A,0x0F,0x78,0x00,0x1E,
    0x02,0x1B,0x01,0x0F,0xF1,0x03,0x0E,0x07,0xDC,0x09,0x0F,0xF1,
    0x03,0x03,0x24,0x6E,0x6F,0x11,0x01,0x0C,0x0B,0x01,0x0F,0x18,
    0x1C,0x12,0x4F,0x61,0x64,0x64,0x65,0x84,0x09,0x01,0x0F,0xF2,
    0x00,0x03,0x03,0x99,0x09,0x0F,0x80,0x04,0x08,0x12,0x72,0x4C,
    0x8B,0x09,0xC8,0x04,0x09,0xF2,0x0A,0x6E,0xE3,0x81,0x8B,0xE3,
    0x82,0x89,0xA4,0x02,0x0F,0x58,0x8A,0x02,0x0B,0x7F,0x03,0x06,
    0x56,0x73,0x25,0x22,0x3A,0x7E,0x05,0x07,0xFE,0x01,0x03,0xEF,
    0x08,0x11,0x91,0x2C,0x01,0x41,0x9B,0xE3,0x82,0x93,0xF6,0x02,
    0x0D,0x5D,0x27,0x03,0x61,0x66,0x09,0xA4,0x00,0x0D,0x26,0x04,
    0x03,0x4C,0x00,0x0B,0xD6,0x2A,0x0B,0xF8,0x06,0x26,0x69,0x6F,
    0x00,0x0C,0x05,0xD4,0x01,0x3A,0x44,0x69,0x72,0x4A,0x02,0x0A,
    0x3F,0x40,0x41,0x20,0x27,0x7B,0x7D,0x58,0x60,0x04,0xDB,0x01,
    0x0F,0x0C,0x12,0x02,0x09,0x77,0x04,0x01,0xF8,0x00,0x58,0x6F,
    0x72,0x57,0x72,0x69,0x4D,0x03,0x08,0xEA,0x02,0x01,0x78,0x8A,
    0x13,0xAB,0x5B,0x00,0x03,0xBB,0x00,0x0F,0x07,0x01,0x00,0x07,
    0xBC,0x06,0x01,0xF8,0x02,0x06,0xA8,0x00,0x04,0x95,0x00,0x08,
    0x55,0x00,0x0F,0x9B,0x00,0x02,0x04,0xCA,0x06,0x07,0x0C,0x0D,
    0x03,0xD5,0x77,0x02,0x7F,0x58,0x08,0x02,0x36,0x05,0x4B,0x65,
    0x0D,0x7F,0xE5,0x46,0x66,0x69,0x6C,0x74,0xED,0x69,0x03,0x47,
    0x43,0x23,0x82,0xB9,0x18,0x0D,0x82,0x82,0x92,0xE7,0xB5,0x9E,
    0xE3,0x82,0x8A,0x93,0x46,0x08,0x92,0x0C,0x13,0x73,0xB5,0x0B,
    0x0D,0x19,0x4B,0x02,0xD3,0x0A,0x41,0x53,0x74,0x61,0x74,0x96,
    0x0B,0x0D,0x52,0x00,0x09,0x2A,0x0E,0x0F,0x24,0x20,0x03,0x06,
    0xDB,0x07,0x02,0xED,0x7D,0x01,0x44,0x09,0x22,0x82,0xAF,0x07,
    0x2A,0x04,0x3A,0x01,0x03,0x93,0x39,0x06,0x39,0x01,0x0C,0x6A,
    0x00,0x05,0x04,0x62,0x0F,0xBE,0x23,0x03,0x11,0xAA,0xCC,0x10,
    0x11,0x8B,0x5F,0x22,0x0B,0xCA,0x1B,0x0F,0x08,0x02,0x05,0x07,
    0x6A,0x01,0x4C,0x66,0x69,0x6C,0x65,0x64,0x09,0x21,0x22,0x62,
    0xD5,0x65,0x01,0x6A,0x11,0x01,0xFC,0xCB,0x01,0xA2,0x01,0x02,
    0x67,0x10,0x5F,0x22,0x6D,0x65,0x73,0x68,0x98,0x01,0x00,0x0C,
    0x7F,0x01,0x09,0xDC,0x73,0x0F,0x7C,0x01,0x24,0x02,0x2F,0x01,
    0x09,0xD4,0x00,0x61,0xE6,0xB8,0x88,0xE3,0x81,0xBF,0x48,0x0B,
    0x08,0x62,0x00,0x0F,0x8C,0x01,0x36,0x0E,0x57,0x6D,0x0D,0x71,
    0x02,0x03,0xB1,0x03,0x07,0x44,0x01,0x56,0x40,0x6D,0x65,0x74,
    0x61,0xB7,0x03,0x23,0x22,0x6E,0xBF,0x43,0x98,0xE6,0x97,0xA5,
    0xE6,0x9C,0xAC,0xE8,0xAA,0x9E,0x40,0x01,0x41,0x63,0x6F,0x6D,
    0x6D,0x25,0x49,0x04,0xE5,0x0F,0x04,0xD8,0xC8,0x02,0xCC,0x19,
    0x05,0x16,0x02,0x02,0xE2,0x2E,0x02,0x03,0x01,0x01,0x88,0xA4,
    0x04,0xC4,0x2E,0x06,0x22,0x00,0x22,0x6C,0x6F,0xA5,0x01,0x68,
    0xE9,0x96,0x89,0xE3,0x81,0x98,0xD7,0x43,0x41,0x61,0x70,0x70,
    0x6C,0x9A,0x51,0x0A,0x5D,0x84,0x21,0x22,0x6F,0xDC,0x19,0x24,
    0x4F,0x4B,0x1B,0x08,0xE5,0x22,0x79,0x65,0x73,0x22,0x3A,0x20,
    0x22,0xE3,0x81,0xAF,0xE3,0x81,0x84,0x16,0x00,0x12,0x6E,0x86,
    0x91,0x21,0x81,0x84,0x5B,0x02,0x06,0xF8,0x0E,0x02,0x66,0x6F,
    0x01,0x18,0x02,0x01,0x7B,0xE5,0x05,0x31,0x00,0x24,0x72,0x65,
    0xF4,0x00,0xC5,0xE5,0x90,0x8D,0xE5,0x89,0x8D,0xE5,0xA4,0x89,
    0xE6,0x9B,0xB4,0x1F,0x00,0x02,0x9A,0x06,0x02,0x5A,0xF1,0x08,
    0x1E,0x0D,0x01,0x37,0x05,0x03,0xDE,0x42,0x35,0xE3,0x81,0x8F,
    0x30,0x00,0x36,0x61,0x64,0x64,0x22,0x44,0x05,0x16,0x00,0x02,
    0x09,0x06,0x0F,0x7E,0x00,0x02,0x05,0x13,0x76,0x15,0xAA,0xDD,
    0x1E,0x05,0x37,0x00,0x22,0x65,0x64,0xC4,0x99,0x02,0xEB,0x61,
    0x05,0x17,0x00,0x31,0x63,0x6F,0x70,0x22,0x01,0x05,0x66,0x1D,
    0x05,0x1A,0x00,0x32,0x70,0x61,0x73,0xAD,0x00,0xC5,0xE8,0xB2,
    0xBC,0xE3,0x82,0x8A,0xE4,0xBB,0x98,0xE3,0x81,0x91,0x1E,0x00,
    0x22,0x64,0x75,0xEE,0x51,0x01,0x15,0x04,0x55,0xE8,0xA4,0x87,
    0xE8,0xA3,0xF5,0xF7,0x03,0xCA,0x03,0x01,0x51,0x01,0x0A,0xB7,
    0x02,0x05,0x3E,0x00,0x02,0x58,0x13,0x02,0x22,0x00,0x14,0xA8,
    0xC4,0x10,0x03,0xD7,0x03,0x05,0x25,0x00,0x61,0x73,0x65,0x61,
    0x72,0x63,0x68,0x1C,0x36,0x09,0xC9,0x7D,0x05,0x59,0x02,0x02,
    0x65,0x01,0x05,0x30,0x00,0x31,0x74,0x79,0x70,0x8E,0x00,0x02,
    0x4F,0xCF,0x05,0x17,0x00,0x41,0x76,0x61,0x6C,0x75,0x18,0x00,
    0x25,0xE5,0x80,0x1B,0xE4,0x05,0xCF,0x02,0x01,0x38,0x04,0x05,
    0x01,0x89,0x22,0x22,0x64,0x9B,0x61,0x01,0x99,0x00,0x0A,0x34,
    0x18,0x05,0x4F,0x00,0x02,0xAF,0x4E,0x01,0x99,0x01,0x02,0x19,
    0x0A,0x05,0x1A,0x00,0x35,0x64,0x69,0x73,0x1B,0x00,0x02,0x88,
    0x67,0x05,0x1B,0x00,0x0F,0x56,0xF3,0x07,0x02,0x05,0x85,0x11,
    0x69,0x0B,0x03,0x12,0x22,0x1F,0x7F,0x05,0x36,0x00,0x41,0x73,
    0x63,0x61,0x6C,0xBA,0x00,0x01,0x0B,0x36,0x01,0x99,0x1B,0x28,
    0x83,0xAB,0x45,0x03,0x41,0x74,0x6F,0x70,0x62,0x4F,0x05,0x12,
    0x7B,0x8E,0x03,0x06,0x6D,0x10,0x02,0x9B,0x0F,0x02,0xCA,0x4C,
    0x03,0x97,0x40,0x08,0x39,0x00,0x47,0x6D,0x65,0x6E,0x75,0xAA,
    0x03,0x12,0x66,0xF8,0x13,0x03,0x46,0x00,0x08,0x48,0x00,0x08,
    0x9B,0x0A,0x04,0x98,0x00,0x02,0x47,0x11,0x01,0x95,0x18,0x01,
    0x9D,0x01,0x01,0x91,0x84,0x35,0xE7,0xA9,0xBA,0x92,0x1D,0x07,
    0x29,0x00,0x05,0xCC,0x41,0x01,0x53,0x01,0x07,0xA1,0x32,0x0A,
    0xE7,0x03,0x05,0x0C,0x15,0x0F,0xC8,0x46,0x1A,0x05,0x36,0x00,
    0x09,0xAF,0x62,0x0D,0x21,0x1A,0x0A,0xA1,0x4A,0x03,0x29,0x55,
    0x2A,0x54,0x6F,0x4F,0x14,0x0B,0x4B,0x09,0x01,0x78,0x12,0x14,
    0x82,0x34,0xA6,0x02,0xF4,0x05,0x06,0x45,0x03,0x0F,0x29,0x01,
    0x00,0x0A,0x57,0x03,0x06,0x6E,0x10,0x09,0x9B,0x00,0x0D,0xE8,
    0x0D,0x0D,0x9B,0x00,0x0D,0x28,0x58,0x01,0xD0,0x00,0x02,0xEB,
    0x08,0x01,0x16,0x3D,0x0D,0x32,0x00,0x01,0xF6,0x03,0x32,0x4C,
    0x61,0x79,0x9C,0x42,0x11,0x22,0x21,0x3D,0x11,0xA4,0x0B,0x06,
    0x12,0xA6,0xFD,0x09,0x09,0x0E,0x04,0x02,0x28,0x02,0x05,0xD0,
    0x00,0x0F,0xC2,0x13,0x00,0x05,0x43,0x02,0x0B,0x4E,0x3B,0x07,
    0xD5,0x01,0x0F,0x73,0x00,0x2A,0x22,0x74,0x6F,0xA1,0x49,0x0F,
    0x44,0x01,0x00,0x05,0x79,0x4E,0x07,0x6C,0x00,0x02,0xA2,0x14,
    0x02,0x3E,0x02,0x0F,0x4C,0x04,0x02,0x03,0x24,0x1B,0x0C,0xCC,
    0x8A,0x0D,0x60,0x02,0x61,0x70,0x72,0x6F,0x66,0x69,0x6C,0x58,
    0x16,0x04,0x89,0x01,0x06,0x77,0x0D,0x11,0xA9,0x07,0x21,0x09,
    0x3E,0x3C,0x07,0x84,0x00,0x94,0x66,0x72,0x61,0x6D,0x65,0x44,
    0x65,0x62,0x75,0x5C,0x78,0x09,0x99,0x9F,0x51,0x83,0x87,0xE3,
    0x83,0x90,0x3B,0x1F,0x17,0xAC,0x78,0x16,0x02,0x11,0x20,0x4C,
    0x74,0x69,0x6D,0x65,0xF6,0x9E,0x01,0x6A,0x02,0x21,0x82,0xBF,
    0xCF,0x00,0x19,0xA0,0x4A,0x00,0x21,0x82,0xB0,0x1E,0x00,0x11,
    0x95,0x91,0x48,0x01,0xE3,0xAA,0x2A,0x82,0xA2,0x53,0x00,0x94,
    0x77,0x6F,0x72,0x6C,0x64,0x56,0x69,0x65,0x77,0xC8,0x00,0x01,
    0x98,0x3E,0x02,0xB4,0x36,0x06,0xF6,0x43,0x01,0x35,0x00,0x0B,
    0xEA,0x01,0x3F,0x68,0x65,0x6C,0xEA,0x42,0x05,0x21,0x83,0x98,
    0x0A,0x10,0x05,0x06,0x05,0x07,0xEB,0x44,0x03,0x48,0x04,0x03,
    0x42,0x04,0x01,0xCF,0x5C,0x05,0xD9,0x44,0x0B,0x61,0x00,0x02,
    0xFB,0x3D,0x36,0x64,0x6F,0x63,0x58,0x04,0x08,0x49,0x04,0x02,
    0x84,0x63,0x37,0x44,0x6F,0x63,0x58,0x01,0x02,0x49,0x9D,0x01,
    0xE2,0x04,0x31,0xE6,0xAC,0xA1,0xCE,0x08,0x11,0x95,0x0A,0x3E,
    0x12,0xBC,0xBA,0x23,0x04,0xF2,0x07,0x12,0x97,0xBE,0x0A,0x07,
    0x3A,0x00,0x09,0xA0,0xEE,0x08,0x90,0x3B,0x07,0x24,0x00,0x2F,
    0x75,0x6E,0x26,0x00,0x00,0x67,0xE4,0xB8,0x8D,0xE5,0x8F,0xAF,
    0x26,0x00,0x02,0x84,0x00,0x03,0x27,0x17,0x0B,0x71,0x00,0x07,
    0xE7,0x6E,0x43,0x20,0x20,0x22,0x69,0x68,0xAA,0x01,0x5C,0x03,
    0x11,0xA4,0xE7,0x84,0x1D,0xAB,0x49,0x00,0x03,0x48,0x08,0x03,
    0xAB,0x08,0x03,0xB9,0x00,0x31,0xE6,0x95,0xB0,0x78,0x0C,0x03,
    0x32,0x01,0x07,0x33,0x09,0x86,0x70,0x6C,0x61,0x79,0x62,0x61,
    0x63,0x6B,0x34,0x01,0x53,0x22,0x72,0x65,0x73,0x75,0xEE,0x25,
    0x54,0x86,0x8D,0xE9,0x96,0x8B,0x63,0x00,0x41,0x22,0x70,0x6C,
    0x61,0xAA,0x07,0x02,0xF0,0x34,0x06,0x17,0x00,0x31,0x61,0x75,
    0x73,0x43,0x01,0xC5,0xE4,0xB8,0x80,0xE6,0x99,0x82,0xE5,0x81,
    0x9C,0xE6,0xAD,0xA2,0x1E,0x00,0x03,0x0F,0x6F,0x1D,0x22,0x17,
    0x00,0x21,0x65,0x70,0x98,0x02,0x01,0x59,0x03,0x07,0x76,0x01,
    0x65,0xE9,0x80,0x81,0xE3,0x82,0x8A,0x3F,0x00,0x76,0x6F,0x70,
    0x74,0x69,0x6F,0x6E,0x73,0x77,0x00,0x21,0xE3,0x82,0x06,0x11,
    0x0C,0x8A,0x20,0x02,0x13,0x04,0x05,0x25,0x0C,0x02,0xA3,0x00,
    0x05,0x2B,0x35,0x0D,0x82,0x04,0x02,0x80,0x04,0x0E,0xBB,0x71,
    0xB4,0x22,0x63,0x6F,0x6E,0x74,0x65,0x6E,0x74,0x44,0x72,0x61,
    0xE2,0x02,0x0B,0x86,0x4D,0x03,0x4B,0xD7,0x17,0xAF,0x17,0x03,
    0x03,0x34,0x05,0x13,0x54,0x58,0x04,0x0C,0x31,0x05,0x0D,0x55,
    0x04,0x67,0x22,0x67,0x72,0x61,0x70,0x68,0x2F,0x00,0x05,0x76,
    0x03,0x03,0xF7,0x52,0x05,0xFE,0x00,0x19,0x6E,0x7E,0x49,0x0D,
    0xBD,0x05,0x0B,0x3C,0x08,0x05,0x2E,0x00,0x07,0x35,0x21,0x0F,
    0x34,0x00,0x00,0x17,0x8C,0x27,0x82,0x1E,0xBE,0x81,0x5F,0x05,
    0x7D,0x00,0x0F,0xA5,0x06,0x18,0x04,0xC6,0x0A,0x02,0x56,0x09,
    0x0F,0x43,0x07,0x1A,0x06,0x34,0x00,0x08,0x2E,0x8F,0x0D,0x0B,
    0x24,0x0E,0xA6,0x09,0x01,0xFE,0x0F,0x03,0xDF,0x2F,0x05,0xB4,
    0x00,0x81,0x70,0x6C,0x61,0x74,0x66,0x6F,0x72,0x6D,0x31,0x02,
    0x01,0xFF,0x02,0x13,0xA9,0x63,0x29,0x03,0x1B,0x14,0x35,0xBC,
    0xE3,0x83,0xB1,0x65,0x03,0x4B,0x30,0x13,0x50,0x34,0x00,0x01,
    0x8A,0x02,0x01,0xE3,0x06,0x34,0xE3,0x82,0xB2,0x36,0x00,0x0F,
    0x19,0x30,0x03,0x05,0x70,0x00,0x17,0x73,0xF8,0x07,0x03,0x19,
    0x07,0x07,0x5D,0x03,0x0C,0xDD,0x06,0x0F,0x9D,0x1A,0x0B,0x0F,
    0x9B,0x1A,0x0B,0x0D,0x99,0x1A,0x01,0x14,0x43,0x53,0x82,0xA4,
    0xE3,0x82,0xBA,0x2D,0x08,0x25,0x81,0x99,0x97,0x00,0x0F,0x92,
    0x0C,0x09,0x41,0x69,0x43,0x68,0x61,0xC5,0x1E,0x32,0x41,0x49,
    0x20,0xD7,0x04,0x02,0xEC,0x00,0x05,0x3D,0x00,0x76,0x61,0x6E,
    0x69,0x6D,0x61,0x74,0x6F,0xAF,0x68,0x01,0xD0,0x05,0x11,0x8B,
    0xE9,0x0D,0x04,0x1A,0x45,0x04,0xB3,0x02,0x05,0x35,0x00,0x1F,
    0x63,0xEF,0xC2,0x12,0x07,0x2F,0x00,0x0F,0xD9,0x5E,0x0D,0x04,
    0x8A,0x03,0x11,0x42,0x03,0x0F,0x01,0xD8,0x74,0x0D,0x8B,0x03,
    0x09,0x00,0x28,0x05,0x5C,0x00,0x0F,0x2D,0x07,0x21,0x08,0x48,
    0x91,0x11,0x22,0xFF,0x01,0x01,0x02,0x06,0x04,0xD2,0x06,0x05,
    0x5C,0x00,0x35,0x68,0x69,0x73,0x44,0x52,0x01,0x0B,0x74,0x05,
    0x1A,0x00,0x44,0x69,0x6E,0x73,0x70,0x4E,0xAF,0x04,0x76,0x0C,
    0x51,0x82,0xB9,0xE3,0x83,0x9A,0x5D,0x0C,0x18,0xBF,0x2F,0x04,
    0x0F,0x09,0x08,0x0E,0x05,0x55,0x00,0x02,0xD3,0x06,0x06,0x89,
    0x01,0x08,0x7A,0x78,0x0D,0x83,0x01,0x68,0x73,0x63,0x65,0x6E,
    0x65,0x48,0x8E,0xF0,0x05,0x10,0x0B,0x56,0xE9,0x9A,0x8E,0xE5,
    0xB1,0x7C,0x0C,0x01,0x2A,0x00,0x22,0x56,0x69,0xCF,0x8F,0x05,
    0x25,0x00,0x05,0xF5,0x07,0x05,0x7F,0x00,0x0F,0xED,0x07,0x18,
    0x04,0x02,0x04,0x04,0xAA,0x6C,0x07,0xB4,0x00,0x09,0xAE,0x6C,
    0x05,0xED,0x04,0x08,0x0D,0x0C,0x06,0x56,0x01,0x31,0x7B,0x0D,
    0x0A,0xEB,0x06,0x0C,0x3B,0x07,0x01,0x6C,0x01,0x32,0xE3,0x81,
    0xAF,0x6A,0x07,0x01,0xFC,0x13,0x02,0xBF,0x13,0x01,0x0B,0x14,
    0x07,0xDF,0x11,0x31,0x75,0x6E,0x64,0x34,0x0F,0x35,0xE5,0x85,
    0x83,0x17,0x03,0x21,0x20,0x28,0xF8,0x74,0x15,0x5A,0xBF,0x41,
    0x32,0x22,0x72,0x65,0x26,0x00,0x01,0x70,0x70,0x73,0x8A,0xE7,
    0x9B,0xB4,0xE3,0x81,0x97,0x26,0x00,0x58,0x53,0x68,0x69,0x66,
    0x74,0x2C,0x00,0x14,0x65,0x47,0x1B,0x05,0x29,0x01,0x03,0x05,
    0x76,0x04,0x44,0x2F,0x07,0xEF,0x17,0x04,0x8E,0x00,0x07,0x04,
    0x04,0x06,0xEA,0x02,0x04,0xDC,0x00,0x0F,0x82,0x12,0x08,0x82,
    0x61,0x75,0x74,0x6F,0x53,0x63,0x72,0x6F,0x4B,0x0A,0x02,0x99,
    0x42,0x01,0x7B,0x0D,0x01,0x49,0x55,0x02,0x7E,0x0D,0x04,0x6A,
    0x01,0x56,0x6C,0x65,0x76,0x65,0x6C,0xB7,0x07,0x02,0x3B,0x7D,
    0x11,0x63,0x89,0x07,0x03,0x26,0x49,0x2A,0x83,0xBC,0x91,0x69,
    0x04,0xAC,0x5D,0x0D,0xC5,0x6D,0x31,0x77,0x61,0x72,0xBD,0x53,
    0x55,0xE8,0xAD,0xA6,0xE5,0x91,0x7C,0x07,0x07,0xFC,0x38,0x02,
    0xD3,0x06,0x17,0xA9,0xC5,0x02,0x01,0x13,0x15,0x42,0x69,0x74,
    0x69,0x63,0x42,0x1C,0x64,0xE9,0x87,0x8D,0xE5,0xA4,0xA7,0x9C,
    0x00,0x0F,0x86,0xAB,0x11,0x59,0x63,0x6F,0x6C,0x75,0x6D,0x3F,
    0x72,0x0F,0x3F,0x0F,0x04,0x02,0xEB,0x12,0x05,0x5D,0x29,0x03,
    0x6F,0x12,0x11,0xBB,0x8C,0x04,0x11,0xB8,0x46,0x02,0x0A,0xC6,
    0x39,0x0A,0xB5,0x02,0x04,0x75,0x01,0x82,0x6C,0x69,0x76,0x65,
    0x57,0x6F,0x72,0x6C,0x01,0x97,0x01,0x42,0x09,0x11,0xAF,0xE0,
    0x13,0x11,0xA3,0x01,0x33,0x18,0xAA,0xC9,0x0A,0x01,0x2B,0x09,
    0x03,0xCB,0x00,0x74,0x22,0x65,0x6E,0x74,0x69,0x74,0x69,0x56,
    0x09,0x01,0x8B,0x5B,0x03,0x37,0x00,0x4A,0x86,0xE3,0x82,0xA3,
    0x2B,0x00,0xFA,0x04,0x73,0x74,0x43,0x70,0x75,0x22,0x3A,0x20,
    0x22,0xE6,0x8E,0xA8,0xE5,0xAE,0x9A,0x20,0x43,0x50,0x55,0x21,
    0x00,0x66,0x78,0x70,0x61,0x6E,0x64,0x50,0x28,0x08,0x17,0xB3,
    0x27,0x14,0x11,0x8D,0x0C,0x00,0x02,0x8C,0x36,0x01,0x52,0x0B,
    0x22,0x82,0x92,0x96,0x33,0x04,0x56,0x01,0x05,0xFF,0x1C,0x0F,
    0xBE,0x00,0x0B,0xF1,0x00,0xE4,0xBB,0xA5,0xE5,0xA4,0x96,0xE3,
    0x81,0xAF,0xE9,0x80,0x9A,0xE5,0xB8,0xB8,0xB3,0x4A,0x11,0x97,
    0xD5,0x0A,0x05,0xD4,0x0B,0x43,0x84,0xE6,0x9C,0xAA,0x8C,0x37,
    0x03,0x4A,0x3F,0x12,0x86,0x4F,0x01,0x02,0xB1,0x6A,0x08,0x0C,
    0x01,0x61,0xE3,0x82,0x92,0xE7,0xA4,0xBA,0x6C,0x07,0x0C,0xF2,
    0x57,0x06,0xC0,0x54,0x71,0x7B,0x7D,0x20,0x20,0x23,0x7B,0x7D,
    0x9B,0x7F,0x5E,0x20,0x20,0x7B,0x7D,0x20,0x29,0x01,0x11,0x2C,
    0x17,0x00,0x04,0xDC,0x00,0x17,0x2C,0x55,0x34,0x52,0x22,0x61,
    0x63,0x74,0x69,0x4F,0x12,0x2B,0x20,0x28,0xDB,0x00,0x15,0x29,
    0xFC,0x00,0x25,0x6E,0x6F,0x96,0xFB,0x01,0xDC,0x07,0x3F,0x20,
    0x20,0x28,0x3F,0x01,0x03,0x01,0x8E,0x16,0x06,0x38,0x00,0x0F,
    0x67,0x02,0x00,0x14,0x63,0x49,0x00,0x02,0xF1,0x07,0x0F,0x84,
    0x01,0x00,0x04,0x76,0x00,0x01,0x86,0x06,0x03,0x8B,0xAF,0x07,
    0x1A,0x57,0x0F,0xEB,0x01,0x04,0x0F,0x8C,0x02,0x00,0x0E,0x9E,
    0x97,0x87,0x22,0x6E,0x6F,0x43,0x61,0x6D,0x65,0x72,0xA7,0x14,
    0x08,0xA5,0x0C,0x01,0xAB,0x01,0x11,0xA9,0xDE,0x0B,0x0B,0x12,
    0xA6,0x47,0xAA,0xE3,0x81,0x97,0x98,0x00,0x08,0x13,0x03,0x21,
    0x82,0xB2,0x56,0x01,0x41,0xA0,0xE3,0x82,0x92,0x40,0x00,0x07,
    0xEF,0xA9,0x07,0xE6,0x2C,0x32,0xE3,0x80,0x81,0x7A,0x00,0x05,
    0x49,0x01,0x17,0x20,0x01,0x3A,0x44,0xBE,0xE3,0x81,0x9F,0xA4,
    0xBC,0x07,0x80,0x00,0x22,0x81,0xAB,0xD6,0x08,0x01,0x01,0x02,
    0x0D,0x29,0x29,0x02,0xAD,0x05,0x02,0x4C,0x0B,0x01,0x11,0x04,
    0x42,0x65,0x61,0x74,0x65,0x65,0x00,0x02,0x5C,0x01,0x11,0xAB,
    0x35,0x08,0x15,0xA9,0x68,0x00,0x04,0xC1,0x00,0x21,0x22,0x63,
    0x04,0x01,0x02,0xD5,0x3A,0x01,0xCA,0x12,0x01,0xB9,0x00,0x07,
    0x79,0x00,0x06,0x3B,0x00,0x0C,0x73,0x03,0x05,0x4D,0x00,0x01,
    0x94,0x00,0x03,0x3A,0x1B,0x08,0x03,0x06,0x36,0x78,0x72,0x44,
    0x08,0x13,0x03,0x00,0x04,0x08,0x64,0x01,0x94,0x58,0x52,0x20,
    0xE7,0x84,0xA1,0xE5,0x8A,0xB9,0x8E,0x00,0x0A,0x62,0x04,0x02,
    0xFC,0xEC,0x11,0x20,0x3B,0xD3,0x7C,0x9D,0xE6,0x9C,0x9F,0xE5,
    0x8C,0x96,0x70,0x06,0x07,0x22,0x28,0x01,0x16,0x05,0x06,0x4E,
    0x0F,0x43,0x2F,0xE3,0x83,0x98,0x79,0xF6,0x02,0x32,0x2D,0x01,
    0x64,0x23,0x02,0xB6,0x06,0x04,0x66,0x42,0x74,0x8B,0xE7,0xA2,
    0xBA,0xE8,0xAA,0x8D,0x9C,0x01,0xB1,0x8B,0xE3,0x80,0x81,0x2D,
    0x2D,0x6E,0x6F,0x2D,0x78,0x72,0x91,0x01,0x01,0xE6,0x14,0x34,
    0xE3,0x81,0xA6,0xBD,0x28,0x52,0x97,0xE3,0x81,0xA6,0x20,0x91,
    0x00,0x02,0xB7,0x00,0x22,0xE3,0x81,0x3F,0x45,0x0F,0x8F,0x01,
    0x0D,0x93,0x72,0x65,0x71,0x75,0x65,0x73,0x74,0x58,0x72,0xC4,
    0xFD,0x01,0x35,0x05,0x11,0x83,0xC6,0x06,0x11,0xA7,0xB4,0x00,
    0x0B,0x03,0x60,0x72,0x22,0x78,0x72,0x57,0x61,0x69,0x74,0x8A,
    0x0E,0x0F,0x38,0x01,0x03,0x31,0xE3,0x83,0x9F,0xF1,0x00,0x01,
    0x18,0xDE,0x0F,0xA0,0x49,0x01,0x06,0x96,0x02,0x2D,0x58,0x52,
    0xEC,0x2A,0x26,0x81,0x8C,0x40,0x00,0x0A,0x1D,0xB0,0x34,0xE3,
    0x82,0x92,0xED,0x8D,0x02,0x4B,0x24,0x11,0xA8,0xB7,0x04,0x0E,
    0x4B,0x01,0x02,0x66,0x3D,0x01,0x9A,0x10,0x21,0x81,0x8C,0xD4,
    0x27,0x71,0x93,0xE3,0x81,0xAB,0xE8,0xA1,0xA8,0xA5,0x04,0x01,
    0x13,0x28,0x05,0xA8,0x04,0x0B,0x9E,0x02,0x42,0x6D,0x65,0x74,
    0x72,0x12,0xD6,0x0F,0xDC,0x00,0x00,0x01,0xA8,0x02,0x41,0x88,
    0xE3,0x83,0xAA,0xAE,0x09,0x08,0x1A,0x02,0x07,0xE6,0x4B,0x02,
    0xB9,0x45,0x65,0x20,0x7B,0x3A,0x2E,0x31,0x66,0x21,0x06,0x04,
    0x71,0x0A,0x01,0xF1,0x02,0x07,0xC8,0x0E,0x03,0x2A,0x00,0x58,
    0x32,0x66,0x7D,0x20,0x6D,0x65,0x84,0x35,0x63,0x70,0x75,0xF8,
    0x0E,0x01,0x1A,0x4C,0x08,0x34,0x00,0x0F,0x31,0x00,0x01,0x17,
    0x67,0x31,0x00,0x1F,0x47,0x31,0x00,0x11,0x41,0x64,0x72,0x61,
    0x77,0x24,0x05,0x63,0xE6,0x8F,0x8F,0xE7,0x94,0xBB,0xB6,0x00,
    0x07,0x72,0x05,0x07,0xCE,0xD8,0x02,0xB6,0x00,0x02,0xDD,0x13,
    0x13,0xB9,0x8A,0x2C,0x2A,0x83,0x81,0x2C,0x00,0x63,0x76,0x72,
    0x61,0x6D,0x4C,0x6F,0xE9,0x07,0x51,0x56,0x52,0x41,0x4D,0x20,
    0x86,0x2B,0x11,0xBC,0xDF,0x03,0x1A,0xAB,0x2C,0x00,0x82,0x77,
    0x61,0x72,0x6D,0x69,0x6E,0x67,0x55,0x88,0x31,0x02,0x7D,0x0E,
    0x0A,0xE5,0x12,0x6D,0xE6,0xBA,0x96,0xE5,0x82,0x99,0xE6,0x2C,
    0x52,0x72,0x61,0x6D,0x55,0x73,0x0B,0x04,0x42,0x52,0x41,0x4D,
    0x20,0xDD,0x66,0x01,0x44,0x01,0x08,0x6A,0x01,0x53,0x72,0x61,
    0x6D,0x41,0x76,0xF8,0x40,0xAF,0x52,0x41,0x4D,0x20,0xE7,0xA9,
    0xBA,0xE3,0x81,0x8D,0x27,0x00,0x01,0x32,0x54,0x6F,0x74,0x9A,
    0x08,0xAD,0x52,0x41,0x4D,0x20,0xE5,0x90,0x88,0xE8,0xA8,0x88,
    0x27,0x00,0x51,0x73,0x70,0x6C,0x61,0x74,0x2A,0x01,0x01,0xFD,
    0x00,0x06,0xEB,0x0D,0x01,0x2E,0x01,0x02,0x18,0x4D,0x0B,0x45,
    0x02,0x31,0x7A,0x6F,0x6F,0xD0,0x54,0x05,0x31,0x96,0x04,0x44,
    0x04,0x31,0x22,0x72,0x65,0x4A,0x00,0xAA,0xE8,0xA7,0xA3,0xE5,
    0x83,0x8F,0xE5,0xBA,0xA6,0x3A,0xE2,0xAF,0x0F,0x16,0xAE,0x08,
    0x61,0x22,0x66,0x72,0x65,0x65,0x41,0x3E,0x0C,0x02,0x8F,0x01,
    0x41,0x95,0xE3,0x83,0xAA,0x60,0x01,0x11,0xA2,0x98,0x00,0x01,
    0x42,0x0C,0x03,0x3A,0x15,0x02,0x6C,0x05,0x0E,0x1C,0x0D,0x03,
    0xD3,0x02,0x33,0x22,0x6E,0x6F,0x91,0x42,0x03,0x11,0x00,0x08,
    0xF8,0x04,0x01,0x50,0x00,0x14,0xBB,0x0C,0x61,0x11,0xAB,0x34,
    0x06,0x03,0x30,0x07,0x04,0xC6,0x00,0x0A,0x0A,0x05,0x0F,0x1D,
    0x84,0x06,0x01,0x8C,0x1C,0x04,0xC0,0x04,0x01,0x69,0x3E,0x21,
    0x80,0x81,0x40,0x01,0x0A,0x6A,0x31,0x03,0xAD,0x1E,0x47,0x8F,
    0xE3,0x81,0x8B,0x94,0xE5,0x0F,0xB7,0x04,0x0D,0x03,0x5E,0x43,
    0x03,0xC8,0x00,0x0F,0xB6,0x00,0x05,0x0F,0x02,0x21,0x04,0x26,
    0x5C,0x6E,0x5E,0x1F,0x0C,0x8A,0x1E,0x0F,0xCE,0x00,0x04,0x31,
    0xE3,0x83,0x95,0xCF,0x09,0x12,0xAB,0xA6,0x0D,0x34,0x2E,0x2E,
    0x2E,0x0E,0x01,0x0F,0x67,0xA1,0x0F,0x15,0x3A,0x2B,0x00,0x03,
    0xB6,0x00,0x3F,0x44,0x69,0x72,0x7D,0x01,0x04,0x02,0x65,0x03,
    0x07,0x6C,0x60,0x0F,0xC4,0x00,0x05,0x04,0x53,0x00,0x0A,0x8C,
    0x01,0x07,0xB6,0x26,0x11,0x9F,0xB2,0x00,0x11,0xA9,0xC3,0x01,
    0x02,0x3D,0x25,0x0F,0xB1,0x23,0x02,0x08,0x8C,0x0C,0x04,0x39,
    0x02,0x05,0x1B,0x1B,0x12,0x46,0x70,0x19,0x01,0xB2,0x04,0x21,
    0x82,0xA1,0x70,0x08,0x02,0x16,0x3A,0x11,0xA4,0x86,0x0A,0x12,
    0x9D,0x1D,0x02,0x04,0x8B,0x00,0x03,0x50,0x1B,0x11,0x46,0x81,
    0x26,0x04,0xA4,0x02,0x08,0x82,0x00,0x0E,0x9F,0x58,0x04,0x3F,
    0x0B,0x11,0x69,0x1B,0x86,0x08,0x10,0x36,0x0F,0xDB,0x11,0x00,
    0x0F,0x75,0x00,0x03,0x02,0x4F,0x08,0x0F,0x75,0x00,0x09,0x02,
    0x56,0x02,0x05,0xA6,0x00,0x02,0x4A,0x12,0x0F,0x6C,0x00,0x0C,
    0x0F,0xED,0x1B,0x06,0x02,0xAA,0x00,0x02,0x6F,0x16,0x07,0x44,
    0x00,0x02,0x11,0x00,0x13,0x20,0x1C,0x05,0x02,0x04,0x1B,0x2F,
    0x82,0xB8,0x94,0x2C,0x08,0x02,0x86,0x00,0x02,0x37,0x00,0x0F,
    0x48,0x00,0x13,0x0F,0x93,0x00,0x06,0x02,0xA8,0x27,0x0F,0x71,
    0x01,0x00,0x05,0xF3,0x00,0x43,0x73,0x6F,0x75,0x72,0xF4,0x0D,
    0x04,0xDF,0x02,0x05,0x1C,0x00,0x22,0x72,0x65,0xD3,0x00,0x42,
    0x51,0x75,0x65,0x75,0x5A,0x05,0x0F,0xD1,0x03,0x03,0x2F,0x81,
    0xAE,0x7D,0x3C,0x00,0x03,0xB2,0x4D,0x02,0x6A,0x07,0x71,0xAB,
    0xE8,0xBF,0xBD,0xE5,0x8A,0xA0,0x8C,0x08,0x0F,0x71,0x09,0x00,
    0x02,0x67,0x00,0x61,0x69,0x6E,0x67,0x4D,0x6F,0x64,0x93,0x0E,
    0x11,0x22,0x8E,0x31,0x19,0x96,0xBB,0x03,0x04,0xF7,0x6E,0x02,
    0x37,0x04,0x02,0x75,0x4F,0x01,0x64,0x5F,0x1F,0x87,0x7B,0x02,
    0x02,0x0A,0x21,0x06,0x04,0x38,0x27,0x31,0x53,0x75,0x62,0xD0,
    0x25,0x04,0xE5,0xFB,0x04,0x11,0x09,0x1E,0xAA,0x71,0x00,0x52,
    0x20,0x55,0x55,0x49,0x44,0x43,0x32,0x18,0x99,0x1E,0x0A,0x05,
    0xAD,0x00,0x01,0x49,0x00,0x02,0x5C,0x01,0x11,0x89,0xD5,0x08,
    0x43,0x83,0xE3,0x82,0xB0,0x98,0x00,0x08,0x2A,0x05,0x0D,0xDC,
    0x02,0x0B,0x9B,0x00,0x23,0x6E,0x6F,0x05,0x59,0x04,0x64,0x01,
    0x07,0x3C,0x00,0x05,0x23,0x10,0x0A,0xE3,0x02,0x04,0xAA,0x08,
    0x09,0xA9,0x52,0x0E,0xA5,0x00,0x07,0x8A,0x22,0x0C,0x40,0x00,
    0x12,0xAB,0xB7,0x37,0x08,0x92,0x01,0x09,0x6A,0x0E,0x68,0x63,
    0x6F,0x70,0x69,0x65,0x64,0xFA,0x01,0x07,0x96,0x00,0x21,0x82,
    0x92,0xF6,0x0C,0x02,0x04,0x41,0x09,0xD3,0x01,0x0B,0x8B,0x03,
    0x01,0xE6,0x02,0x0F,0x06,0x02,0x15,0x12,0x70,0xE4,0x03,0x11,
    0x49,0xF1,0x03,0x07,0xBB,0x00,0x0B,0xF0,0x03,0x2C,0x81,0xAE,
    0x65,0x00,0x0F,0x34,0x41,0x03,0x06,0xF8,0x07,0x0A,0x5A,0x00,
    0x03,0x66,0x01,0x0B,0x56,0x00,0x0D,0xA5,0x01,0x08,0xD9,0x00,
    0x12,0x3A,0x7C,0x0E,0x07,0xEA,0x04,0x22,0x80,0x81,0x19,0x21,
    0x02,0x57,0x0D,0x71,0x20,0x7B,0x7D,0x20,0xE5,0x80,0x8B,0xEE,
    0x00,0x11,0xB9,0xF1,0x00,0x48,0x83,0xE3,0x83,0x97,0x90,0x01,
    0x03,0x82,0x00,0x02,0xDF,0x66,0x0F,0xDC,0x00,0x0B,0x0C,0xCD,
    0x03,0x0F,0xAC,0x01,0x0F,0x03,0x5D,0x00,0x51,0x56,0x61,0x6C,
    0x69,0x64,0x89,0x1F,0x0F,0x61,0x00,0x09,0x0F,0x8E,0xAD,0x14,
    0x04,0x34,0x01,0x02,0xB2,0x00,0x0F,0x34,0x01,0x07,0x0E,0xAE,
    0x00,0x06,0x10,0x02,0x01,0x37,0x01,0x02,0xD1,0xB9,0x06,0x3B,
    0x01,0x08,0x0B,0x3B,0x03,0x6E,0x22,0x01,0xB5,0x09,0x09,0x61,
    0x02,0x22,0x81,0xAE,0x7E,0x22,0x34,0xE3,0x82,0x92,0x68,0x01,
    0x06,0x57,0x00,0x08,0x58,0x01,0x02,0x41,0x00,0x06,0xF0,0x00,
    0x02,0x37,0x00,0x04,0x34,0x00,0x0F,0xE5,0x02,0x0D,0x02,0x1F,
    0x05,0x09,0x45,0x0E,0x0C,0x97,0x06,0x02,0x22,0x06,0x0F,0x7F,
    0x00,0x05,0x08,0x62,0x06,0x06,0x85,0x00,0x0C,0x46,0x00,0x24,
    0x81,0xAE,0x46,0x00,0x0F,0x91,0x00,0x0D,0x02,0x97,0x23,0x0E,
    0x10,0x01,0x22,0x82,0x92,0xA7,0x23,0x0F,0x88,0x00,0x05,0x02,
    0x38,0x00,0x06,0x82,0x00,0x04,0x2E,0x00,0x0F,0x70,0x00,0x0D,
    0x0F,0xDD,0x10,0x00,0x13,0x70,0x55,0x6F,0x02,0x6A,0x2D,0x04,
    0x93,0x10,0x04,0x8E,0x07,0x01,0x54,0x17,0x17,0x78,0x5B,0x8B,
    0x01,0x5B,0x05,0x41,0x73,0x70,0x65,0x63,0x12,0x18,0x64,0xE6,
    0xA4,0x9C,0xE6,0x9F,0xBB,0x41,0x06,0x03,0x0D,0x20,0x02,0xE9,
    0x8B,0x01,0x29,0x05,0x04,0x63,0x06,0x0F,0x64,0xF8,0x01,0x04,
    0x6E,0x06,0x03,0xAA,0x1B,0x0B,0xE5,0x03,0x0C,0x89,0x00,0x13,
    0x73,0xC9,0x05,0x09,0x2D,0x09,0x22,0x6D,0x65,0x47,0x75,0x03,
    0xCD,0x05,0x03,0xEA,0x13,0x47,0xB7,0xE3,0x83,0xA5,0x93,0x00,
    0x36,0x74,0x65,0x78,0xAC,0x6B,0x11,0xB5,0x04,0x18,0x14,0x86,
    0xC0,0x23,0x0B,0xA4,0x1D,0x62,0x73,0x6B,0x65,0x6C,0x65,0x74,
    0xD9,0x22,0x03,0x2C,0x00,0x51,0x82,0xB9,0xE3,0x82,0xB1,0x3A,
    0x09,0x47,0x88,0xE3,0x83,0xB3,0x57,0x00,0x41,0x61,0x6E,0x69,
    0x6D,0x7D,0x03,0x02,0xE9,0x00,0x01,0x59,0x00,0x0F,0x82,0x75,
    0x01,0x08,0x33,0x00,0x03,0xC1,0x00,0x0F,0xEE,0x06,0x00,0x0C,
    0xEF,0x00,0x03,0x5F,0x25,0x06,0x95,0x0B,0x04,0x27,0x17,0x53,
    0x4F,0x75,0x74,0x73,0x69,0x92,0x66,0x0F,0x29,0x17,0x04,0x04,
    0x47,0x0B,0x11,0x91,0xA9,0x05,0x01,0xD6,0x09,0x04,0x80,0x10,
    0x25,0x3A,0x20,0x4F,0x17,0x01,0x58,0x4C,0x07,0xE4,0x05,0x22,
    0x83,0xAB,0xC3,0x09,0x31,0xE3,0x81,0xAE,0x0E,0x14,0x0F,0xF4,
    0xD5,0x08,0x04,0x8C,0x00,0x01,0xFA,0x00,0x0F,0x85,0x00,0x0C,
    0x17,0x84,0xB5,0x06,0x0C,0x12,0x2E,0x02,0xAD,0x18,0x09,0xD2,
    0x00,0x11,0xAC,0x4E,0x0A,0x01,0xA5,0x0A,0x04,0xAF,0x18,0x0F,
    0xCF,0x00,0x4E,0x02,0x87,0x00,0x02,0xCD,0x00,0x0F,0x80,0x00,
    0x08,0x0F,0xCA,0x00,0x09,0x02,0x0D,0x02,0x19,0x6F,0xCC,0x00,
    0x09,0x0D,0x02,0x11,0xBF,0x9F,0x0D,0x03,0x04,0x1B,0x0F,0xD2,
    0x00,0x4E,0x04,0x8F,0x00,0x01,0xD4,0x00,0x0F,0x88,0x00,0x0F,
    0x0F,0xDA,0x00,0x09,0x23,0x63,0x6F,0x6D,0x02,0x0F,0x90,0xDE,
    0x0C,0x02,0x5D,0x19,0x04,0x06,0x06,0x07,0xF5,0x02,0x01,0x3B,
    0x1A,0x09,0x18,0x01,0x11,0xB7,0x69,0x02,0x1F,0xB3,0x06,0x01,
    0x0C,0x04,0x26,0x00,0x0F,0xA7,0x02,0x27,0x01,0x7A,0x00,0x02,
    0x03,0x01,0x04,0x4D,0x00,0x03,0x1A,0x03,0x0E,0xF1,0x00,0x0B,
    0xB6,0x0F,0x02,0x67,0x06,0x04,0xF1,0x09,0x06,0x86,0x03,0x07,
    0x6A,0x24,0x07,0x3B,0x03,0x04,0xBE,0x06,0x02,0x87,0x06,0x0C,
    0xCB,0x03,0x08,0x34,0x06,0x0F,0x9B,0x36,0x09,0x0C,0x46,0x06,
    0x04,0x8C,0x06,0x0C,0x50,0x00,0x02,0xFC,0x05,0x0F,0x9C,0x00,
    0x15,0x04,0x4A,0x06,0x07,0x92,0x01,0x12,0x63,0xF3,0x73,0x01,
    0x1A,0x01,0x02,0x89,0x50,0x06,0xA7,0x05,0x07,0xD6,0x00,0x04,
    0x3A,0x00,0x01,0xD6,0x01,0x01,0x23,0x13,0x5C,0x81,0x8B,0xEF,
    0xBC,0x9F,0x8F,0x00,0x02,0xDF,0x00,0x0F,0x8F,0x00,0x17,0x02,
    0x1B,0x07,0x07,0x8F,0x00,0x03,0xF9,0x19,0x13,0x54,0xCC,0x19,
    0x09,0x84,0x00,0x0F,0x4A,0x07,0x0C,0x61,0xE4,0xB8,0x8D,0xE6,
    0x98,0x8E,0xCE,0x0B,0x06,0x80,0x0B,0x02,0x4C,0x29,0x01,0x82,
    0x15,0x08,0xC8,0x0B,0x66,0x20,0x20,0x22,0x65,0x6E,0x74,0x39,
    0x77,0x08,0x33,0x00,0x0F,0x68,0x00,0x0D,0x01,0x9B,0x01,0x11,
    0xA1,0xA2,0x06,0x74,0xAB,0xE5,0x90,0x8D,0xE3,0x82,0x92,0xD4,
    0xB7,0x0F,0xFB,0x37,0x00,0x07,0xDB,0x00,0x03,0xAD,0xDB,0x0F,
    0x9A,0x10,0x02,0x0F,0x73,0x00,0x0C,0x06,0xA2,0xDB,0x08,0x5B,
    0x0C,0x0F,0xA5,0x05,0x18,0x16,0x65,0xBE,0x33,0x08,0x42,0x00,
    0x0F,0x77,0x00,0x0C,0x08,0xEA,0x00,0x0F,0x27,0x10,0x04,0x0C,
    0x55,0x01,0x04,0xCA,0x5E,0x0F,0x51,0x01,0x19,0x09,0x22,0x04,
    0x02,0xB0,0x52,0x12,0x4F,0xF2,0x06,0x0F,0xAE,0x00,0x27,0x03,
    0xDC,0x03,0x07,0xF6,0x06,0x09,0x8C,0x01,0x02,0x66,0x00,0x51,
    0x57,0x72,0x69,0x74,0x65,0xFA,0x02,0x0F,0x15,0x01,0x25,0x08,
    0xBC,0x4B,0x21,0x82,0x81,0x1A,0x03,0x01,0x63,0x07,0x0A,0x6D,
    0x00,0x24,0x72,0x65,0x84,0xBE,0x01,0xDD,0x1A,0x03,0xF6,0x02,
    0x01,0x30,0x02,0x0E,0x10,0x0F,0x05,0x0A,0x19,0x32,0x64,0x4E,
    0x6F,0x0E,0x0D,0x04,0x8C,0x83,0x04,0x2F,0x03,0x09,0x39,0x00,
    0x02,0x69,0x50,0x08,0xC0,0x00,0x0B,0x62,0x66,0x0F,0x32,0x0D,
    0x00,0x13,0xAF,0x04,0x4D,0x03,0xF1,0x60,0x03,0xB8,0x53,0x01,
    0x25,0x03,0x0B,0x63,0x0B,0x01,0x2D,0x14,0x84,0x6D,0x70,0x75,
    0x74,0x65,0x53,0x68,0x61,0x18,0x07,0x03,0x48,0x21,0x06,0x0A,
    0xF0,0x31,0xE3,0x82,0xB7,0xCA,0x93,0x12,0xBC,0xAD,0x07,0x07,
    0xF4,0x02,0x67,0x72,0x61,0x79,0x67,0x65,0x6E,0x3C,0x00,0x81,
    0x83,0xAC,0xE3,0x82,0xA4,0xE3,0x82,0xB8,0x30,0x00,0x11,0x8D,
    0x63,0x07,0x11,0xBC,0x92,0x05,0x11,0xA7,0x05,0x06,0x0F,0x48,
    0x00,0x05,0x04,0x22,0xF1,0x08,0x4A,0x00,0x11,0x95,0xF2,0x19,
    0x11,0xB0,0x7C,0x17,0x1F,0xB3,0x86,0x00,0x0A,0x22,0x6E,0x6F,
    0xFB,0x05,0x05,0x6D,0x32,0x03,0xE1,0x05,0x07,0x68,0x1F,0x0C,
    0x23,0x29,0x03,0xE6,0x05,0x0F,0x24,0x0B,0x01,0x43,0x6B,0x69,
    0x6E,0x64,0xA7,0x2D,0x37,0xE5,0x88,0xA5,0xED,0x00,0x41,0x6C,
    0x61,0x62,0x65,0x11,0x3B,0x01,0x10,0x10,0x17,0x99,0x8A,0x25,
    0x41,0x20,0x20,0x22,0x69,0x34,0x00,0x27,0x49,0x64,0x30,0x00,
    0x23,0x73,0x74,0x7F,0x2E,0x02,0x69,0x26,0x07,0x1A,0x00,0x31,
    0x72,0x65,0x66,0x0F,0x16,0x02,0x2B,0x15,0x0A,0x3C,0x1C,0x22,
    0x66,0x72,0x44,0x16,0x58,0xE9,0x96,0x8B,0xE5,0xA7,0x35,0x00,
    0x21,0x74,0x6F,0x96,0x00,0x57,0xB5,0x82,0xE4,0xBA,0x86,0x17,
    0x00,0x27,0x72,0x65,0xE6,0x11,0x25,0x83,0xAA,0xC5,0x11,0x04,
    0x05,0x01,0x04,0xDD,0x0B,0x02,0xDA,0x10,0x02,0x0E,0x03,0x09,
    0x6F,0x10,0x04,0x4C,0x00,0x04,0x15,0x53,0x01,0x23,0x00,0x21,
    0x83,0xA9,0xB0,0x01,0x03,0x06,0x2A,0x05,0x23,0x00,0x04,0xD3,
    0x00,0x03,0x3F,0x01,0x01,0x20,0x0C,0x06,0xA1,0x1D,0x31,0xE9,
    0x9D,0x9E,0x18,0x04,0x11,0xAF,0x75,0x0B,0x38,0xA3,0xE3,0x83,
    0x5A,0x3F,0x05,0xC9,0x0A,0x21,0x82,0xB5,0x81,0x00,0x14,0x89,
    0x55,0x00,0x09,0xE4,0x1D,0x0C,0x40,0x00,0x0B,0xC5,0x00,0x42,
    0x70,0x61,0x73,0x73,0x4A,0x17,0x03,0xC2,0x0C,0x04,0xDE,0x00,
    0x62,0x6E,0x6F,0x50,0x61,0x73,0x73,0xF1,0x32,0x06,0xD0,0x0E,
    0x0F,0x75,0x5F,0x18,0x52,0x22,0x69,0x6E,0x70,0x75,0xEF,0x17,
    0x02,0xEF,0x05,0x04,0x9F,0x00,0x45,0x22,0x6F,0x75,0x74,0x1A,
    0x00,0x27,0x87,0xBA,0x26,0xC8,0x04,0xD4,0xCA,0x05,0xB1,0x19,
    0x01,0xB4,0x02,0x01,0x59,0x21,0x21,0x83,0xA0,0x2F,0x10,0x09,
    0x66,0x29,0x05,0x51,0x00,0x02,0xD3,0x29,0x22,0x65,0x52,0x81,
    0x1B,0x02,0xAE,0x00,0x05,0x7F,0x2A,0x1B,0x20,0x36,0x00,0x05,
    0x88,0x1B,0x01,0xBC,0x03,0x0E,0x4F,0x04,0x01,0x9C,0x31,0x05,
    0x3E,0x00,0x0C,0x4B,0x00,0x04,0x06,0x40,0x04,0x27,0x01,0x03,
    0x7B,0x00,0x01,0x7D,0x02,0x04,0x0C,0x00,0x37,0x3D,0x7B,0x7D,
    0x4E,0x11,0x02,0x16,0x00,0x36,0x69,0x6E,0x67,0x11,0xD2,0x3B,
    0xE3,0x80,0x81,0x95,0x00,0x07,0x79,0x2A,0x7A,0x22,0x66,0x72,
    0x6F,0x7A,0x65,0x6E,0x04,0x01,0x02,0xA0,0x18,0x18,0xBA,0x10,
    0x01,0x05,0xFE,0x00,0x13,0x6C,0xCE,0x1F,0x01,0xDE,0x03,0x17,
    0xA4,0x24,0x02,0x01,0xE9,0x18,0x2A,0x7A,0x65,0x4A,0x00,0x06,
    0x4E,0x01,0x37,0xE5,0x9B,0xBA,0x26,0x2F,0x82,0x22,0x6E,0x6F,
    0x47,0x72,0x61,0x70,0x68,0xAD,0x02,0x06,0x58,0x1B,0x01,0x31,
    0x04,0x47,0xA9,0xE3,0x83,0x95,0x5D,0x13,0x11,0xB3,0x40,0x04,
    0x11,0x91,0x6E,0x00,0x1F,0xAB,0x5D,0x13,0x0E,0xA3,0x6E,0x6F,
    0x74,0x50,0x61,0x72,0x73,0x65,0x61,0x62,0xDC,0x30,0x0F,0x5E,
    0x00,0x03,0x11,0xAE,0x7D,0x19,0x13,0x8A,0x0D,0x12,0x03,0x70,
    0x2A,0x01,0xD1,0x1D,0x81,0x82,0x92,0xE8,0xA7,0xA3,0xE6,0x9E,
    0x90,0x70,0x05,0x02,0x2A,0x0B,0x0B,0x34,0x06,0x02,0x8E,0x04,
    0x0F,0xC0,0x00,0x0B,0x05,0x30,0x01,0x01,0x63,0x20,0x01,0xB1,
    0x01,0x02,0xFD,0x02,0x44,0x3D,0x7B,0x7D,0x20,0xF4,0x03,0x81,
    0x73,0x3D,0x7B,0x7D,0x20,0x65,0x64,0x67,0x16,0x00,0x05,0x32,
    0x00,0x02,0xD9,0x18,0x04,0x1A,0x01,0x07,0xBD,0x18,0x0B,0x22,
    0x00,0x13,0x48,0x30,0x3F,0x01,0x1C,0x01,0x21,0xB9,0x2F,0xDF,
    0x1C,0x03,0xF0,0x9D,0x41,0x2F,0xE3,0x82,0xA8,0xF3,0x14,0x15,
    0xB8,0x34,0x00,0x39,0x74,0x61,0x62,0x8F,0x0F,0x51,0x70,0x61,
    0x73,0x73,0x49,0x93,0x04,0x02,0x40,0x00,0x34,0x20,0x49,0x4F,
    0x2C,0x00,0x06,0x88,0x0F,0x01,0xB8,0x00,0x01,0x0E,0x04,0x06,
    0xE5,0x37,0x07,0x26,0x00,0x14,0x6E,0xE6,0xB0,0x05,0xE6,0xAE,
    0x07,0x1D,0x00,0x01,0xD8,0x00,0x01,0xC6,0x00,0x0C,0x8C,0x00,
    0x01,0x15,0x69,0x11,0x77,0xEC,0x02,0x2C,0x61,0x77,0xE8,0x04,
    0x06,0x5C,0x01,0x12,0x54,0x0C,0x10,0x03,0x84,0x00,0x0F,0xC6,
    0x01,0x01,0x0F,0x1C,0x10,0x03,0x39,0x22,0x6E,0x6F,0x3B,0x00,
    0x0A,0xC7,0x03,0x04,0x41,0x02,0x01,0x68,0x19,0x06,0xA0,0x02,
    0x04,0xEE,0x0D,0x0A,0x53,0x00,0x06,0x86,0x02,0x0A,0xBD,0x3E,
    0x08,0xE6,0x12,0x61,0x6C,0x65,0x66,0x74,0x45,0x79,0xA8,0x08,
    0x37,0xE5,0xB7,0xA6,0x08,0x71,0x55,0x22,0x72,0x69,0x67,0x68,
    0x1B,0x00,0x28,0x8F,0xB3,0x1B,0x00,0x82,0x61,0x72,0x72,0x61,
    0x79,0x4C,0x61,0x79,0xE8,0x01,0x51,0xE9,0x85,0x8D,0xE5,0x88,
    0xC6,0x23,0x58,0x82,0xA4,0xE3,0x83,0xA4,0xEB,0x01,0x14,0x6C,
    0x24,0x00,0x43,0x7B,0x7D,0x20,0x20,0x7D,0x31,0x01,0x22,0x00,
    0x05,0xC4,0x1C,0x04,0x1C,0x04,0x02,0x21,0x06,0x23,0x65,0x64,
    0xFC,0x00,0x02,0x7A,0x01,0x09,0x2A,0x06,0x0F,0xFB,0x00,0x1A,
    0x04,0xCA,0x01,0x87,0x22,0x70,0x72,0x65,0x76,0x69,0x65,0x77,
    0x3F,0x5D,0x44,0x53,0x61,0x6D,0x70,0x5D,0x03,0x01,0xB6,0x00,
    0x04,0x49,0x29,0x01,0x56,0x21,0x11,0xA9,0xD3,0x3A,0x09,0x73,
    0x5C,0x11,0x3A,0xA6,0x58,0x07,0xC7,0x11,0x01,0x8C,0x22,0x41,
    0x87,0xE3,0x83,0x90,0xA5,0x02,0x1C,0xB0,0x47,0x00,0x03,0xFB,
    0x05,0x11,0xA7,0xAA,0x11,0x02,0x3F,0x7D,0x03,0x36,0x95,0x0B,
    0x59,0x00,0x08,0x88,0x01,0x03,0xB5,0xCB,0x06,0xDB,0x06,0x07,
    0xF0,0x07,0x11,0xA2,0xFD,0x08,0x08,0xB3,0x06,0x32,0x63,0x6F,
    0x6C,0x73,0x0F,0x0A,0xF3,0x92,0x17,0x72,0x00,0xCD,0x6A,0x52,
    0x61,0x77,0xE6,0xB7,0xB1,0xAA,0x92,0x65,0x6C,0x69,0x6E,0x65,
    0x61,0x72,0x23,0x00,0x01,0x98,0x00,0x0F,0xF9,0xCC,0x02,0x1F,
    0x69,0xF5,0xCC,0x23,0x1F,0x61,0xF1,0xCC,0x0C,0x34,0x6E,0x6F,
    0x72,0xD6,0x43,0x42,0xB3,0x95,0xE7,0xB7,0x90,0x2C,0x07,0x00,
    0x1C,0x02,0x7A,0x23,0x12,0x5A,0xFD,0x01,0x11,0xAB,0x7C,0x09,
    0x0F,0x6A,0xCB,0x09,0xD1,0x22,0x61,0x75,0x74,0x6F,0x46,0x69,
    0x74,0x43,0x6C,0x61,0x6D,0x70,0x35,0x00,0x0B,0xD1,0x01,0x02,
    0xF4,0x3D,0x07,0xDC,0xCB,0x05,0x7E,0x4B,0x04,0x59,0x1D,0x19,
    0x83,0x83,0x08,0x37,0x65,0x73,0x65,0x4D,0x00,0x0A,0x38,0x00,
    0x51,0x20,0x30,0x2E,0x2E,0x31,0xE4,0x31,0x25,0x83,0xAA,0x01,
    0x0E,0x05,0x67,0x02,0x0F,0x76,0xCC,0x13,0x03,0x27,0x00,0x02,
    0xF0,0xB7,0x01,0xAA,0x08,0x01,0xE9,0x08,0x02,0x9D,0xCC,0x06,
    0xA3,0x28,0x0F,0x90,0x1F,0x09,0x83,0x6E,0x6F,0x43,0x68,0x61,
    0x6E,0x6E,0x65,0x8A,0x70,0x02,0xB9,0x3C,0x51,0x83,0xB3,0xE3,
    0x83,0x8D,0x5F,0x06,0x0F,0x75,0x7A,0x0C,0x0C,0xAB,0x02,0x82,
    0x81,0xAF,0xE9,0xBB,0x92,0xE3,0x81,0xA7,0x8E,0x21,0x04,0x62,
    0x03,0x01,0x82,0x0F,0x06,0x65,0x0C,0x0F,0x44,0x03,0x00,0x02,
    0x6D,0x01,0x0A,0x15,0x03,0x0B,0x7C,0x01,0x0F,0x4D,0x03,0x04,
    0x08,0xF4,0x02,0x03,0x9C,0x03,0x47,0x4E,0x65,0x78,0x74,0x78,
    0x07,0x0F,0x56,0x00,0x0A,0x2F,0x81,0xAF,0x0C,0x33,0x00,0x51,
    0x81,0xA7,0xE6,0x9B,0xB4,0x15,0xA1,0x0A,0x65,0x23,0x04,0x5C,
    0x04,0x03,0x68,0x00,0x07,0x04,0x04,0x18,0x52,0xB7,0x0A,0x02,
    0x99,0x10,0x07,0xBD,0x0A,0x01,0xCB,0x23,0x0F,0x87,0x00,0x0C,
    0x0F,0xDD,0x00,0x0E,0x55,0x66,0x69,0x74,0x54,0x6F,0xC8,0x2C,
    0x05,0x64,0x04,0x81,0x81,0xAB,0xE5,0x90,0x88,0xE3,0x82,0x8F,
    0x97,0x07,0x05,0x61,0x0B,0xD4,0x22,0x6E,0x61,0x74,0x69,0x76,
    0x65,0x52,0x65,0x73,0x6F,0x6C,0x75,0xF0,0x38,0x22,0xE3,0x83,
    0xFA,0x1C,0x02,0xD2,0x29,0x15,0x96,0xBE,0x21,0x32,0xE3,0x81,
    0xA7,0x55,0x24,0x01,0x7D,0x06,0x03,0x76,0x21,0x07,0xB8,0x2D,
    0x03,0x44,0x04,0x32,0x22,0x6E,0x6F,0xEB,0x04,0x0F,0x83,0x06,
    0x00,0x05,0x99,0x04,0x4F,0xAB,0xE3,0x81,0x8C,0x1E,0x06,0x08,
    0x0B,0x26,0x34,0x01,0x12,0x09,0x02,0x89,0x72,0x11,0xBC,0x4B,
    0x02,0x0C,0x41,0x23,0x0F,0x43,0x05,0x05,0x08,0xF6,0x01,0x0F,
    0x87,0x23,0x0F,0x0F,0x9B,0x72,0x04,0x87,0x22,0x62,0x61,0x63,
    0x6B,0x65,0x6E,0x64,0xC8,0x01,0x02,0x88,0x02,0x08,0x95,0x00,
    0x02,0x94,0x05,0x11,0xAF,0x42,0x08,0x02,0xEA,0x72,0x0F,0x88,
    0x02,0x0F,0x02,0x76,0x0A,0x01,0x04,0x07,0x0B,0x6B,0x0A,0x05,
    0xE0,0x03,0x0F,0x48,0x34,0x0B,0x64,0x61,0x75,0x74,0x6F,0x45,
    0x6E,0xB4,0x09,0x02,0x1B,0x2D,0x02,0xFF,0x3A,0x07,0xC0,0x4B,
    0x02,0x78,0x09,0x33,0x54,0x69,0x6D,0x58,0x08,0x09,0xDA,0x09,
    0x48,0xBF,0xE3,0x82,0xA4,0xA8,0x0A,0x47,0x61,0x78,0x69,0x73,
    0x14,0x03,0x06,0xEC,0x07,0x05,0x92,0x00,0x21,0x74,0x72,0x8A,
    0x57,0x04,0xCA,0x02,0x01,0xE5,0x01,0x91,0xE8,0xBF,0xBD,0xE8,
    0xB7,0xA1,0xE4,0xB8,0xAD,0xC2,0x02,0x06,0x8E,0x0D,0x08,0x06,
    0x11,0xB3,0x22,0x74,0x65,0x78,0x74,0x75,0x72,0x65,0x73,0x42,
    0x79,0x64,0xB8,0x01,0x62,0x02,0x06,0x22,0x09,0x07,0xD6,0x24,
    0x78,0x22,0x62,0x75,0x66,0x66,0x65,0x72,0x2B,0x00,0x01,0x60,
    0x01,0x02,0x36,0x25,0x01,0xC6,0x07,0x05,0x90,0x00,0x4B,0x76,
    0x72,0x61,0x6D,0xC0,0x71,0x01,0xE9,0x8F,0x02,0x8D,0x0F,0x4D,
    0x83,0xE3,0x83,0x88,0xF4,0x07,0x0F,0xA8,0x36,0x06,0x08,0x83,
    0x00,0xA4,0x76,0x72,0x61,0x6D,0x45,0x78,0x68,0x61,0x75,0x73,
    0x18,0x03,0x03,0xE7,0x25,0x09,0x5C,0x00,0x91,0xE3,0x81,0x8C,
    0xE6,0x9E,0xAF,0xE6,0xB8,0x87,0x11,0x20,0x44,0x91,0xE3,0x81,
    0xA5,0xBD,0x51,0x1E,0x84,0xD0,0x04,0x62,0x76,0x72,0x61,0x6D,
    0x48,0x65,0xED,0xC5,0x03,0x4D,0x00,0x4A,0x92,0xE3,0x83,0xBC,
    0x38,0xAF,0x5C,0x22,0x76,0x72,0x61,0x6D,0x6B,0x02,0x03,0x2B,
    0x04,0x01,0x05,0x01,0x07,0x65,0x02,0x13,0x2F,0x0F,0x08,0x21,
    0x82,0xA4,0x42,0x48,0x11,0xA7,0x21,0x08,0x01,0xDB,0x05,0x04,
    0xD9,0x01,0x13,0x20,0x68,0x00,0x0A,0xB5,0x00,0x0F,0x24,0x05,
    0x10,0x0F,0x85,0x00,0x07,0x06,0x13,0x26,0x01,0xCD,0x06,0x01,
    0xA5,0x39,0x2F,0x83,0xA0,0x7E,0x00,0x03,0x06,0xB7,0x26,0x3F,
    0xE9,0x87,0x8F,0x13,0x03,0x11,0x82,0x70,0x72,0x6F,0x63,0x65,
    0x73,0x73,0x52,0xFE,0x73,0x01,0x6D,0x00,0x8A,0xAD,0xE3,0x82,
    0xBB,0xE3,0x82,0xB9,0x20,0xBE,0x73,0x74,0x22,0x73,0x79,0x73,
    0x74,0x65,0x6D,0x29,0x00,0x21,0x82,0xB7,0x6A,0x0B,0x14,0x86,
    0x75,0x00,0x0C,0xE7,0x09,0x05,0x2E,0x00,0x0A,0xD3,0x01,0x01,
    0x9C,0x11,0x08,0x38,0x00,0x0F,0xD0,0x01,0x1A,0x0F,0xB7,0x28,
    0x1B,0x42,0x22,0x63,0x70,0x75,0xB3,0x0E,0x71,0x22,0x3A,0x20,
    0x22,0x43,0x50,0x55,0x99,0x0A,0x22,0x83,0xB3,0x5F,0x12,0x0E,
    0xE7,0x28,0x22,0x22,0x67,0x38,0x2F,0x3F,0x47,0x50,0x55,0x1D,
    0x00,0x03,0x11,0x4E,0x3B,0x27,0x76,0x47,0x50,0x55,0x20,0x6E,
    0x2F,0x61,0x10,0x03,0x51,0x73,0x79,0x6E,0x63,0x4F,0xBB,0x30,
    0x97,0x56,0x53,0x79,0x6E,0x63,0x20,0xE3,0x82,0xAA,0xD7,0x1B,
    0x03,0x20,0x00,0x2B,0x66,0x66,0x21,0x00,0x15,0x95,0x41,0x00,
    0x0C,0x2B,0x29,0x07,0x6C,0x03,0x0F,0x22,0x29,0x16,0x53,0x22,
    0x75,0x70,0x64,0x61,0xE7,0x03,0x02,0x24,0x07,0x08,0x5B,0x03,
    0x51,0x67,0x70,0x75,0x4D,0x65,0x33,0x28,0x02,0xBC,0x29,0x11,
    0xA1,0x6B,0x0A,0x18,0xAA,0x23,0x00,0x12,0x72,0x01,0x02,0x0B,
    0xF4,0x01,0x32,0x72,0x61,0x6D,0xF5,0x00,0x39,0x52,0x41,0x4D,
    0xF5,0x00,0x0C,0x04,0x29,0x02,0x26,0x07,0x02,0x5D,0x2C,0x0B,
    0x57,0x00,0x56,0x41,0x76,0x61,0x69,0x6C,0x46,0x00,0x09,0x2A,
    0x00,0x08,0x48,0x01,0x0F,0x30,0x29,0x04,0x07,0x0E,0x01,0x04,
    0x22,0x00,0x07,0x4D,0x00,0x02,0x54,0x29,0x08,0x47,0x00,0x0F,
    0xF5,0x76,0x17,0x43,0x22,0x72,0x65,0x73,0x22,0x18,0x12,0x7B,
    0x01,0x12,0x05,0x09,0x05,0x05,0x7A,0x80,0x11,0x83,0x73,0x03,
    0x17,0xA1,0xEB,0x0C,0x06,0x59,0x05,0x02,0x25,0x00,0x09,0x3F,
    0x08,0x04,0xD4,0x01,0x02,0x5D,0x00,0x06,0x17,0x25,0x07,0x74,
    0x08,0x01,0xCC,0x07,0x04,0xCE,0x07,0x02,0x28,0x00,0x12,0x4B,
    0x0B,0x14,0x06,0x85,0x00,0x35,0x67,0x70,0x75,0xEC,0x2A,0x02,
    0xB2,0x01,0x11,0xAD,0xE1,0x14,0x1A,0xAB,0x0D,0x14,0x83,0x68,
    0x6F,0x73,0x74,0x56,0x69,0x73,0x69,0x8F,0x06,0x05,0x8C,0x8F,
    0x58,0xE5,0x8F,0xAF,0xE8,0xA6,0x15,0x13,0x33,0x6D,0x65,0x6D,
    0x30,0x36,0x05,0xFC,0x01,0x0C,0x87,0x00,0x0F,0xA2,0x14,0x00,
    0x0F,0x0C,0x47,0x06,0x0A,0xBE,0x14,0x28,0xE9,0xA1,0x7E,0x95,
    0x34,0x64,0x65,0x74,0x3E,0x7B,0x0D,0x77,0x96,0x31,0x73,0x63,
    0x6F,0x6E,0x01,0x02,0x16,0xA2,0x02,0xFC,0x1B,0x08,0x4F,0x30,
    0x61,0x74,0x6F,0x74,0x61,0x6C,0x4D,0xE1,0x06,0x03,0xD9,0x01,
    0x09,0xB5,0x2C,0x42,0x73,0x65,0x6C,0x66,0x1E,0x00,0x6B,0xE8,
    0x87,0xAA,0xE5,0xB7,0xB1,0xD3,0x2C,0x32,0x61,0x6C,0x6C,0x3B,
    0x00,0x07,0xAF,0x8D,0x0C,0xE6,0x00,0x0D,0x5E,0x10,0x31,0x6C,
    0x6F,0x74,0x35,0x00,0x03,0xF9,0x04,0x01,0x97,0x2A,0x07,0xC5,
    0x01,0x12,0x63,0x12,0x04,0x37,0x43,0x50,0x55,0x15,0x00,0x06,
    0x27,0x04,0x07,0x15,0x00,0x0F,0x63,0x01,0x08,0x07,0x20,0x16,
    0x04,0x3F,0x1C,0x03,0xEB,0x01,0x03,0xD4,0x17,0x44,0x45,0x6E,
    0x74,0x69,0xE0,0x46,0x0F,0x69,0x30,0x06,0x04,0x6C,0x00,0x03,
    0x10,0x44,0x05,0x56,0x11,0x0F,0x32,0x00,0x01,0x0E,0x6A,0x55,
    0x01,0x39,0x58,0x3C,0x63,0x65,0x73,0xE8,0x06,0x03,0x00,0x61,
    0x11,0x93,0x74,0x24,0x0F,0x41,0x09,0x0F,0x62,0x77,0x6F,0x72,
    0x6C,0x64,0x53,0x4B,0xEF,0x0C,0x4B,0x00,0x07,0xBC,0x34,0x0F,
    0x57,0x00,0x1D,0x11,0x65,0x01,0x01,0x61,0x4C,0x6F,0x63,0x6B,
    0x65,0x64,0x56,0x03,0x0E,0xD5,0x00,0x12,0x81,0x7D,0x36,0x01,
    0x8E,0x07,0x03,0x71,0x18,0x05,0xB9,0x26,0x09,0xC4,0x0C,0x2D,
    0x63,0x6D,0x38,0x0A,0x0C,0x1F,0x7D,0x11,0xB3,0xD8,0x32,0x42,
    0xB3,0xE3,0x83,0x89,0xC2,0x18,0x6F,0xE6,0xA9,0x9F,0xE8,0x83,
    0xBD,0x00,0x01,0x05,0x05,0x79,0x01,0x36,0x63,0x6D,0x64,0x1E,
    0x23,0x01,0xAA,0x01,0x01,0x4E,0x2B,0x21,0x82,0xBF,0x9C,0x03,
    0x06,0x55,0x00,0x01,0xF4,0x9B,0x0C,0x19,0x27,0x05,0x46,0x00,
    0x61,0x74,0x6F,0x67,0x67,0x6C,0x65,0xB7,0x03,0x23,0x69,0x6C,
    0xF7,0x01,0x02,0xE6,0x0B,0x01,0x81,0x00,0x42,0x87,0xE3,0x82,
    0x8A,0xAD,0xD3,0x0B,0x32,0x00,0x31,0x4C,0x6F,0x63,0xAF,0x47,
    0x01,0x0C,0x04,0x01,0x07,0x01,0x0F,0x2F,0x00,0x04,0x0F,0xCA,
    0x03,0x00,0x02,0x60,0x01,0x0F,0x5A,0x01,0x03,0x04,0x67,0x00,
    0x08,0x35,0x52,0x01,0xA1,0x03,0x03,0x8F,0x35,0x1F,0xBF,0xB4,
    0x04,0x00,0x31,0x65,0x6D,0x70,0x4F,0x00,0x03,0xC7,0x02,0x0A,
    0xE0,0x2D,0x0D,0x90,0x02,0x01,0x0D,0x35,0x07,0x67,0x00,0x07,
    0x36,0x34,0x31,0xE5,0x8F,0xB3,0x1E,0x0F,0x01,0xCE,0xB8,0x21,
    0x82,0xAF,0xC2,0x09,0x41,0x9F,0xE3,0x81,0xAF,0x53,0x2F,0x02,
    0x10,0x8E,0x11,0xB3,0x63,0x05,0x13,0xA3,0x06,0x00,0x06,0xBD,
    0x1A,0x1A,0xA7,0x0F,0x2A,0x01,0x04,0x02,0x02,0xC6,0x05,0x14,
    0x7D,0x0F,0x0E,0x0F,0x69,0x24,0x01,0x02,0x5B,0x1E,0x41,0x43,
    0x68,0x69,0x6C,0x6A,0x02,0x35,0xE5,0xAD,0x90,0x4A,0x1B,0x0C,
    0x2D,0x04,0x02,0xB1,0x1F,0x0F,0xE7,0x00,0x17,0x18,0xAE,0x39,
    0x26,0x0C,0x4D,0x00,0x82,0x69,0x6E,0x73,0x74,0x61,0x6E,0x74,
    0x69,0xAC,0x19,0x0F,0x39,0x01,0x02,0x02,0x48,0x24,0x11,0xA1,
    0xDE,0x01,0x75,0xB7,0xE3,0x83,0xA5,0xE3,0x82,0xA2,0x80,0x10,
    0x06,0x5C,0x28,0x21,0x82,0xB9,0xFA,0x21,0x38,0xB3,0xE3,0x82,
    0x74,0x0C,0x79,0x20,0x20,0x22,0x6B,0x65,0x65,0x70,0x33,0x10,
    0x0C,0x56,0x13,0x01,0x95,0x1B,0x06,0xC9,0x8E,0x02,0x22,0xB1,
    0x04,0x4E,0x0A,0x51,0x83,0x81,0xE3,0x83,0xA3,0x6E,0x01,0x01,
    0x60,0x10,0x97,0x82,0x92,0xE4,0xBF,0x9D,0xE6,0x8C,0x81,0x3A,
    0xB8,0x01,0x0A,0xC3,0x00,0x04,0x60,0x00,0x0B,0x90,0x00,0x0C,
    0x83,0x01,0x01,0xB5,0x1C,0x09,0x44,0x01,0x04,0x3D,0x02,0x1F,
    0x22,0xE5,0x01,0x05,0x07,0x73,0x00,0xA3,0x62,0x61,0x73,0x69,
    0x63,0x47,0x65,0x6F,0x6D,0x65,0x77,0xBA,0x52,0xE5,0x9F,0xBA,
    0xE6,0x9C,0x9A,0x1C,0x11,0xAA,0x2C,0x01,0x47,0x88,0xE3,0x83,
    0xAA,0x31,0x00,0x0F,0x40,0xEF,0x0B,0x0F,0x3E,0xEF,0x0C,0x26,
    0x22,0x73,0x2A,0xC8,0x03,0x1F,0x01,0x17,0xA3,0x9B,0x4D,0x02,
    0x41,0x0E,0x23,0x73,0x75,0x8E,0x0E,0x21,0x82,0xAB,0xF6,0x77,
    0x1A,0xBB,0x94,0x07,0x0F,0xAA,0x9A,0x0A,0xF1,0x01,0x64,0x69,
    0x72,0x65,0x63,0x74,0x69,0x6F,0x6E,0x61,0x6C,0x4C,0x69,0x67,
    0x68,0x74,0x92,0x03,0x08,0x94,0x2F,0x03,0xE1,0x17,0x11,0x8A,
    0x1D,0x26,0x02,0x89,0x36,0x05,0xC6,0x2E,0x31,0x20,0x20,0x22,
    0xF6,0x96,0x07,0x3A,0x00,0x11,0x9D,0x4D,0x0E,0x01,0xB6,0x1C,
    0x0F,0x2E,0x00,0x00,0x37,0x73,0x70,0x6F,0x2D,0x00,0x21,0x82,
    0xB9,0x52,0x2F,0x11,0x83,0x33,0x01,0x0E,0x2D,0x00,0x47,0x61,
    0x72,0x65,0x61,0x2D,0x00,0x11,0xA8,0x56,0x0E,0x1F,0xA2,0x2A,
    0x00,0x01,0x02,0xDB,0x24,0x02,0xA1,0x35,0x08,0x94,0x0F,0x03,
    0xFB,0x14,0x07,0x8D,0x01,0xD4,0x70,0x61,0x72,0x74,0x69,0x63,
    0x6C,0x65,0x45,0x6D,0x69,0x74,0x74,0x55,0x09,0x11,0x91,0x81,
    0x0D,0x01,0xEB,0x10,0x21,0x82,0xAF,0x34,0x18,0x11,0xA8,0x91,
    0x35,0x11,0x83,0xD7,0x02,0x05,0xC4,0x3D,0x01,0x6D,0x01,0x03,
    0xA3,0x38,0x02,0x6C,0x01,0x47,0xA1,0xE3,0x83,0xA9,0x5D,0x00,
    0x35,0x78,0x72,0x43,0x20,0x00,0x31,0x58,0x52,0x20,0x1D,0x09,
    0x0B,0x23,0x00,0x74,0x65,0x6E,0x76,0x69,0x72,0x6F,0x6E,0x35,
    0x8F,0x67,0xE7,0x92,0xB0,0xE5,0xA2,0x83,0x43,0x00,0x87,0x75,
    0x69,0x22,0x3A,0x20,0x22,0x55,0x49,0x13,0x00,0x05,0x4A,0xE8,
    0x05,0x90,0x17,0x04,0xF4,0xCF,0x03,0x55,0x04,0x01,0xD6,0x2A,
    0x32,0x6E,0x65,0x6C,0xBB,0x01,0x12,0x91,0x2F,0x03,0x07,0x41,
    0x00,0x0F,0x42,0x9E,0x0C,0x43,0x69,0x6D,0x61,0x67,0x80,0x10,
    0x11,0xA4,0xB0,0x00,0x47,0xBC,0xE3,0x82,0xB8,0x3F,0x00,0x34,
    0x62,0x75,0x74,0x2C,0x28,0x21,0x83,0x9C,0x12,0x01,0x08,0x20,
    0x28,0x02,0x3C,0x06,0x02,0x7B,0x00,0x4A,0x88,0xE3,0x82,0xB0,
    0x7B,0x02,0x43,0x73,0x6C,0x69,0x64,0x66,0x01,0x24,0x82,0xB9,
    0xBA,0x01,0x1A,0x80,0x54,0x01,0x04,0x70,0x6C,0x21,0x42,0x61,
    0x91,0x37,0x03,0xF7,0x08,0x21,0x82,0xB0,0xB3,0x17,0x11,0xB9,
    0xF1,0x0E,0x08,0x83,0x01,0x61,0x70,0x68,0x79,0x73,0x69,0x63,
    0x22,0x09,0x67,0xE7,0x89,0xA9,0xE7,0x90,0x86,0xAB,0x00,0x91,
    0x73,0x74,0x61,0x74,0x69,0x63,0x42,0x6F,0x78,0x90,0x00,0x03,
    0x97,0x04,0x01,0xD8,0x01,0x02,0xCC,0x05,0x21,0x83,0x9C,0xD5,
    0x01,0x1A,0xAF,0x3D,0x01,0x86,0x64,0x79,0x6E,0x61,0x6D,0x69,
    0x63,0x53,0x6A,0x03,0x21,0x83,0x80,0x0C,0x01,0x14,0x8A,0x06,
    0x02,0x02,0xA1,0x10,0x01,0x52,0x1A,0x0F,0x7C,0x03,0x01,0x81,
    0x52,0x69,0x67,0x69,0x64,0x42,0x6F,0x64,0x05,0x46,0x01,0xF6,
    0x01,0x03,0x85,0x03,0x01,0xB2,0x02,0x11,0xB8,0xE2,0x02,0x42,
    0x89,0xE3,0x83,0x9C,0x9E,0x07,0x04,0x87,0x05,0x24,0x0D,0x0A,
    0x18,0x06,0x08,0x2E,0x43,0x03,0x87,0x05,0x05,0x59,0x97,0x06,
    0x52,0x97,0xB0,0x22,0x0D,0x0A,0x20,0x20,0x7D,0x0D,0x0A,0x7D,
    0x0D,0x0A
};
inline constexpr size_t ja_json_lz4_size = sizeof(ja_json_lz4);
inline constexpr size_t ja_json_size = 85827; // uncompressed
