// Auto-generated from ko.json (lz4 block-compressed)
#pragma once

#include <cstddef>
#include <cstdint>

inline constexpr unsigned char ko_json_lz4[] = {
    0xF1,0x03,0x7B,0x0D,0x0A,0x20,0x20,0x22,0x69,0x6E,0x73,0x70,
    0x65,0x63,0x74,0x6F,0x72,0x22,0x3A,0x20,0x12,0x00,0x86,0x20,
    0x20,0x22,0x66,0x69,0x65,0x6C,0x64,0x10,0x00,0xF1,0x09,0x20,
    0x20,0x22,0x61,0x63,0x74,0x69,0x76,0x65,0x22,0x3A,0x20,0x22,
    0xED,0x99,0x9C,0xEC,0x84,0xB1,0x22,0x2C,0x0D,0x0A,0x20,0x01,
    0x00,0xF8,0x10,0x22,0x61,0x6C,0x6C,0x6F,0x77,0x53,0x6C,0x65,
    0x65,0x70,0x69,0x6E,0x67,0x22,0x3A,0x20,0x22,0xEC,0x8A,0xAC,
    0xEB,0xA6,0xBD,0x20,0xED,0x97,0x88,0xEC,0x9A,0xA9,0x29,0x00,
    0xB1,0x6D,0x62,0x69,0x65,0x6E,0x74,0x43,0x6F,0x6C,0x6F,0x72,
    0x28,0x00,0xFE,0x03,0x95,0xB0,0xEB,0xB9,0x84,0xEC,0x96,0xB8,
    0xED,0x8A,0xB8,0x20,0xEC,0x83,0x89,0xEC,0x83,0x81,0x2E,0x00,
    0x9D,0x49,0x6E,0x74,0x65,0x6E,0x73,0x69,0x74,0x79,0x32,0x00,
    0x68,0xEA,0xB0,0x95,0xEB,0x8F,0x84,0x32,0x00,0x82,0x6E,0x63,
    0x68,0x6F,0x72,0x4D,0x61,0x78,0x2B,0x00,0xBE,0xB5,0xEC,0xBB,
    0xA4,0x20,0xEC,0xB5,0x9C,0xEB,0x8C,0x80,0x25,0x00,0x2A,0x69,
    0x6E,0x25,0x00,0x3D,0xEC,0x86,0x8C,0x25,0x00,0xB9,0x65,0x64,
    0x50,0x6F,0x73,0x69,0x74,0x69,0x6F,0x6E,0x50,0x53,0x00,0xA9,
    0x9C,0x84,0xEC,0xB9,0x98,0x20,0x28,0x70,0x78,0x29,0x33,0x00,
    0x84,0x67,0x75,0x6C,0x61,0x72,0x44,0x61,0x6D,0x07,0x01,0xAE,
    0xEA,0xB0,0x81,0x20,0xEA,0xB0,0x90,0xEC,0x87,0xA0,0x27,0x00,
    0x53,0x56,0x65,0x6C,0x6F,0x63,0xD5,0x00,0x6C,0xEA,0xB0,0x81,
    0xEC,0x86,0x8D,0xCB,0x00,0x63,0x69,0x6D,0x61,0x74,0x69,0x6F,
    0xA6,0x00,0xD7,0xA0,0xEB,0x8B,0x88,0xEB,0xA9,0x94,0xEC,0x9D,
    0xB4,0xEC,0x85,0x98,0x4E,0x00,0xC1,0x62,0x6C,0x65,0x6E,0x64,
    0x44,0x69,0x73,0x74,0x61,0x6E,0x63,0x9D,0x01,0xF8,0x01,0xEB,
    0xB8,0x94,0xEB,0xA0,0x8C,0xEB,0x93,0x9C,0x20,0xEA,0xB1,0xB0,
    0xEB,0xA6,0xAC,0x2C,0x00,0xB2,0x6F,0x72,0x64,0x65,0x72,0x52,
    0x61,0x64,0x69,0x75,0x73,0xD0,0x00,0xFC,0x01,0xED,0x85,0x8C,
    0xEB,0x91,0x90,0xEB,0xA6,0xAC,0x20,0xEB,0xB0,0x98,0xEA,0xB2,
    0xBD,0xD3,0x00,0x62,0x62,0x6F,0x78,0x53,0x69,0x7A,0x58,0x00,
    0xC8,0xB0,0x95,0xEC,0x8A,0xA4,0x20,0xED,0x81,0xAC,0xEA,0xB8,
    0xB0,0x55,0x00,0xD1,0x75,0x69,0x6C,0x74,0x69,0x6E,0x47,0x65,
    0x6F,0x6D,0x65,0x74,0x72,0xA4,0x01,0xFA,0x04,0xEB,0x82,0xB4,
    0xEC,0x9E,0xA5,0x20,0xEC,0xA7,0x80,0xEC,0x98,0xA4,0xEB,0xA9,
    0x94,0xED,0x8A,0xB8,0x89,0x00,0xFA,0x13,0x63,0x61,0x73,0x74,
    0x73,0x53,0x68,0x61,0x64,0x6F,0x77,0x22,0x3A,0x20,0x22,0xEA,
    0xB7,0xB8,0xEB,0xA6,0xBC,0xEC,0x9E,0x90,0x20,0xEB,0x93,0x9C,
    0xEB,0xA6,0xAC,0xEC,0x9A,0xB0,0x64,0x00,0x82,0x63,0x65,0x6C,
    0x6C,0x53,0x69,0x7A,0x65,0xB5,0x00,0x33,0xEC,0x85,0x80,0x87,
    0x00,0x0C,0xAF,0x00,0x56,0x63,0x68,0x65,0x63,0x6B,0x5D,0x02,
    0x5E,0xB2,0xB4,0xED,0x81,0xAC,0x57,0x02,0x01,0x26,0x00,0x21,
    0x65,0x64,0xFE,0x01,0x01,0x23,0x00,0x37,0xEB,0x90,0xA8,0xD1,
    0x00,0x55,0x63,0x6C,0x65,0x61,0x72,0x45,0x00,0x9F,0xED,0x81,
    0xB4,0xEB,0xA6,0xAC,0xEC,0x96,0xB4,0x48,0x00,0x00,0x71,0x6C,
    0x65,0x61,0x72,0x4D,0x6F,0x64,0x1F,0x01,0x06,0x28,0x00,0x68,
    0xEB,0xAA,0xA8,0xEB,0x93,0x9C,0x51,0x00,0x05,0xEE,0x02,0x0C,
    0xE1,0x02,0x91,0x63,0x6F,0x6C,0x6F,0x72,0x56,0x61,0x6C,0x75,
    0x43,0x00,0x02,0x1F,0x00,0x48,0x20,0xEA,0xB0,0x92,0x3D,0x00,
    0xA1,0x75,0x6C,0x6C,0x69,0x6E,0x67,0x4D,0x61,0x73,0x6B,0xB1,
    0x00,0xE8,0xBB,0xAC,0xEB,0xA7,0x81,0x20,0xEB,0xA7,0x88,0xEC,
    0x8A,0xA4,0xED,0x81,0xDE,0x01,0xB1,0x65,0x6D,0x69,0x73,0x73,
    0x69,0x6F,0x6E,0x52,0x61,0x74,0x4F,0x00,0x7D,0xEB,0xB0,0xA9,
    0xEC,0xB6,0x9C,0x20,0x59,0x02,0xF2,0x02,0x65,0x6E,0x61,0x62,
    0x6C,0x65,0x49,0x42,0x4C,0x22,0x3A,0x20,0x22,0x49,0x42,0x4C,
    0x20,0xCF,0x03,0x37,0xED,0x99,0x94,0x77,0x00,0x02,0x25,0x00,
    0x01,0x24,0x01,0x0F,0x1F,0x00,0x03,0x15,0x64,0x22,0x01,0x6E,
    0xEC,0xA2,0x85,0xEB,0xA3,0x8C,0x1F,0x01,0x34,0x65,0x6E,0x64,
    0x3C,0x02,0x03,0x23,0x00,0x0D,0x3C,0x02,0xE2,0x65,0x6E,0x76,
    0x69,0x72,0x6F,0x6E,0x6D,0x65,0x6E,0x74,0x4D,0x61,0x70,0x5B,
    0x04,0x01,0x87,0x02,0x37,0xEB,0xA7,0xB5,0x8D,0x00,0xC1,0x66,
    0x61,0x6C,0x6C,0x62,0x61,0x63,0x6B,0x4D,0x6F,0x6E,0x6F,0x25,
    0x00,0xC8,0x8F,0xB4,0xEB,0xB0,0xB1,0x20,0xEB,0xAA,0xA8,0xEB,
    0x85,0xB8,0x28,0x00,0x36,0x69,0x6C,0x6C,0x97,0x00,0x22,0xB1,
    0x84,0x48,0x02,0x0E,0x9A,0x00,0x34,0x66,0x69,0x74,0xB7,0x01,
    0x61,0xEB,0xA7,0x9E,0xEC,0xB6,0xA4,0x4B,0x00,0x09,0xB4,0x01,
    0x55,0x66,0x6C,0x6F,0x61,0x74,0x9A,0x01,0x5B,0x46,0x6C,0x6F,
    0x61,0x74,0x99,0x01,0x46,0x66,0x6F,0x6E,0x74,0x94,0x02,0x6F,
    0xEA,0xB8,0x80,0xEA,0xBC,0xB4,0x97,0x02,0x04,0xFA,0x06,0x66,
    0x6F,0x76,0x59,0x44,0x65,0x67,0x72,0x65,0x65,0x73,0x22,0x3A,
    0x20,0x22,0x46,0x4F,0x56,0x20,0x59,0x20,0xEE,0x03,0x44,0x66,
    0x72,0x69,0x63,0xED,0x03,0x58,0xEB,0xA7,0x88,0xEC,0xB0,0x63,
    0x03,0xD1,0x67,0x61,0x75,0x73,0x73,0x69,0x61,0x6E,0x53,0x70,
    0x6C,0x61,0x74,0x31,0x03,0xF7,0x06,0xB0,0x80,0xEC,0x9A,0xB0,
    0xEC,0x8B,0x9C,0xEC,0x95,0x88,0x20,0xEC,0x8A,0xA4,0xED,0x94,
    0x8C,0xEB,0x9E,0xAB,0x0A,0x01,0xA8,0x67,0x70,0x75,0x22,0x3A,
    0x20,0x22,0x47,0x50,0x55,0x15,0x00,0x41,0x72,0x61,0x70,0x68,
    0x3F,0x00,0x8A,0xB7,0xB8,0xEB,0x9E,0x98,0xED,0x94,0x84,0x1D,
    0x00,0x13,0x76,0x8E,0x04,0x6E,0xEC,0xA4,0x91,0xEB,0xA0,0xA5,
    0x1C,0x00,0x23,0x46,0x61,0x24,0x06,0x03,0x22,0x00,0x68,0x20,
    0xEA,0xB3,0x84,0xEC,0x88,0x8D,0x04,0x63,0x67,0x72,0x6F,0x75,
    0x6E,0x64,0x5B,0x03,0x57,0xA0,0x91,0xEC,0xA7,0x80,0x46,0x00,
    0x91,0x68,0x61,0x6C,0x66,0x48,0x65,0x69,0x67,0x68,0xC3,0x00,
    0xDF,0xEC,0xA0,0x88,0xEB,0xB0,0x98,0x20,0xEB,0x86,0x92,0xEC,
    0x9D,0xB4,0x26,0x00,0x02,0x92,0x4F,0x66,0x43,0x79,0x6C,0x69,
    0x6E,0x64,0x65,0x2A,0x06,0x9F,0x8B,0xA4,0xEB,0xA6,0xB0,0xEB,
    0x8D,0x94,0x20,0x3A,0x00,0x07,0x45,0x6E,0x64,0x6C,0x65,0x00,
    0x02,0x72,0xED,0x95,0xB8,0xEB,0x93,0xA4,0x20,0x55,0x03,0x08,
    0x61,0x00,0x05,0x83,0x00,0x0E,0x7C,0x00,0xD2,0x6F,0x72,0x69,
    0x7A,0x6F,0x6E,0x74,0x61,0x6C,0x41,0x6C,0x69,0x67,0x79,0x05,
    0xB8,0x88,0x98,0xED,0x8F,0x89,0x20,0xEC,0xA0,0x95,0xEB,0xA0,
    0x6D,0x03,0x66,0x68,0x6F,0x76,0x65,0x72,0x65,0x05,0x03,0x6E,
    0xED,0x98,0xB8,0xEB,0xB2,0x84,0x6E,0x00,0x26,0x69,0x62,0x92,
    0x02,0x3F,0x49,0x42,0x4C,0x21,0x00,0x02,0x09,0xE0,0x06,0x3E,
    0x49,0x42,0x4C,0xD7,0x06,0x97,0x69,0x6E,0x6E,0x65,0x72,0x43,
    0x6F,0x6E,0x65,0x46,0x02,0xEA,0xEB,0x82,0xB4,0xEB,0xB6,0x80,
    0x20,0xEC,0xBD,0x98,0x20,0xEA,0xB0,0x81,0x4E,0x02,0x72,0x69,
    0x6E,0x70,0x75,0x74,0x4D,0x6F,0xAE,0x07,0xD7,0xEC,0x9E,0x85,
    0xEB,0xA0,0xA5,0x20,0xEC,0x9D,0xB4,0xEB,0x8F,0x99,0x09,0x01,
    0x18,0x69,0x57,0x07,0x0F,0x73,0x00,0x00,0x91,0x74,0x65,0x72,
    0x61,0x63,0x74,0x61,0x62,0x6C,0x4E,0x04,0xF8,0x04,0xEC,0x83,
    0x81,0xED,0x98,0xB8,0xEC,0x9E,0x91,0xEC,0x9A,0xA9,0x20,0xEA,
    0xB0,0x80,0xEB,0x8A,0xA5,0x4C,0x00,0x53,0x73,0x53,0x65,0x6E,
    0x73,0xD4,0x07,0xB8,0x84,0xBC,0xEC,0x84,0x9C,0x20,0xEC,0x97,
    0xAC,0xEB,0xB6,0x00,0x02,0xB4,0x6A,0x75,0x6D,0x70,0x52,0x65,
    0x71,0x75,0x65,0x73,0x74,0x22,0x02,0xBA,0x90,0xED,0x94,0x84,
    0x20,0xEC,0x9A,0x94,0xEC,0xB2,0xAD,0x84,0x05,0x7A,0x6A,0x75,
    0x6D,0x70,0x53,0x70,0x65,0x28,0x00,0x0C,0x22,0x07,0x31,0x6B,
    0x69,0x6E,0xA1,0x04,0x58,0xEC,0xA2,0x85,0xEB,0xA5,0x87,0x02,
    0x72,0x6C,0x69,0x66,0x65,0x74,0x69,0x6D,0xB8,0x00,0x57,0x88,
    0x98,0xEB,0xAA,0x85,0xAB,0x00,0x04,0x1D,0x00,0x44,0x56,0x61,
    0x72,0x69,0x34,0x07,0x02,0x25,0x00,0x79,0x20,0xEB,0xB6,0x84,
    0xEC,0x82,0xB0,0x2C,0x00,0x29,0x6E,0x65,0xD1,0x07,0x6E,0xEC,
    0x84,0xA0,0xED,0x98,0x95,0xD4,0x07,0x02,0x29,0x00,0x08,0xD3,
    0x07,0x03,0x2A,0x00,0x0D,0x7E,0x05,0x43,0x6C,0x6F,0x63,0x6B,
    0xD7,0x00,0x48,0x9E,0xA0,0xEA,0xB9,0x21,0x01,0x31,0x6C,0x6F,
    0x6F,0x04,0x05,0x3A,0xEB,0xA3,0xA8,0x9C,0x03,0x54,0x6D,0x61,
    0x72,0x67,0x69,0x82,0x08,0x5C,0x97,0xAC,0xEB,0xB0,0xB1,0xF9,
    0x06,0x13,0x6D,0x1F,0x06,0x0F,0x18,0x06,0x01,0x31,0x6D,0x61,
    0x73,0x77,0x04,0x67,0xEC,0xA7,0x88,0xEB,0x9F,0x89,0xDE,0x00,
    0xFF,0x09,0x6D,0x61,0x74,0x65,0x72,0x69,0x61,0x6C,0x22,0x3A,
    0x20,0x22,0xEB,0xA8,0xB8,0xED,0x8B,0xB0,0xEB,0xA6,0xAC,0xEC,
    0x96,0xBC,0x23,0x00,0x00,0x14,0x47,0x3B,0x04,0x08,0x28,0x00,
    0x1F,0x20,0x48,0x04,0x01,0x04,0x55,0x00,0x72,0x4F,0x76,0x65,
    0x72,0x72,0x69,0x64,0xF2,0x04,0x09,0x36,0x00,0xCA,0xEC,0x98,
    0xA4,0xEB,0xB2,0x84,0xEB,0x9D,0xBC,0xEC,0x9D,0xB4,0x29,0x07,
    0x42,0x6D,0x61,0x78,0x41,0x44,0x09,0x09,0x4A,0x01,0x6F,0xB5,
    0x9C,0xEB,0x8C,0x80,0x20,0x24,0x09,0x01,0x7F,0x6D,0x61,0x78,
    0x4C,0x69,0x6E,0x65,0x30,0x00,0x02,0x0F,0x81,0x01,0x05,0xA2,
    0x6D,0x61,0x78,0x50,0x61,0x72,0x74,0x69,0x63,0x6C,0x9C,0x00,
    0x02,0x1F,0x0A,0xBA,0x20,0xED,0x8C,0x8C,0xED,0x8B,0xB0,0xED,
    0x81,0xB4,0x20,0xD3,0x04,0xC8,0x6D,0x61,0x78,0x53,0x6C,0x6F,
    0x70,0x65,0x41,0x6E,0x67,0x6C,0x7F,0x03,0x03,0x37,0x00,0x6E,
    0xEA,0xB2,0xBD,0xEC,0x82,0xAC,0x82,0x03,0x36,0x6D,0x61,0x78,
    0xD8,0x07,0x01,0xC1,0x00,0x0A,0xD7,0x07,0x31,0x6D,0x65,0x73,
    0x8B,0x05,0x58,0xEB,0xA9,0x94,0xEC,0x8B,0x2D,0x08,0x38,0x6D,
    0x69,0x6E,0x39,0x00,0x3B,0xEC,0x86,0x8C,0x39,0x00,0x03,0x70,
    0x08,0x0D,0x66,0x08,0xA3,0x6D,0x6F,0x74,0x69,0x6F,0x6E,0x51,
    0x75,0x61,0x6C,0xC7,0x05,0xD8,0xEB,0xAA,0xA8,0xEC,0x85,0x98,
    0x20,0xED,0x92,0x88,0xEC,0xA7,0x88,0xD4,0x01,0x01,0x29,0x00,
    0x41,0x54,0x79,0x70,0x65,0xF9,0x01,0x02,0x26,0x00,0x67,0xEC,
    0x9C,0xA0,0xED,0x98,0x95,0x26,0x00,0x23,0x6E,0x61,0x40,0x03,
    0x48,0x9D,0xB4,0xEB,0xA6,0x29,0x06,0x56,0x6E,0x6F,0x72,0x6D,
    0x61,0xD5,0x04,0x5F,0xEA,0xB8,0xB0,0xEB,0xB3,0xBC,0x0B,0x00,
    0x93,0x6F,0x62,0x6A,0x65,0x63,0x74,0x4C,0x61,0x79,0xBF,0x05,
    0xF8,0x05,0x98,0xA4,0xEB,0xB8,0x8C,0xEC,0xA0,0x9D,0xED,0x8A,
    0xB8,0x20,0xEB,0xA0,0x88,0xEC,0x9D,0xB4,0xEC,0x96,0xF8,0x05,
    0x35,0x6F,0x66,0x66,0xBB,0x05,0x31,0xEC,0x98,0xA4,0x19,0x04,
    0x01,0x10,0x09,0x07,0x94,0x00,0x27,0x6F,0x6E,0x23,0x00,0x1F,
    0xA8,0x20,0x00,0x00,0xB7,0x72,0x74,0x68,0x6F,0x67,0x72,0x61,
    0x70,0x68,0x69,0x63,0x6A,0x06,0xCE,0xA7,0x81,0xEA,0xB5,0x90,
    0x20,0xED,0x88,0xAC,0xEC,0x98,0x81,0x71,0x06,0x3D,0x6F,0x75,
    0x74,0x5C,0x05,0x3F,0xEC,0x99,0xB8,0x5C,0x05,0x06,0x13,0x6F,
    0xD9,0x02,0x19,0x4D,0x57,0x03,0x0F,0xD6,0x02,0x08,0x72,0x70,
    0x61,0x64,0x64,0x69,0x6E,0x67,0xBC,0x0A,0x6C,0xED,0x8C,0xA8,
    0xEB,0x94,0xA9,0xBF,0x03,0xD5,0x70,0x61,0x72,0x61,0x6C,0x6C,
    0x61,0x78,0x43,0x6F,0x72,0x72,0x65,0x08,0x08,0xC8,0xEC,0x8B,
    0x9C,0xEC,0xB0,0xA8,0x20,0xEB,0xB3,0xB4,0xEC,0xA0,0x9B,0x01,
    0x51,0x70,0x69,0x76,0x6F,0x74,0x08,0x09,0x57,0x94,0xBC,0xEB,
    0xB2,0x97,0x21,0x01,0xC1,0x70,0x69,0x78,0x65,0x6C,0x73,0x50,
    0x65,0x72,0x55,0x6E,0x69,0x22,0x00,0xF8,0x00,0xEB,0x8B,0xA8,
    0xEC,0x9C,0x84,0xEB,0x8B,0xB9,0x20,0xED,0x94,0xBD,0xEC,0x85,
    0x6E,0x04,0xA1,0x70,0x6C,0x61,0x79,0x4F,0x6E,0x53,0x74,0x61,
    0x72,0x2A,0x00,0xF8,0x02,0xEC,0x8B,0x9C,0xEC,0x9E,0x91,0x20,
    0xEC,0x8B,0x9C,0x20,0xEC,0x9E,0xAC,0xEC,0x83,0x9D,0x57,0x00,
    0x34,0x6C,0x61,0x79,0xD9,0x0D,0x01,0x1C,0x00,0x48,0x20,0xEC,
    0xA4,0x91,0x20,0x00,0x03,0x24,0x0D,0x01,0xA1,0x0A,0x01,0x1B,
    0x0D,0x08,0x1D,0x00,0x47,0x72,0x65,0x73,0x73,0x2A,0x07,0xCF,
    0xEB,0x88,0x8C,0xEB,0xA0,0x80,0xEC,0x9D,0x84,0x20,0xEB,0x95,
    0x36,0x0A,0x00,0x52,0x70,0x72,0x69,0x6D,0x61,0x47,0x0C,0x02,
    0x5B,0x02,0x09,0x4B,0x00,0x33,0x69,0x6F,0x72,0xDE,0x02,0xB8,
    0xEC,0x9A,0xB0,0xEC,0x84,0xA0,0xEC,0x88,0x9C,0xEC,0x9C,0x9E,
    0x02,0x46,0x70,0x72,0x6F,0x6A,0x42,0x01,0x02,0xF4,0x01,0x09,
    0x42,0x00,0x63,0x6F,0x70,0x65,0x72,0x74,0x69,0xFB,0x03,0x2A,
    0x86,0x8D,0xC8,0x0E,0x11,0x72,0x1B,0x0D,0xAA,0x22,0x3A,0x20,
    0x22,0xEB,0xB0,0x98,0xEC,0xA7,0x80,0xFA,0x02,0x42,0x72,0x61,
    0x6E,0x67,0x34,0x03,0x2A,0xB2,0x94,0x76,0x00,0xF6,0x00,0x72,
    0x65,0x66,0x65,0x72,0x65,0x6E,0x63,0x65,0x52,0x65,0x73,0x6F,
    0x6C,0x75,0x30,0x0E,0xFC,0x01,0xEA,0xB8,0xB0,0xEC,0xA4,0x80,
    0x20,0xED,0x95,0xB4,0xEC,0x83,0x81,0xEB,0x8F,0x84,0xF9,0x01,
    0x55,0x72,0x65,0x6E,0x64,0x65,0x44,0x0C,0x6E,0xEB,0xA0,0x8C,
    0xEB,0x8D,0x94,0x41,0x0C,0x02,0x26,0x00,0x42,0x65,0x72,0x4B,
    0x65,0x5F,0x0D,0x01,0x27,0x00,0x77,0xEB,0x9F,0xAC,0x20,0xED,
    0x82,0xA4,0xDD,0x00,0x61,0x72,0x65,0x73,0x74,0x69,0x74,0x7E,
    0x00,0x03,0xC3,0x00,0x3E,0xEB,0xB0,0x9C,0xA5,0x09,0x35,0x72,
    0x6F,0x74,0x58,0x0E,0x58,0xED,0x9A,0x8C,0xEC,0xA0,0x40,0x01,
    0x04,0x1D,0x00,0x07,0x69,0x08,0x02,0x24,0x00,0x03,0xE3,0x04,
    0x58,0x20,0x28,0xEB,0x8F,0x84,0xF5,0x0E,0x33,0x73,0x63,0x61,
    0x21,0x08,0x78,0x8A,0xA4,0xEC,0xBC,0x80,0xEC,0x9D,0x3F,0x06,
    0x01,0x1D,0x00,0x04,0x6B,0x0B,0x05,0x21,0x00,0x0E,0xE1,0x00,
    0x91,0x73,0x63,0x72,0x69,0x70,0x74,0x55,0x72,0x69,0x42,0x02,
    0x01,0xD9,0x0C,0xA7,0xEB,0xA6,0xBD,0xED,0x8A,0xB8,0x20,0x55,
    0x52,0x49,0xE2,0x00,0x47,0x73,0x65,0x6C,0x65,0x93,0x08,0x5E,
    0x84,0xA0,0xED,0x83,0x9D,0x8D,0x08,0x36,0x73,0x68,0x61,0xDC,
    0x04,0x18,0x96,0xA9,0x02,0x93,0x73,0x69,0x7A,0x65,0x44,0x65,
    0x6C,0x74,0x61,0x8D,0x03,0x01,0xCC,0x0E,0x7C,0x20,0xEB,0x8D,
    0xB8,0xED,0x83,0x80,0x9B,0x01,0x62,0x73,0x6B,0x65,0x6C,0x65,
    0x74,0x4B,0x01,0x01,0xBB,0x00,0x68,0x88,0xEB,0xA0,0x88,0xED,
    0x86,0x71,0x01,0x63,0x73,0x6B,0x79,0x62,0x6F,0x78,0xB4,0x00,
    0x62,0xEC,0xB9,0xB4,0xEC,0x9D,0xB4,0x26,0x0F,0x08,0xB3,0x00,
    0x12,0x6C,0xAC,0x03,0x68,0xEC,0x8A,0xAC,0xEB,0xA1,0xAF,0x19,
    0x00,0x54,0x6F,0x72,0x74,0x4F,0x72,0xDE,0x0A,0x01,0x60,0x0A,
    0x68,0x20,0xEC,0x88,0x9C,0xEC,0x84,0x0E,0x06,0x45,0x73,0x70,
    0x61,0x63,0x3C,0x04,0x5D,0xEA,0xB0,0x84,0xEA,0xB2,0x3C,0x04,
    0x52,0x73,0x70,0x61,0x77,0x6E,0xD4,0x0F,0x03,0x8A,0x00,0x4F,
    0xED,0x8F,0xB0,0x20,0xC0,0x02,0x01,0x15,0x73,0x51,0x09,0x2A,
    0x86,0x8D,0x30,0x0A,0x47,0x73,0x74,0x61,0x72,0x95,0x11,0x03,
    0x0B,0x04,0x0C,0x7F,0x05,0x01,0x26,0x00,0x05,0xD3,0x0D,0x02,
    0x25,0x00,0x0D,0xD3,0x0D,0x01,0x25,0x00,0x09,0xBF,0x07,0x02,
    0x29,0x00,0x0D,0x09,0x09,0x47,0x73,0x74,0x65,0x70,0xA5,0x05,
    0x5E,0x8A,0xA4,0xED,0x85,0x9D,0x9E,0x05,0xB7,0x73,0x74,0x65,
    0x72,0x65,0x6F,0x47,0x72,0x61,0x70,0x68,0x48,0x02,0x96,0xED,
    0x85,0x8C,0xEB,0xA0,0x88,0xEC,0x98,0xA4,0x83,0x08,0x0E,0x55,
    0x02,0x61,0x74,0x61,0x72,0x67,0x65,0x74,0x3B,0x00,0x21,0x69,
    0x63,0x11,0x03,0x55,0x8C,0x80,0xEC,0x83,0x81,0x33,0x00,0x17,
    0xBD,0x8D,0x01,0x31,0x74,0x65,0x78,0x06,0x05,0x88,0xED,0x85,
    0x8D,0xEC,0x8A,0xA4,0xED,0x8A,0x56,0x0E,0x61,0x74,0x65,0x78,
    0x74,0x75,0x72,0xF9,0x03,0x02,0x1F,0x00,0x28,0xEC,0xB2,0x6D,
    0x0A,0x03,0x1F,0x00,0x03,0xBD,0x02,0x05,0x22,0x00,0x0B,0xBA,
    0x02,0x05,0x8F,0x0A,0x58,0x8B,0x9C,0xEA,0xB0,0x84,0x7A,0x00,
    0x21,0x69,0x6E,0x7A,0x00,0x58,0xEC,0x83,0x89,0xEC,0xA1,0x7C,
    0x0A,0x37,0x74,0x72,0x61,0xCC,0x10,0x6E,0xED,0x8A,0xB8,0xEB,
    0x9E,0x99,0x94,0x01,0x01,0x26,0x00,0x91,0x69,0x6E,0x67,0x4F,
    0x72,0x69,0x67,0x69,0x6E,0x15,0x06,0x11,0x8A,0x95,0x09,0x98,
    0x82,0xB9,0x20,0xEC,0x9B,0x90,0xEC,0xA0,0x90,0x6C,0x00,0x44,
    0x77,0x6F,0x53,0x69,0x9F,0x0D,0x48,0x96,0x91,0xEB,0xA9,0x81,
    0x07,0x13,0x74,0x11,0x08,0x0D,0x0A,0x08,0xC7,0x75,0x75,0x69,
    0x64,0x22,0x3A,0x20,0x22,0x55,0x55,0x49,0x44,0x4D,0x00,0x14,
    0x76,0xDF,0x08,0x0A,0xA0,0x08,0x17,0x76,0xD7,0x12,0x0D,0xF4,
    0x01,0x04,0x1D,0x00,0x09,0x7C,0x0B,0x01,0x8D,0x02,0x0E,0x7C,
    0x0B,0x68,0x76,0x65,0x72,0x74,0x69,0x63,0x8B,0x0D,0x5E,0x84,
    0xB8,0xEB,0xA1,0x9C,0x8B,0x0D,0x52,0x76,0x69,0x73,0x69,0x62,
    0x84,0x04,0x3A,0xED,0x91,0x9C,0x4E,0x09,0x51,0x77,0x69,0x64,
    0x74,0x68,0xFC,0x01,0x48,0x84,0x88,0xEB,0xB9,0x78,0x01,0x82,
    0x77,0x6F,0x72,0x6C,0x64,0x53,0x70,0x61,0x35,0x13,0xAA,0xEC,
    0x9B,0x94,0xEB,0x93,0x9C,0x20,0xEA,0xB3,0xB5,0x9E,0x01,0x31,
    0x7A,0x46,0x61,0x7E,0x0E,0x5D,0x5A,0x20,0xEC,0x9B,0x90,0x50,
    0x13,0x34,0x7A,0x4E,0x65,0x1F,0x00,0x33,0xEA,0xB7,0xBC,0x1F,
    0x00,0x02,0x15,0x15,0x22,0x7D,0x2C,0x08,0x00,0x71,0x22,0x70,
    0x72,0x65,0x76,0x69,0x65,0xE7,0x12,0x97,0xEB,0xAF,0xB8,0xEB,
    0xA6,0xAC,0xEB,0xB3,0xB4,0xDD,0x12,0x63,0x22,0x75,0x6E,0x73,
    0x61,0x76,0x11,0x0C,0xA7,0xA0,0x80,0xEC,0x9E,0xA5,0x20,0xEC,
    0x95,0x88,0x20,0x0E,0x0D,0x61,0x22,0x72,0x65,0x6C,0x6F,0x61,
    0x82,0x01,0xF8,0x01,0xEB,0x8B,0xA4,0xEC,0x8B,0x9C,0x20,0xEB,
    0xB6,0x88,0xEB,0x9F,0xAC,0xEC,0x98,0xA4,0x48,0x00,0x01,0xB6,
    0x12,0x01,0x01,0x04,0x22,0xA7,0x80,0xF8,0x10,0x04,0xAC,0x01,
    0xB3,0x22,0x64,0x69,0x61,0x67,0x6E,0x6F,0x73,0x74,0x69,0x63,
    0x08,0x0C,0x45,0x84,0xEB,0x8B,0xA8,0x1E,0x00,0x32,0x6E,0x6F,
    0x6E,0xDD,0x0A,0xC5,0x22,0x3A,0x20,0x22,0x3C,0xEC,0x97,0x86,
    0xEC,0x9D,0x8C,0x3E,0x1E,0x00,0x02,0x72,0x05,0x07,0x20,0x00,
    0x01,0x74,0x05,0x06,0x20,0x00,0x81,0x6E,0x6F,0x6E,0x65,0x50,
    0x61,0x72,0x65,0x7B,0x02,0x12,0x28,0x3E,0x00,0x05,0x1F,0x06,
    0xB3,0x22,0x61,0x64,0x64,0x43,0x6F,0x6D,0x70,0x6F,0x6E,0x65,
    0xE5,0x02,0xF5,0x02,0xBB,0xB4,0xED,0x8F,0xAC,0xEB,0x84,0x8C,
    0xED,0x8A,0xB8,0x20,0xEC,0xB6,0x94,0xEA,0xB0,0x92,0x08,0x45,
    0x22,0x61,0x6C,0x6C,0x2C,0x00,0x54,0x73,0x50,0x72,0x65,0x73,
    0x34,0x00,0x01,0x27,0x00,0x03,0xE6,0x05,0x48,0xED,0x95,0x9C,
    0x20,0x45,0x00,0x31,0xEA,0xB0,0x80,0xF9,0x03,0xF5,0x0B,0x91,
    0x90,0x20,0xEC,0x9D,0xB4,0xEB,0xAF,0xB8,0x20,0xEC,0xA1,0xB4,
    0xEC,0x9E,0xAC,0xED,0x95,0xA9,0xEB,0x8B,0x88,0xEB,0x8B,0xA4,
    0x2E,0xCA,0x00,0xF1,0x05,0x66,0x69,0x74,0x54,0x6F,0x4D,0x65,
    0x73,0x68,0x42,0x6F,0x75,0x6E,0x64,0x73,0x53,0x75,0x66,0x66,
    0x69,0xBC,0x05,0x22,0x20,0x28,0xCF,0x0E,0xB2,0xED,0x95,0x9C,
    0x20,0xEA,0xB2,0xBD,0xEC,0x9A,0xB0,0x20,0x96,0x0B,0xB2,0x20,
    0xEA,0xB2,0xBD,0xEA,0xB3,0x84,0xEC,0x97,0x90,0x20,0x27,0x12,
    0x06,0xD9,0x00,0xF2,0x14,0x78,0x72,0x56,0x69,0x65,0x77,0x52,
    0x65,0x71,0x75,0x69,0x72,0x65,0x73,0x43,0x61,0x6D,0x65,0x72,
    0x61,0x22,0x3A,0x20,0x22,0x58,0x52,0x20,0x56,0x69,0x65,0x77,
    0xEB,0x8A,0x94,0x20,0x15,0x00,0x0D,0xAE,0x00,0xF3,0x07,0xEC,
    0x9E,0x88,0xEB,0x8A,0x94,0x20,0xEC,0x97,0x94,0xED,0x8B,0xB0,
    0xED,0x8B,0xB0,0xEC,0x97,0x90,0xEB,0xA7,0x8C,0x0D,0x01,0xEC,
    0xED,0x95,0xA0,0x20,0xEC,0x88,0x98,0x20,0xEC,0x9E,0x88,0xEC,
    0x8A,0xB5,0xC2,0x00,0xF5,0x00,0x73,0x65,0x72,0x76,0x69,0x63,
    0x65,0x73,0x55,0x6E,0x61,0x76,0x61,0x69,0x6C,0x9A,0x0F,0xF5,
    0x03,0x84,0x9C,0xEB,0xB9,0x84,0xEC,0x8A,0xA4,0xEB,0xA5,0xBC,
    0x20,0xEC,0x82,0xAC,0xEC,0x9A,0xA9,0x48,0x00,0x2F,0x97,0x86,
    0x48,0x00,0x00,0x02,0xFB,0x02,0x02,0x4D,0x00,0x0B,0x4C,0x00,
    0x6F,0x57,0x6F,0x72,0x6C,0x64,0x20,0x52,0x00,0x1E,0x5F,0x61,
    0x73,0x73,0x65,0x74,0x52,0x00,0x03,0x5F,0x41,0x73,0x73,0x65,
    0x74,0x52,0x00,0x1F,0x91,0x65,0x6E,0x74,0x69,0x74,0x79,0x47,
    0x6F,0x6E,0x78,0x05,0x02,0x76,0x02,0x01,0xFD,0x01,0x04,0x38,
    0x01,0x01,0xFA,0x01,0x95,0x8D,0x94,0x20,0xEC,0x9D,0xB4,0xEC,
    0x83,0x81,0xF7,0x01,0x8F,0x98,0xEC,0xA7,0x80,0x20,0xEC,0x95,
    0x8A,0xF7,0x00,0x00,0x14,0x63,0x8A,0x02,0x24,0x41,0x64,0x04,
    0x05,0x07,0x4A,0x02,0x03,0x82,0x01,0x75,0xEB,0x90,0xA8,0x3A,
    0x20,0x7B,0x7D,0x36,0x02,0x05,0x35,0x00,0x44,0x52,0x65,0x6D,
    0x6F,0xA8,0x03,0x09,0x37,0x00,0x5F,0xA0,0x9C,0xEA,0xB1,0xB0,
    0x37,0x00,0x06,0x61,0x4D,0x6F,0x76,0x65,0x64,0x55,0xD7,0x0F,
    0x08,0xB8,0x02,0x01,0xAB,0x01,0x21,0x9C,0x84,0xD0,0x04,0x7F,
    0x9D,0xB4,0xEB,0x8F,0x99,0xED,0x95,0x78,0x00,0x04,0x01,0x41,
    0x00,0x31,0x44,0x6F,0x77,0x61,0x03,0x0D,0x43,0x00,0x5F,0x95,
    0x84,0xEB,0x9E,0x98,0x46,0x00,0x10,0x06,0xD9,0x19,0x82,0x20,
    0x20,0x22,0x67,0x65,0x6E,0x65,0x72,0x13,0x07,0x08,0x51,0x00,
    0x04,0xF4,0x00,0x02,0x56,0x06,0x65,0x6E,0x73,0x66,0x6F,0x72,
    0x6D,0x51,0x06,0x68,0x9C,0xEC,0x8A,0xA4,0xED,0x8F,0xDC,0x09,
    0x58,0x72,0x65,0x63,0x74,0x54,0x28,0x00,0x56,0x52,0x65,0x63,
    0x74,0x20,0x12,0x00,0x03,0x01,0x05,0x44,0x20,0x20,0x22,0x6C,
    0x05,0x0E,0x0F,0xF8,0x0D,0x01,0x52,0x63,0x61,0x6E,0x76,0x61,
    0x98,0x04,0x5A,0xBA,0x94,0xEB,0xB2,0x84,0x3E,0x09,0x61,0x75,
    0x69,0x50,0x61,0x6E,0x65,0xA2,0x10,0x88,0x55,0x49,0x20,0xED,
    0x8C,0xA8,0xEB,0x84,0xD1,0x06,0x52,0x75,0x69,0x49,0x6D,0x61,
    0x94,0x0B,0x21,0x55,0x49,0x4A,0x01,0x45,0xAF,0xB8,0xEC,0xA7,
    0x54,0x04,0x63,0x20,0x20,0x22,0x75,0x69,0x54,0xDB,0x07,0x32,
    0x55,0x49,0x20,0x9D,0x07,0x0A,0xEB,0x00,0x53,0x75,0x69,0x42,
    0x75,0x74,0xE7,0x09,0x88,0x55,0x49,0x20,0xEB,0xB2,0x84,0xED,
    0x8A,0xE7,0x00,0x53,0x75,0x69,0x54,0x6F,0x67,0xFE,0x04,0x8A,
    0x55,0x49,0x20,0xED,0x86,0xA0,0xEA,0xB8,0x61,0x00,0x33,0x53,
    0x6C,0x69,0xC6,0x09,0x63,0x55,0x49,0x20,0xEC,0x8A,0xAC,0xDA,
    0x10,0x18,0x8D,0x4F,0x17,0xB2,0x75,0x69,0x50,0x72,0x6F,0x67,
    0x72,0x65,0x73,0x73,0x42,0xA6,0x05,0xA2,0x55,0x49,0x20,0xEC,
    0xA7,0x84,0xED,0x96,0x89,0x20,0xB4,0x06,0x28,0xEC,0xA4,0x9D,
    0x06,0x71,0x75,0x69,0x4C,0x61,0x79,0x6F,0x75,0x19,0x08,0x24,
    0x55,0x49,0x30,0x0F,0x57,0x95,0x84,0xEC,0x9B,0x83,0x58,0x01,
    0x52,0x73,0x74,0x61,0x74,0x75,0x3B,0x01,0x48,0x83,0x81,0xED,
    0x83,0x38,0x0A,0x81,0x68,0x69,0x65,0x72,0x61,0x72,0x63,0x68,
    0x30,0x0C,0x58,0xEA,0xB3,0x84,0xEC,0xB8,0x50,0x17,0x0F,0x7D,
    0x10,0x06,0x02,0x74,0x1A,0x03,0xC7,0x13,0x07,0x73,0x1A,0x28,
    0xED,0x84,0x9A,0x08,0x0D,0x8F,0x16,0x13,0x47,0x11,0x00,0x12,
    0x20,0xA1,0x16,0x06,0xA2,0x00,0x15,0x63,0x19,0x05,0x79,0xEC,
    0xB9,0xB4,0xEB,0xA9,0x94,0xEB,0x1E,0x0C,0x02,0x45,0x05,0x07,
    0x37,0x05,0x07,0xDC,0x00,0x07,0x1A,0x18,0x01,0x84,0x02,0x48,
    0x99,0x98,0xEA,0xB2,0xB1,0x09,0x42,0x72,0x65,0x66,0x6C,0xE8,
    0x0D,0x41,0x50,0x72,0x6F,0x62,0x25,0x04,0xF7,0x07,0xEB,0xA6,
    0xAC,0xED,0x94,0x8C,0xEB,0xA0,0x89,0xEC,0x85,0x98,0x20,0xED,
    0x94,0x84,0xEB,0xA1,0x9C,0xEB,0xB8,0x8C,0x54,0x00,0x14,0x6C,
    0x7C,0x16,0x02,0xA2,0x01,0x0A,0x08,0x02,0x13,0x70,0x14,0x12,
    0x52,0x45,0x6D,0x69,0x74,0x74,0xB4,0x10,0x07,0x13,0x12,0x01,
    0x5C,0x06,0x0A,0x06,0x01,0x81,0x72,0x69,0x67,0x69,0x64,0x42,
    0x6F,0x64,0x63,0x01,0xE8,0xEB,0xA6,0xAC,0xEC,0xA7,0x80,0xEB,
    0x93,0x9C,0xEB,0xB0,0x94,0xEB,0x94,0xFA,0x01,0x45,0x62,0x6F,
    0x78,0x53,0x90,0x0C,0x01,0x1D,0x0C,0x98,0x20,0xEC,0x85,0xB0,
    0xEC,0x9D,0xB4,0xED,0x94,0xF2,0x01,0x65,0x73,0x70,0x68,0x65,
    0x72,0x65,0x2A,0x00,0x01,0xD4,0x17,0x11,0xBC,0x76,0x1A,0x0F,
    0x2D,0x00,0x00,0x67,0x63,0x61,0x70,0x73,0x75,0x6C,0x2E,0x00,
    0x5F,0xBA,0xA1,0xEC,0x8A,0x90,0x2B,0x00,0x02,0x02,0x5A,0x0D,
    0x01,0x18,0x08,0x07,0x57,0x0D,0x07,0x15,0x01,0x61,0x70,0x72,
    0x65,0x66,0x61,0x62,0x64,0x01,0x87,0x94,0x84,0xEB,0xA6,0xAC,
    0xED,0x8C,0xB9,0x1E,0x00,0x04,0xCE,0x13,0x0D,0x23,0x14,0x02,
    0xDE,0x08,0x05,0xE6,0x08,0x89,0x63,0x61,0x74,0x65,0x67,0x6F,
    0x72,0x79,0x68,0x04,0x22,0x63,0x6F,0x36,0x0B,0x3A,0xEC,0xBD,
    0x94,0xEC,0x11,0x11,0x75,0xE8,0x0D,0x18,0x55,0xDA,0x0D,0x02,
    0xE3,0x0E,0x03,0x65,0x10,0x03,0xE1,0x0E,0x27,0xA7,0x81,0x8A,
    0x00,0x0F,0x0F,0x1D,0x14,0x01,0xE4,0x01,0x04,0x47,0x00,0x01,
    0x63,0x14,0x28,0xED,0x8C,0xFE,0x15,0x43,0x70,0x68,0x79,0x73,
    0x08,0x09,0x58,0xEB,0xAC,0xBC,0xEB,0xA6,0xD4,0x17,0x0F,0xAE,
    0x02,0x0B,0x02,0x4A,0x01,0x03,0x5B,0x00,0x06,0x4D,0x01,0x2C,
    0x8C,0x85,0x0C,0x01,0x03,0x83,0x10,0x09,0x0B,0x01,0x32,0x74,
    0x69,0x74,0x41,0x09,0x02,0x98,0x02,0x02,0x08,0x13,0x07,0xDE,
    0x00,0x0A,0x6E,0x13,0x08,0x82,0x06,0x52,0x20,0x20,0x22,0x72,
    0x6F,0x43,0x0E,0x6B,0xEB,0xA3,0xA8,0xED,0x8A,0xB8,0x1D,0x00,
    0x01,0x7B,0x07,0x13,0x52,0x22,0x00,0x7F,0xEC,0x97,0x90,0xEC,
    0x85,0x8B,0x20,0x29,0x00,0x02,0xB1,0x64,0x65,0x66,0x61,0x75,
    0x6C,0x74,0x53,0x63,0x65,0x6E,0x2F,0x03,0x02,0x5E,0x11,0x4B,
    0x20,0xEC,0x94,0xAC,0x52,0x00,0x35,0x6E,0x6F,0x50,0xC2,0x00,
    0x28,0x22,0x28,0xB1,0x00,0x01,0x50,0x08,0x3C,0x9D,0x8C,0x29,
    0xF2,0x00,0x02,0xAD,0x07,0x0F,0xF1,0x00,0x03,0x05,0xE9,0x08,
    0x07,0xEE,0x00,0x08,0x52,0x0C,0x01,0x7D,0x00,0x0B,0x42,0x01,
    0x08,0xBE,0x04,0x03,0x90,0x20,0x83,0x20,0x20,0x22,0x63,0x68,
    0x69,0x6C,0x64,0x6A,0x0A,0x61,0xEC,0x9E,0x90,0xEC,0x8B,0x9D,
    0x3C,0x00,0x06,0x6E,0x04,0x73,0x70,0x61,0x72,0x65,0x6E,0x74,
    0x55,0xAF,0x0C,0x75,0xEB,0xB6,0x80,0xEB,0xAA,0xA8,0x20,0x64,
    0x00,0x0C,0x28,0x00,0x01,0x09,0x01,0x04,0x39,0x01,0x02,0x2D,
    0x00,0x63,0x3A,0x20,0x3C,0xEC,0x94,0xAC,0x3F,0x01,0x1C,0x3E,
    0xE6,0x00,0x17,0x74,0xED,0x06,0x06,0x96,0x00,0x27,0x64,0x69,
    0xB2,0x13,0x6C,0xEB,0xB0,0xA9,0xED,0x96,0xA5,0x39,0x00,0x0C,
    0x2A,0x07,0x06,0x3D,0x00,0x62,0x61,0x6E,0x63,0x68,0x6F,0x72,
    0xC3,0x05,0x49,0x95,0xB5,0xEC,0xBB,0x5D,0x10,0x03,0x78,0x1F,
    0x0D,0x62,0x0F,0x02,0x35,0x00,0x12,0x4D,0xEE,0x0D,0x02,0x37,
    0x00,0x12,0x20,0x2A,0x16,0x07,0x63,0x01,0x03,0x25,0x00,0x11,
    0x61,0xE2,0x0A,0x06,0x25,0x00,0x0A,0x09,0x21,0x0C,0x49,0x14,
    0x0B,0x87,0x01,0x01,0x4C,0x03,0x09,0xD6,0x01,0x72,0x6B,0x69,
    0x6E,0x64,0x4C,0x61,0x62,0x91,0x07,0x0D,0x77,0x19,0x03,0x90,
    0x19,0x05,0xDF,0x00,0x01,0x7B,0x0C,0x03,0x1E,0x01,0x03,0x43,
    0x04,0x89,0x94,0x94,0xEB,0xA0,0x89,0xEC,0x85,0x94,0xC7,0x07,
    0x53,0x20,0x20,0x22,0x70,0x6F,0x07,0x0F,0x69,0xED,0x8F,0xAC,
    0xEC,0x9D,0xB8,0x9B,0x05,0x52,0x20,0x20,0x22,0x73,0x70,0x02,
    0x03,0x01,0x85,0x08,0x1C,0xAC,0x1E,0x00,0xC1,0x72,0x65,0x63,
    0x74,0x61,0x6E,0x67,0x6C,0x65,0x41,0x72,0x65,0x86,0x0B,0xF3,
    0x01,0xEC,0x82,0xAC,0xEA,0xB0,0x81,0xED,0x98,0x95,0x20,0xEC,
    0x98,0x81,0xEC,0x97,0xAD,0x91,0x01,0x06,0xB0,0x04,0x04,0x7B,
    0x1F,0x01,0x18,0x05,0x0C,0xE7,0x10,0x0F,0x18,0x1B,0x0B,0x0F,
    0x05,0x14,0x08,0x0F,0x3D,0x14,0x0A,0x05,0xC3,0x1B,0x01,0x4B,
    0x05,0x0F,0xBC,0x1B,0x08,0x05,0x90,0x16,0x01,0x9D,0x00,0x0F,
    0x89,0x16,0x08,0x0F,0xDC,0x0E,0x07,0x0F,0xE3,0x1C,0x08,0x0F,
    0x7A,0x21,0x1D,0x0F,0x33,0x10,0x00,0x0B,0x26,0x02,0x05,0xC6,
    0x07,0x05,0xF8,0x01,0x0B,0x95,0x10,0x05,0x31,0x02,0x01,0xC4,
    0x10,0x0F,0x9A,0x10,0x04,0x09,0x32,0x00,0x08,0x74,0x02,0x02,
    0x33,0x1B,0x03,0x3F,0x02,0x47,0xA1,0x9C,0xEC,0xBB,0xB2,0x05,
    0x02,0x04,0x09,0x02,0x00,0x0A,0x02,0x16,0x12,0x6F,0xEC,0x9D,
    0xB4,0xEC,0xA7,0x80,0xF0,0x01,0x01,0x07,0x49,0x12,0x05,0x91,
    0x00,0x02,0x34,0x00,0x0C,0x4A,0x12,0x07,0x46,0x03,0x07,0x35,
    0x00,0x0B,0x94,0x00,0x61,0x73,0x69,0x6E,0x67,0x6C,0x65,0x5D,
    0x12,0x61,0x53,0x74,0x65,0x72,0x65,0x6F,0xAE,0x01,0x55,0x8B,
    0xB1,0xEA,0xB8,0x80,0x61,0x12,0x11,0x84,0x9B,0x1F,0x04,0x61,
    0x00,0x0F,0x95,0x00,0x01,0x0F,0xD9,0x20,0x15,0x34,0x72,0x75,
    0x6E,0x41,0x12,0x88,0xEB,0x9F,0xB0,0xED,0x83,0x80,0xEC,0x9E,
    0x3D,0x08,0x51,0x6F,0x70,0x65,0x6E,0x78,0xA8,0x10,0x6B,0x4F,
    0x70,0x65,0x6E,0x58,0x52,0x18,0x05,0x51,0x6D,0x69,0x72,0x72,
    0x6F,0x1F,0x00,0x5C,0xEB,0xAF,0xB8,0xEB,0x9F,0xF0,0x05,0x12,
    0x72,0x94,0x1D,0x52,0x53,0x65,0x73,0x73,0x69,0xEF,0x14,0x93,
    0x58,0x52,0x20,0xEC,0x84,0xB8,0xEC,0x85,0x98,0x9C,0x1D,0x08,
    0x12,0x01,0x02,0x26,0x00,0x14,0x48,0xAF,0x03,0x01,0x0A,0x26,
    0xA5,0xED,0x99,0x94,0xEB,0x90,0x9C,0x20,0x58,0x52,0x20,0xE7,
    0x09,0x33,0xEA,0xB0,0x80,0x58,0x22,0x71,0x20,0xEC,0x83,0x81,
    0xED,0x83,0x9C,0xB0,0x0D,0x53,0x90,0x98,0xEB,0xA9,0xB4,0x5C,
    0x00,0x42,0xEC,0x9D,0xB4,0x20,0x75,0x18,0x25,0xEB,0x90,0xAD,
    0x0F,0x0B,0x5C,0x02,0x07,0x08,0x0B,0x06,0x5E,0x02,0x15,0x6C,
    0x1B,0x0B,0x03,0x50,0x0C,0x0C,0x18,0x0B,0x0F,0x71,0x19,0x01,
    0x27,0x50,0x78,0xC5,0x00,0x08,0x50,0x1D,0x6A,0xEB,0xA7,0x88,
    0xEC,0xA7,0x84,0x20,0x00,0x0F,0x76,0x15,0x01,0x09,0x21,0x00,
    0x0F,0x90,0x24,0x06,0x09,0x26,0x00,0x0F,0x10,0x05,0x00,0x06,
    0x62,0x20,0x97,0x22,0x3A,0x20,0x22,0xEA,0xB0,0x80,0xEB,0xA1,
    0xB7,0x0B,0x07,0xF6,0x12,0x01,0x4F,0x02,0x01,0xF1,0x12,0x06,
    0xB8,0x00,0x52,0x20,0x20,0x22,0x67,0x72,0xDD,0x06,0x96,0xEA,
    0xB7,0xB8,0xEB,0xA6,0xAC,0xEB,0x93,0x9C,0x56,0x02,0x0B,0x3B,
    0x01,0x02,0x30,0x09,0x01,0xF7,0x01,0x06,0x3B,0x01,0x45,0x6D,
    0x6F,0x64,0x65,0xFE,0x02,0x0D,0x67,0x18,0x0F,0xF2,0x16,0x10,
    0x01,0x5D,0x1B,0x01,0xBB,0x00,0x11,0xB7,0x66,0x14,0x09,0x2E,
    0x03,0x02,0x73,0x00,0x03,0x44,0x02,0x08,0x3F,0x0C,0x0A,0xB2,
    0x26,0x0F,0x79,0x1A,0x38,0x0F,0x32,0x1F,0x06,0x0F,0xEB,0x16,
    0x07,0x04,0x48,0x03,0x0D,0x89,0x15,0x63,0x72,0x65,0x73,0x65,
    0x74,0x54,0x66,0x03,0x02,0x1E,0x00,0x01,0x0A,0x1B,0x2A,0x84,
    0xA4,0x7E,0x1B,0x32,0x65,0x64,0x69,0x55,0x16,0x04,0xBA,0x26,
    0xC6,0x9E,0x98,0xED,0x94,0x84,0x20,0xED,0x8E,0xB8,0xEC,0xA7,
    0x91,0xAD,0x01,0x02,0x91,0x13,0x13,0x53,0x53,0x01,0x71,0x4F,
    0x76,0x65,0x72,0x72,0x69,0x64,0x79,0x09,0x08,0x4D,0x18,0x01,
    0x62,0x00,0x6D,0xA0,0x95,0xEC,0x9D,0x98,0x20,0xB8,0x13,0x07,
    0x6C,0x1C,0x04,0x47,0x00,0x01,0x16,0x02,0x07,0x8C,0x18,0x06,
    0x3F,0x00,0x07,0x79,0x00,0x53,0x66,0x72,0x6F,0x6D,0x4D,0xE2,
    0x0D,0x12,0x28,0xCA,0x12,0x65,0xEC,0x97,0x90,0xEC,0x84,0x9C,
    0xBF,0x12,0xC5,0x20,0x20,0x22,0x6E,0x6F,0x53,0x6B,0x69,0x6E,
    0x6E,0x65,0x64,0x2A,0x00,0x64,0xEC,0x8A,0xA4,0xED,0x82,0xA8,
    0xFB,0x12,0x0B,0xCA,0x13,0x01,0x32,0x00,0x51,0x47,0x72,0x61,
    0x70,0x68,0xAD,0x08,0x08,0x15,0x0A,0x48,0xEC,0x97,0x90,0x20,
    0xED,0x01,0x36,0xED,0x84,0xB0,0x02,0x05,0x3F,0xEA,0xB0,0x80,
    0x85,0x12,0x03,0x51,0x20,0x20,0x22,0x6D,0x6F,0x10,0x01,0x05,
    0x9E,0x02,0x05,0x56,0x05,0x32,0x43,0x6C,0x69,0x31,0x11,0x02,
    0x4F,0x05,0x01,0x5A,0x27,0x07,0xFC,0x0D,0x01,0x07,0x03,0x0D,
    0xCA,0x24,0x02,0xFF,0x02,0x0E,0x08,0x03,0x02,0xB7,0x0B,0x08,
    0xBE,0x05,0x24,0x22,0x6E,0x56,0x12,0x01,0xEC,0x14,0x51,0x20,
    0x28,0x4C,0x75,0x61,0xAA,0x05,0x04,0x1E,0x0D,0x08,0x28,0x01,
    0x74,0x64,0x69,0x61,0x6C,0x6F,0x67,0x54,0xBF,0x0B,0x0C,0x2B,
    0x00,0x12,0x20,0x9A,0x12,0x07,0x7E,0x01,0x72,0x63,0x68,0x6F,
    0x6F,0x73,0x65,0x54,0xC2,0x00,0x01,0xBB,0x00,0xAB,0xAD,0xED,
    0x95,0x98,0xEC,0x97,0xAC,0x20,0x2E,0x6C,0x68,0x00,0x33,0xEB,
    0xA5,0xBC,0x40,0x00,0xBE,0xED,0x95,0x98,0xEA,0xB1,0xB0,0xEB,
    0x82,0x98,0x2C,0x20,0x62,0x00,0x01,0xD4,0x0B,0xA1,0xEC,0x9D,
    0x84,0x20,0xEC,0x97,0xAC,0xEA,0xB8,0xB0,0x8F,0x14,0x41,0x93,
    0x9C,0xEB,0xA1,0x58,0x00,0x55,0x84,0xB8,0xEC,0x9A,0x94,0xE5,
    0x14,0x05,0xB1,0x15,0x03,0x80,0x00,0x0C,0x4D,0x00,0x09,0x72,
    0x00,0x0E,0x3C,0x00,0x91,0x64,0x72,0x6F,0x70,0x4E,0x6F,0x74,
    0x4C,0x75,0x46,0x09,0x02,0x65,0x00,0x35,0xEB,0x90,0x9C,0x83,
    0x00,0x1D,0x80,0x9E,0x00,0x01,0xE0,0x01,0x5B,0x95,0x84,0xEB,
    0x8B,0x99,0xAD,0x14,0xB4,0x20,0x20,0x22,0x6D,0x75,0x73,0x74,
    0x42,0x65,0x49,0x6E,0x64,0x0B,0x06,0x34,0x0D,0x53,0x8A,0xB8,
    0xEB,0x8A,0x94,0xA3,0x0F,0x02,0x0B,0x0D,0x03,0x63,0x00,0x03,
    0x7B,0x0B,0x41,0x20,0xEB,0x82,0xB4,0x57,0x02,0x97,0x9E,0x88,
    0xEC,0x96,0xB4,0xEC,0x95,0xBC,0x20,0xD0,0x15,0x02,0xE9,0x01,
    0x05,0x7A,0x0E,0x01,0x00,0x0D,0x03,0xCD,0x20,0x05,0x4B,0x02,
    0x0F,0xE2,0x10,0x07,0x0F,0xE4,0x04,0x10,0x0F,0xC7,0x04,0x14,
    0x0D,0x06,0x11,0x0F,0x95,0x27,0x0E,0x0F,0x49,0x1A,0x0C,0x01,
    0xCA,0x00,0x01,0xE2,0x03,0x01,0xF2,0x01,0x03,0xDA,0x05,0x0A,
    0xE9,0x00,0x1D,0x46,0x96,0x2D,0x0C,0xCD,0x02,0x29,0x7B,0x7D,
    0xBF,0x02,0x33,0x72,0x6F,0x70,0x0C,0x02,0x23,0x7B,0x7D,0x65,
    0x01,0x0F,0x4B,0x02,0x23,0x0A,0x3F,0x00,0x01,0xF6,0x02,0x0F,
    0x80,0x02,0x02,0x01,0xF7,0x04,0x03,0x73,0x00,0x61,0xEC,0xB0,
    0xB8,0xEC,0xA1,0xB0,0x75,0x02,0x5E,0xA7,0x80,0xEC,0x9B,0x81,
    0x24,0x02,0x93,0x64,0x72,0x6F,0x70,0x52,0x65,0x6A,0x65,0x63,
    0x13,0x26,0x02,0x74,0x02,0x02,0xE9,0x15,0x01,0xCB,0x0E,0x02,
    0x8E,0x1A,0xD3,0xEC,0x9D,0x80,0x20,0xEC,0x9D,0xB4,0x20,0xED,
    0x95,0x84,0xEB,0x93,0xCE,0x04,0x03,0x5D,0x2E,0x2F,0xEB,0x90,
    0xF3,0x15,0x00,0x0F,0x24,0x02,0x01,0x41,0x50,0x69,0x63,0x6B,
    0xD8,0x11,0x06,0x26,0x02,0x64,0x73,0x65,0x6C,0x65,0x63,0x74,
    0xDE,0x00,0x01,0xD4,0x00,0x07,0xCA,0x03,0x21,0x6E,0x6F,0xBC,
    0x16,0x11,0x73,0x93,0x01,0x25,0x9D,0xB4,0x8B,0x00,0x85,0x98,
    0x20,0xEC,0x86,0x8C,0xEC,0x8A,0xA4,0x4F,0x01,0x1B,0xB4,0xE3,
    0x04,0x0B,0x7E,0x00,0x07,0x44,0x11,0x07,0x7B,0x00,0x33,0x6F,
    0x75,0x72,0x7B,0x1A,0x01,0x4D,0x00,0x07,0x78,0x00,0x0F,0xDD,
    0x04,0x00,0x12,0x2C,0x53,0x00,0x0A,0x4D,0x00,0x09,0x56,0x25,
    0x07,0x40,0x00,0x0F,0x67,0x02,0x0C,0x03,0x1F,0x00,0x0F,0xB0,
    0x1C,0x0C,0x04,0x7A,0x06,0x01,0xFE,0x00,0x08,0x69,0x00,0x0F,
    0xBF,0x25,0x08,0x38,0x61,0x64,0x64,0xE8,0x06,0x0F,0x36,0x00,
    0x09,0x0B,0xFD,0x19,0x82,0x20,0x20,0x22,0x66,0x6F,0x72,0x6B,
    0x42,0x4B,0x2E,0x01,0x22,0x0D,0xCA,0xB9,0x8C,0xED,0x8A,0xB8,
    0xEC,0x9D,0xB8,0x20,0xED,0x8F,0xAC,0xE8,0x2C,0x07,0x2A,0x00,
    0x03,0x68,0x02,0x06,0x2D,0x00,0x48,0x50,0x42,0x52,0x20,0x78,
    0x00,0x04,0x2B,0x02,0x01,0x9D,0x07,0x16,0x20,0xE8,0x19,0x08,
    0xC1,0x06,0xB1,0x20,0x2E,0x76,0x6D,0x61,0x74,0x2E,0x6A,0x73,
    0x6F,0x6E,0x96,0x22,0x5E,0xA7,0x8C,0xEB,0x93,0xAD,0xAB,0x02,
    0x03,0x3B,0x22,0x64,0x79,0x42,0x6C,0x6F,0x63,0x6B,0x30,0x13,
    0xE8,0xA1,0x9C,0xED,0x8D,0xBC,0xED,0x8B,0xB0,0x20,0xEB,0xB8,
    0x94,0xEB,0xA1,0x34,0x23,0x43,0x61,0x64,0x64,0x50,0x32,0x00,
    0x0D,0x2D,0x00,0x0D,0xFD,0x00,0x11,0x72,0x5D,0x18,0x0F,0x30,
    0x00,0x07,0x57,0xA0,0x9C,0xEA,0xB1,0xB0,0xE3,0x01,0x41,0x61,
    0x64,0x64,0x53,0x41,0x02,0x08,0x33,0x00,0x03,0x96,0x02,0x02,
    0xDB,0x00,0x03,0x97,0x00,0x0D,0x6A,0x00,0x63,0x63,0x75,0x73,
    0x74,0x6F,0x6D,0x69,0x01,0x21,0x49,0x64,0xDC,0x02,0x21,0xBB,
    0xA4,0x09,0x0D,0x26,0x80,0x20,0x48,0x01,0x09,0xEA,0x1D,0x03,
    0xFA,0x00,0x03,0x35,0x23,0x08,0x60,0x00,0x07,0x93,0x00,0x22,
    0x73,0x61,0x6E,0x2A,0x08,0x7E,0x01,0x7B,0x20,0xEC,0xA0,0x80,
    0xEC,0x9E,0xA5,0x26,0x00,0x01,0x75,0x00,0x0F,0x27,0x00,0x00,
    0x0B,0x7B,0x19,0x03,0x54,0x00,0x42,0x46,0x61,0x69,0x6C,0x1F,
    0x1D,0x0F,0x33,0x00,0x00,0x69,0x20,0xEC,0x8B,0xA4,0xED,0x8C,
    0x3A,0x19,0x02,0x08,0x12,0x1F,0x73,0x38,0x00,0x06,0x01,0x5C,
    0x05,0x7F,0x20,0xED,0x8C,0x8C,0xEC,0x8B,0xB1,0x3F,0x00,0x03,
    0xD1,0x6E,0x6F,0x53,0x68,0x61,0x64,0x65,0x72,0x50,0x61,0x72,
    0x61,0x6D,0x00,0x03,0x01,0xE3,0x03,0x01,0x88,0x15,0x3F,0xEB,
    0x8D,0x94,0x53,0x02,0x05,0x09,0x9F,0x00,0xB2,0xED,0x8C,0x8C,
    0xEB,0x9D,0xBC,0xEB,0xAF,0xB8,0xED,0x84,0x00,0x05,0x21,0xB0,
    0xBE,0x77,0x05,0x2A,0x88,0x98,0x2C,0x04,0x06,0x57,0x00,0x12,
    0x20,0x95,0x16,0xF6,0x0D,0xEB,0xB8,0x8C,0xEB,0x9F,0xAC,0xEB,
    0xA6,0xAC,0xEA,0xB0,0x80,0x20,0xEB,0xA1,0x9C,0xEB,0x93,0x9C,
    0xEB,0x90,0x98,0xEC,0x97,0x88,0xEA,0xB3,0xA0,0x2D,0x00,0x01,
    0x1D,0x00,0x07,0xB2,0x29,0x0E,0x70,0x00,0xFF,0x06,0x84,0xA0,
    0xEC,0x96,0xB8,0xED,0x95,0x98,0xEB,0x8A,0x94,0xEC,0xA7,0x80,
    0x20,0xED,0x99,0x95,0xEC,0x9D,0xB8,0xB1,0x05,0x02,0x9B,0x6E,
    0x6F,0x45,0x78,0x70,0x6F,0x73,0x65,0x64,0xF0,0x00,0x01,0x97,
    0x04,0x01,0x6D,0x08,0x89,0x85,0xB8,0xEC,0xB6,0x9C,0xEB,0x90,
    0x9C,0x66,0x00,0x03,0xFA,0x07,0x3A,0xEC,0xA7,0x81,0xD2,0x00,
    0x07,0xED,0x01,0xB3,0x75,0x6E,0x73,0x75,0x70,0x70,0x6F,0x72,
    0x74,0x65,0x64,0xA1,0x07,0x01,0x9D,0x1E,0x26,0x9B,0x90,0xB4,
    0x05,0x06,0x08,0x08,0x04,0xB1,0x02,0x0C,0x88,0x28,0x0F,0x45,
    0x0D,0x00,0x1F,0x62,0x27,0x04,0x00,0x06,0x77,0x00,0x41,0x20,
    0x20,0x22,0x73,0xC0,0x01,0x01,0xDC,0x02,0x04,0xB6,0x01,0x09,
    0x20,0x00,0x14,0x67,0xCE,0x2A,0x06,0xC6,0x0C,0x04,0x61,0x05,
    0x04,0x6F,0x07,0x03,0xF7,0x02,0x03,0xB8,0x00,0x05,0xB8,0x05,
    0x04,0x1A,0x30,0x99,0x22,0x3A,0x20,0x22,0x46,0x6C,0x6F,0x61,
    0x74,0x58,0x00,0x01,0xCF,0x31,0x01,0x77,0x00,0x0B,0x54,0x12,
    0xF5,0x02,0x20,0x20,0x22,0x74,0x65,0x78,0x74,0x75,0x72,0x65,
    0x32,0x44,0x22,0x3A,0x20,0x22,0x54,0x0D,0x00,0x05,0x78,0x00,
    0x02,0x09,0x00,0x04,0x7F,0x00,0x05,0x35,0x06,0x12,0x53,0x3F,
    0x24,0x05,0x81,0x00,0x0F,0x50,0x24,0x08,0x52,0x6C,0x6F,0x74,
    0x30,0x44,0xE5,0x15,0x01,0x84,0x00,0x01,0x71,0x24,0x53,0x20,
    0x30,0x20,0x2D,0x20,0xEB,0x15,0x08,0xA2,0x02,0x06,0xB8,0x00,
    0x02,0x39,0x00,0x45,0x4C,0x6F,0x61,0x64,0xDC,0x16,0x05,0x39,
    0x00,0x03,0x08,0x1F,0x08,0x39,0x00,0x01,0x95,0x02,0x2B,0x94,
    0xA9,0x02,0x28,0x04,0xAF,0x00,0x11,0x4E,0xBC,0x05,0x08,0x9A,
    0x02,0x06,0x4C,0x1D,0x03,0x6B,0x00,0x06,0x40,0x14,0x02,0xA1,
    0x00,0x4E,0x7B,0x7D,0x20,0x2D,0x26,0x00,0x44,0x55,0x6E,0x6B,
    0x6E,0xF5,0x1C,0x07,0x28,0x00,0x34,0xEC,0x95,0x8C,0x45,0x03,
    0x39,0xEB,0x8A,0x94,0x04,0x03,0x07,0xD2,0x00,0x43,0x6B,0x65,
    0x65,0x70,0x39,0x01,0x07,0x3E,0x00,0x59,0xEC,0x9C,0xA0,0xEC,
    0xA7,0xBB,0x1B,0x84,0x73,0x65,0x64,0x42,0x79,0x53,0x75,0x62,
    0x2E,0x0A,0x62,0xEC,0x84,0x9C,0xEB,0xB8,0x8C,0xF5,0x00,0x03,
    0xE7,0x03,0x02,0x50,0x1F,0x0E,0x9B,0x04,0x12,0x74,0xE1,0x0B,
    0x09,0x1A,0x01,0x05,0x4E,0x02,0x0C,0x24,0x07,0x01,0xAB,0x00,
    0x0F,0x4B,0x01,0x00,0x03,0x6A,0x01,0xF6,0x01,0xED,0x95,0x98,
    0xEB,0x82,0x98,0xEB,0xA5,0xBC,0x20,0xEB,0x8C,0x80,0xEC,0xB2,
    0xB4,0xBD,0x20,0x03,0x41,0x05,0xA1,0xEB,0x90,0x98,0xEB,0x8A,
    0x94,0x20,0xEA,0xB0,0x92,0x09,0x09,0xF3,0x00,0x97,0xAC,0xEC,
    0xA0,0x84,0xED,0x9E,0x88,0x20,0xEC,0x88,0xAB,0xEC,0x9E,0x90,
    0x47,0x00,0x34,0xEC,0x9E,0x85,0xB5,0x06,0x0B,0x4C,0x02,0x05,
    0x0F,0x03,0x06,0x46,0x02,0x51,0x6C,0x69,0x62,0x72,0x61,0xAF,
    0x19,0x03,0x26,0x19,0x05,0x78,0x04,0x07,0x47,0x01,0x05,0x38,
    0x00,0x0F,0x47,0x03,0x01,0x71,0x22,0x76,0x65,0x72,0x74,0x65,
    0x78,0xF0,0x01,0x22,0xB2,0x84,0x5A,0x1D,0x07,0x3C,0x00,0x71,
    0x66,0x72,0x61,0x67,0x6D,0x65,0x6E,0x5D,0x09,0xCA,0xED,0x94,
    0x84,0xEB,0x9E,0x98,0xEA,0xB7,0xB8,0xEB,0xA8,0xBC,0xF7,0x18,
    0x02,0x44,0x00,0x17,0x4C,0x8D,0x00,0x04,0x4B,0x00,0x0C,0x0F,
    0x05,0x0F,0x5B,0x00,0x00,0x07,0x37,0x00,0x0B,0x62,0x00,0x0F,
    0x3D,0x00,0x08,0x62,0x63,0x6F,0x6D,0x70,0x75,0x74,0x88,0x0F,
    0x5A,0xBB,0xB4,0xED,0x93,0xA8,0x91,0x00,0x42,0x72,0x61,0x79,
    0x67,0xCC,0x22,0x12,0x52,0x0A,0x00,0x07,0x7A,0x09,0x12,0x69,
    0x47,0x2F,0x47,0x4D,0x69,0x73,0x73,0x8E,0x00,0x91,0x63,0x6C,
    0x6F,0x73,0x65,0x73,0x74,0x48,0x69,0xEB,0x00,0x12,0x43,0x0E,
    0x00,0x37,0x20,0x48,0x69,0x1A,0x04,0x43,0x22,0x61,0x6E,0x79,
    0x20,0x00,0x31,0x41,0x6E,0x79,0x1C,0x00,0x0B,0xA2,0x01,0x02,
    0xFE,0x1A,0x12,0x50,0x52,0x2C,0x06,0xA6,0x01,0x05,0x36,0x1A,
    0x02,0x11,0x1B,0x06,0x57,0x0F,0x4A,0x20,0xED,0x8C,0xA8,0x29,
    0x1F,0x76,0x70,0x69,0x70,0x65,0x6C,0x69,0x6E,0xDE,0x11,0x32,
    0xED,0x8C,0x8C,0x65,0x1C,0x01,0xE0,0x01,0x17,0xB8,0xB2,0x00,
    0x52,0x69,0x6E,0x70,0x75,0x74,0xD8,0x06,0x01,0x1A,0x32,0x07,
    0x1B,0x00,0x35,0x6F,0x75,0x74,0x1C,0x00,0x2A,0xB6,0x9C,0x1C,
    0x00,0xB1,0x64,0x69,0x73,0x70,0x61,0x74,0x63,0x68,0x42,0x79,
    0x4F,0x26,0x00,0x13,0x53,0xA0,0x18,0x02,0x29,0x00,0x03,0xFA,
    0x34,0xF8,0x00,0xEB,0xA1,0x9C,0x20,0xEB,0x94,0x94,0xEC,0x8A,
    0xA4,0xED,0x8C,0xA8,0xEC,0xB9,0x28,0x27,0x04,0x21,0x08,0x02,
    0xBB,0x00,0x03,0xDA,0x02,0x07,0x7C,0x00,0x05,0x07,0x25,0x0F,
    0xED,0x00,0x04,0x01,0x47,0x0C,0x01,0x50,0x08,0x2F,0xED,0x96,
    0x1E,0x23,0x00,0x03,0x42,0x00,0x02,0xF7,0x07,0x22,0x4F,0x70,
    0xC5,0x01,0x03,0x4B,0x00,0x09,0x73,0x00,0x05,0xF5,0x07,0x01,
    0x22,0x01,0x11,0xBC,0x97,0x07,0x2E,0x97,0xB4,0x9B,0x07,0x0B,
    0x9B,0x00,0x02,0x59,0x00,0x32,0x57,0x72,0x69,0x3D,0x02,0x0F,
    0x5A,0x00,0x15,0x2F,0x93,0xB8,0x5A,0x00,0x0A,0x04,0xB7,0x01,
    0x08,0xA0,0x10,0x04,0xE0,0x10,0x03,0xAF,0x25,0x04,0x56,0x04,
    0x19,0xBD,0xF1,0x01,0x0F,0xCB,0x02,0x0E,0x02,0xCD,0x02,0x43,
    0x74,0x72,0x61,0x63,0xD7,0x05,0x02,0x75,0x2F,0x32,0xED,0x8A,
    0xB8,0x09,0x00,0x33,0xEC,0x8B,0xB1,0x62,0x0E,0x0E,0x34,0x11,
    0x02,0x8F,0x02,0x04,0x70,0x2C,0x06,0x90,0x02,0x42,0x72,0x61,
    0x79,0x54,0x51,0x00,0x0B,0x83,0x24,0x73,0xED,0x98,0x84,0xEC,
    0x9E,0xAC,0x20,0x15,0x01,0x62,0xEC,0x9E,0xA5,0xEC,0xB9,0x98,
    0x41,0x05,0x01,0xFB,0x04,0x0D,0x7A,0x00,0x01,0x75,0x01,0x01,
    0x5A,0x05,0x05,0xF2,0x24,0x09,0xAA,0x24,0x0B,0x1F,0x03,0x01,
    0xB0,0x07,0x1B,0x4E,0x2F,0x12,0x07,0x1E,0x03,0x08,0x70,0x06,
    0x04,0x2F,0x01,0x5A,0x84,0x20,0xEB,0x85,0xB8,0x5F,0x32,0x42,
    0x74,0x79,0x70,0x65,0xF3,0x0A,0x01,0x42,0x17,0x1A,0x85,0xE6,
    0x0A,0x83,0x64,0x69,0x73,0x70,0x6C,0x61,0x79,0x4E,0xF8,0x30,
    0x02,0x4B,0x28,0x4A,0x20,0xEC,0x9D,0xB4,0x05,0x2E,0x0F,0x3E,
    0x03,0x24,0x03,0xE2,0x0B,0x02,0xDD,0x0C,0x3F,0xED,0x95,0x80,
    0xD4,0x0B,0x02,0x08,0x1F,0x00,0x09,0x1D,0x27,0x06,0xBF,0x1D,
    0x06,0xA5,0x09,0x03,0xD5,0x07,0x08,0xFA,0x09,0x07,0xB3,0x02,
    0x22,0x61,0x64,0xD0,0x09,0x01,0x7C,0x0C,0x07,0x8D,0x0A,0x0E,
    0x59,0x00,0x95,0x70,0x61,0x72,0x61,0x6D,0x4E,0x61,0x6D,0x65,
    0xD4,0x17,0x09,0x2F,0x00,0x0C,0x00,0x01,0x03,0x47,0x1E,0x21,
    0x55,0x72,0xC4,0x1F,0x03,0x85,0x00,0x0A,0xA6,0x2D,0x42,0x67,
    0x6C,0x73,0x6C,0x24,0x04,0x42,0x45,0x78,0x70,0x72,0x31,0x18,
    0x01,0x70,0x04,0x54,0x47,0x4C,0x53,0x4C,0x20,0x30,0x04,0x78,
    0x91,0x9C,0xED,0x98,0x84,0xEC,0x8B,0x34,0x0D,0x04,0x23,0x04,
    0x02,0xBA,0x01,0x03,0xEE,0x03,0x07,0xD5,0x00,0x06,0x23,0x04,
    0x0F,0xF2,0x01,0x09,0x03,0x38,0x00,0x0E,0xB4,0x07,0x06,0xC7,
    0x03,0x01,0xB6,0x06,0x0F,0x44,0x00,0x10,0x05,0x2C,0x04,0x09,
    0xA0,0x08,0x0F,0x60,0x0C,0x09,0x0C,0x7F,0x02,0x0F,0x6A,0x0C,
    0x00,0x0B,0xDD,0x02,0x04,0xF7,0x11,0x06,0x67,0x03,0x05,0xD9,
    0x02,0x02,0x04,0x11,0x07,0x01,0x01,0x0D,0x39,0x1F,0x06,0x9F,
    0x06,0x0A,0xBF,0x2B,0x0B,0xB2,0x00,0x0C,0x6E,0x10,0x0B,0x1F,
    0x00,0x22,0x69,0x6D,0xA6,0x0B,0x01,0xD2,0x16,0x81,0xB0,0x80,
    0xEC,0xA0,0xB8,0xEC,0x98,0xB4,0x24,0x00,0x0B,0xAC,0x00,0x13,
    0x73,0xCF,0x16,0x08,0xAF,0x04,0x06,0x88,0x03,0x08,0xD9,0x16,
    0x07,0xB5,0x00,0x0F,0xDC,0x20,0x0A,0x43,0x6A,0x6F,0x69,0x6E,
    0x8D,0x06,0x22,0xA1,0xB0,0xFA,0x1D,0x01,0x79,0x00,0x06,0xD9,
    0x00,0x34,0x70,0x61,0x79,0x00,0x2B,0x62,0xED,0x8E,0x98,0xEC,
    0x9D,0xB4,0x16,0x0D,0x0B,0x26,0x00,0x1A,0x75,0x91,0x04,0x08,
    0x8B,0x00,0x91,0x20,0xEB,0xA9,0x94,0xED,0x83,0x80,0xEB,0x8D,
    0x76,0x23,0x03,0x90,0x0D,0x0F,0x7D,0x04,0x17,0x08,0x0F,0x14,
    0x0F,0xA4,0x01,0x01,0x0F,0xE8,0x18,0x06,0x0F,0xF8,0x00,0x0A,
    0x35,0x64,0x75,0x72,0x2B,0x19,0xF7,0x01,0xEA,0xB8,0xB8,0xEC,
    0x9D,0xB4,0x3A,0x20,0x7B,0x3A,0x2E,0x33,0x66,0x7D,0x20,0x73,
    0x3C,0x01,0x0F,0xFD,0x00,0x23,0x0A,0x93,0x00,0x0F,0x00,0x01,
    0x2C,0x02,0x3C,0x02,0x01,0x0B,0x13,0x0F,0xF7,0x01,0x04,0x01,
    0x2A,0x0E,0x1D,0x20,0xAD,0x02,0x0F,0x00,0x01,0x0A,0x0F,0xAF,
    0x02,0x0A,0x22,0x70,0x61,0xB5,0x2D,0x5C,0xEA,0xB2,0xBD,0xEB,
    0xA1,0xEA,0x01,0x13,0x73,0x78,0x08,0x02,0xBD,0x31,0x0B,0x1D,
    0x00,0x33,0x66,0x6F,0x6C,0x8C,0x27,0x2B,0xED,0x8F,0x83,0x27,
    0x62,0x65,0x64,0x69,0x74,0x41,0x73,0x37,0x11,0x01,0x20,0x0D,
    0x01,0xB7,0x00,0x24,0xEB,0xA1,0x1E,0x12,0x07,0x76,0x01,0x76,
    0x6F,0x70,0x65,0x6E,0x4C,0x75,0x61,0x2C,0x00,0x01,0x48,0x17,
    0x01,0x30,0x00,0x38,0x20,0xEC,0x97,0xBF,0x2D,0xF2,0x01,0x20,
    0x20,0x22,0x6F,0x70,0x65,0x6E,0x49,0x6E,0x43,0x6F,0x64,0x65,
    0x45,0x64,0x69,0x44,0x43,0x31,0x22,0xEC,0xBD,0x4F,0x2E,0x92,
    0xEC,0x97,0x90,0xEB,0x94,0x94,0xED,0x84,0xB0,0x0C,0x07,0x0E,
    0x3C,0x00,0x75,0x65,0x64,0x69,0x74,0x69,0x6E,0x67,0x94,0x23,
    0x34,0xEC,0x94,0xAC,0x68,0x00,0x03,0xB3,0x12,0x3B,0xEC,0xA4,
    0x91,0xE3,0x00,0x8F,0x6F,0x70,0x65,0x6E,0x65,0x64,0x49,0x6E,
    0x6E,0x00,0x11,0x26,0xEC,0x97,0x2A,0x09,0x01,0x47,0x00,0x0C,
    0xD0,0x03,0x45,0x63,0x65,0x6E,0x65,0xE7,0x00,0x0F,0xDE,0x02,
    0x01,0x05,0x91,0x00,0x07,0x1F,0x01,0x57,0x73,0x65,0x74,0x41,
    0x73,0x6A,0x0E,0x03,0x05,0x06,0x61,0xEC,0x94,0xAC,0xEC,0x9C,
    0xBC,0x8D,0x2A,0x0C,0x34,0x1B,0x03,0x35,0x06,0x11,0x53,0x43,
    0x02,0x0F,0x30,0x00,0x05,0x08,0xD7,0x09,0x0F,0xAD,0x00,0x01,
    0x05,0xAA,0x26,0x06,0xA8,0x00,0x12,0x75,0x86,0x06,0x31,0x55,
    0x52,0x49,0x31,0x00,0x06,0x35,0x04,0x0D,0x29,0x05,0x0B,0xF9,
    0x00,0x69,0x63,0x61,0x6D,0x65,0x72,0x61,0xD0,0x02,0x91,0x61,
    0x6C,0x69,0x67,0x6E,0x57,0x69,0x74,0x68,0x8E,0x01,0x13,0x56,
    0xB4,0x2F,0x01,0x10,0x24,0x12,0xB7,0x75,0x19,0x57,0xA7,0x9E,
    0xEC,0xB6,0x94,0x59,0x2F,0x0F,0x35,0x00,0x02,0x03,0x93,0x14,
    0x01,0x33,0x12,0x04,0xF4,0x28,0x15,0x20,0x05,0x25,0x43,0xEB,
    0xA5,0xBC,0x20,0x2D,0x09,0x03,0x5A,0x00,0x07,0x26,0x00,0x61,
    0xED,0x8F,0xAC,0xEC,0xA6,0x88,0x41,0x01,0x03,0x14,0x2C,0x0C,
    0xC5,0x2E,0x04,0x72,0x00,0x05,0xA3,0x00,0x54,0x57,0x69,0x74,
    0x68,0x43,0xCC,0x00,0x01,0xAE,0x01,0x22,0xEB,0xB7,0xE1,0x04,
    0x04,0x7C,0x00,0x01,0xC2,0x11,0x0F,0xBA,0x00,0x05,0x0F,0x48,
    0x00,0x00,0x04,0xC0,0x00,0x02,0x4B,0x00,0x06,0xC3,0x02,0x06,
    0x52,0x00,0x01,0x89,0x0B,0x26,0x9D,0xB4,0x11,0x00,0x07,0xDF,
    0x00,0x0F,0xBC,0x00,0x0B,0x14,0x73,0x5A,0x01,0x0B,0x3F,0x0A,
    0x0D,0x0B,0x01,0x01,0x63,0x00,0x03,0x5D,0x12,0x0F,0xAA,0x05,
    0x08,0x06,0xF0,0x01,0x01,0xBD,0x01,0x45,0x65,0x64,0x54,0x6F,
    0xD2,0x00,0x01,0xE3,0x03,0x04,0x05,0x01,0x01,0x50,0x00,0x02,
    0xD2,0x00,0x04,0x10,0x01,0x2E,0xB7,0x84,0x23,0x2E,0x08,0xA3,
    0x00,0x71,0x41,0x6C,0x69,0x67,0x6E,0x65,0x64,0x47,0x00,0x02,
    0x3A,0x00,0x01,0x45,0x00,0x04,0x52,0x00,0x0F,0x47,0x00,0x02,
    0x0B,0x65,0x02,0x56,0x66,0x6F,0x72,0x6B,0x4D,0x64,0x3D,0x06,
    0xB7,0x02,0x21,0x6E,0x6F,0x4F,0x05,0x04,0xB6,0x27,0x09,0x45,
    0x10,0x02,0xEF,0x16,0x05,0x79,0x08,0x02,0x6E,0x15,0x0F,0x25,
    0x1B,0x01,0x01,0x81,0x13,0x09,0x36,0x0B,0x06,0x0F,0x01,0x1F,
    0x66,0x35,0x15,0x03,0x0B,0x5C,0x00,0x09,0xD5,0x08,0x64,0x6E,
    0x6F,0x46,0x69,0x6C,0x65,0xFE,0x0A,0x0F,0x93,0x00,0x09,0x02,
    0x13,0x11,0x08,0x4D,0x17,0x51,0x8C,0x8C,0xEC,0x9D,0xBC,0xF9,
    0x01,0x21,0xA6,0x84,0xF9,0x02,0x0F,0x97,0x00,0x04,0x71,0x6F,
    0x75,0x74,0x73,0x69,0x64,0x65,0xFD,0x00,0x01,0x11,0x0A,0x0F,
    0x67,0x00,0x09,0x9F,0xEB,0x8C,0x80,0xEC,0x83,0x81,0xEC,0x9D,
    0xB4,0x04,0x01,0x02,0x02,0xA2,0x3B,0x04,0x25,0x1C,0x0D,0x2C,
    0x31,0x03,0x7E,0x01,0x02,0xC0,0x01,0x03,0x8F,0x46,0x08,0x6D,
    0x00,0x33,0xEC,0x9D,0x84,0x59,0x18,0x0D,0x76,0x04,0x07,0x46,
    0x01,0x81,0x6F,0x72,0x6B,0x65,0x64,0x4E,0x6F,0x49,0x1F,0x09,
    0x01,0x34,0x0A,0x02,0xD9,0x46,0x0F,0x4A,0x00,0x07,0x53,0xA7,
    0x80,0xEB,0xA7,0x8C,0x0B,0x07,0x01,0xF8,0x0C,0x22,0xA7,0x80,
    0x50,0x36,0x44,0xEB,0xA6,0xAC,0x20,0x5B,0x09,0x41,0xA4,0xEA,
    0xB8,0xB0,0xBE,0x01,0x56,0x8B,0xA4,0xED,0x96,0x89,0x0D,0x15,
    0x37,0xEC,0x95,0x98,0x94,0x02,0x0B,0x4D,0x02,0x03,0x40,0x14,
    0x09,0x48,0x02,0x02,0xE2,0x36,0x42,0x46,0x6F,0x72,0x6D,0x92,
    0x14,0x02,0x33,0x01,0x78,0x20,0xED,0x8F,0xAC,0xEB,0xA7,0xB7,
    0xB1,0x05,0x23,0x75,0x62,0x70,0x07,0x05,0x84,0x02,0x01,0x1B,
    0x2F,0x24,0x53,0x70,0xCF,0x0E,0x41,0x55,0x49,0x20,0x2F,0x04,
    0x1F,0x03,0x30,0x10,0x19,0xB4,0x17,0x11,0x01,0x34,0x1F,0x43,
    0x72,0x6D,0x61,0x6C,0xA5,0x45,0x6A,0xEB,0x85,0xB8,0xEB,0xA9,
    0x80,0xA5,0x45,0x73,0x20,0x20,0x22,0x63,0x75,0x72,0x73,0x00,
    0x15,0x4F,0xBB,0xA4,0xEC,0x84,0x9C,0x22,0x07,0x03,0xCC,0x00,
    0x05,0x58,0x01,0x05,0x96,0x00,0x06,0x4C,0x0A,0x05,0x6A,0x37,
    0x09,0x36,0x01,0x0F,0xD4,0x00,0x02,0x73,0x22,0xED,0x95,0x98,
    0xEC,0x9C,0x84,0xA0,0x1B,0x08,0x23,0x00,0x63,0x6F,0x75,0x72,
    0x63,0x65,0x53,0x30,0x08,0x04,0x1F,0x19,0x0F,0x37,0x08,0x01,
    0x04,0x01,0x0B,0x04,0x2C,0x00,0x04,0xAA,0x01,0x1F,0xA8,0x2F,
    0x00,0x03,0x71,0x6D,0x69,0x73,0x73,0x69,0x6E,0x67,0x1C,0x04,
    0x01,0x44,0x20,0x07,0x75,0x00,0x32,0x6E,0x6F,0x74,0xD8,0x00,
    0x02,0x7C,0x02,0x04,0x4A,0x00,0x14,0xA4,0x98,0x32,0x09,0x2D,
    0x00,0x01,0x8A,0x31,0x92,0x61,0x74,0x65,0x4D,0x69,0x70,0x6D,
    0x61,0x70,0x13,0x03,0x9A,0xB0,0x89,0xEB,0xA7,0xB5,0x20,0xEC,
    0x83,0x9D,0x63,0x4B,0xFA,0x02,0x66,0x6C,0x69,0x70,0x59,0x22,
    0x3A,0x20,0x22,0x59,0x20,0xEB,0x92,0xA4,0xEC,0xA7,0x91,0x89,
    0x06,0x12,0x71,0xF8,0x3F,0x32,0x4C,0x65,0x76,0x9D,0x29,0x02,
    0xF6,0x3F,0x77,0x20,0xEB,0xA0,0x88,0xEB,0xB2,0xA8,0x9F,0x00,
    0x34,0x63,0x6F,0x6D,0x93,0x0D,0x05,0x2C,0x00,0x6F,0xEC,0x95,
    0x95,0xEC,0xB6,0x95,0x2C,0x00,0x07,0x81,0x4F,0x6E,0x6C,0x79,
    0x4C,0x61,0x72,0x67,0x36,0x13,0x71,0xED,0x81,0xB0,0x20,0xEA,
    0xB2,0x83,0xE7,0x02,0x01,0x38,0x00,0x07,0x5D,0x00,0x41,0x64,
    0x6F,0x77,0x6E,0xF3,0x3B,0x0C,0x2E,0x00,0x75,0x20,0xEB,0x8B,
    0xA4,0xEC,0x9A,0xB4,0x02,0x3C,0x0F,0x34,0x00,0x01,0x84,0x4D,
    0x69,0x6E,0x44,0x69,0x6D,0x65,0x6E,0x85,0x26,0x0B,0x33,0x00,
    0x03,0xE3,0x2A,0x03,0x91,0x01,0x0F,0x41,0x00,0x01,0x11,0x54,
    0xF0,0x39,0x0F,0x44,0x00,0x0A,0x6E,0xEB,0xAA,0xA9,0xED,0x91,
    0x9C,0x44,0x00,0x51,0x62,0x61,0x6B,0x65,0x4E,0xD8,0x40,0x0D,
    0xE2,0x02,0x7A,0x20,0xEB,0xB2,0xA0,0xEC,0x9D,0xB4,0x83,0x1C,
    0x02,0xF5,0x2B,0x19,0x58,0x33,0x00,0x12,0x44,0x14,0x00,0x1F,
    0x20,0x1D,0x03,0x01,0x53,0x22,0x72,0x65,0x76,0x65,0x43,0x04,
    0x8A,0x90,0x98,0xEB,0x8F,0x8C,0xEB,0xA6,0xAC,0xC0,0x01,0x0A,
    0x9C,0x0E,0x0F,0xFE,0x02,0x03,0x03,0x58,0x09,0x03,0x06,0x13,
    0x01,0xFC,0x04,0x01,0xFF,0x1A,0x08,0xC3,0x04,0x08,0x06,0x06,
    0x52,0x61,0x70,0x70,0x6C,0x69,0x87,0x02,0x0F,0x51,0x00,0x0A,
    0x01,0x8E,0x11,0x21,0xA0,0x81,0x38,0x36,0x41,0x98,0xEA,0xB3,
    0xA0,0xAE,0x01,0x29,0x8B,0x9C,0x7A,0x03,0x03,0x9E,0x16,0x01,
    0x80,0x22,0x11,0xB4,0x7B,0x00,0x01,0xA1,0x10,0x08,0x7B,0x00,
    0x01,0x51,0x06,0x0B,0xB6,0x04,0x65,0x6D,0x6F,0x64,0x65,0x6C,
    0x50,0x03,0x39,0x06,0xE9,0x03,0x0F,0xCC,0x36,0x04,0x08,0x23,
    0x39,0x1F,0x20,0xD9,0x36,0x1D,0x62,0x20,0x20,0x22,0x65,0x6D,
    0x70,0x70,0x1D,0x0A,0x49,0x00,0x91,0x94,0xAC,0xEC,0x9D,0xB4,
    0x20,0xEB,0xB9,0x84,0x52,0x31,0x09,0x5D,0x37,0x0B,0xB1,0x00,
    0x62,0x6C,0x61,0x79,0x65,0x72,0x4D,0x4E,0x45,0x06,0xAE,0x00,
    0x21,0x61,0x6C,0x83,0x34,0x5D,0xEC,0xA0,0x84,0xEC,0xB2,0x01,
    0x2B,0x02,0xDB,0x11,0x04,0x17,0x1E,0x06,0x35,0x00,0x05,0xB0,
    0x0A,0x06,0x5A,0x31,0x16,0x20,0x85,0x0E,0x03,0x01,0x23,0x01,
    0x71,0x31,0x91,0x20,0xEC,0x9D,0xB8,0xEC,0x8A,0xA4,0xED,0x84,
    0x22,0x03,0xC7,0x97,0x90,0xEC,0x84,0x9C,0x20,0xEA,0xB4,0x80,
    0xEB,0xA6,0xAC,0x1B,0x29,0x06,0x98,0x06,0x04,0xB3,0x34,0x02,
    0xF1,0x02,0x01,0x96,0x25,0x23,0x69,0x63,0xC6,0x05,0x02,0xC0,
    0x34,0x42,0xEC,0x9D,0x98,0x20,0x1D,0x06,0x03,0x1E,0x00,0x01,
    0x96,0x07,0x81,0x9D,0xB4,0x20,0x49,0x6D,0x61,0x67,0x65,0xC9,
    0x08,0x03,0x57,0x09,0x04,0x62,0x0A,0x03,0x90,0x12,0xDC,0xED,
    0x95,0x98,0xEA,0xB8,0xB0,0x20,0xEC,0xA0,0x84,0xEC,0x97,0x90,
    0x43,0x00,0x11,0x84,0xC7,0x21,0x22,0x9A,0xB0,0xAB,0x24,0x04,
    0x26,0x02,0x67,0xEC,0xA7,0x80,0xEC,0xA0,0x95,0x5B,0x1C,0x0B,
    0x52,0x01,0x49,0x65,0x6E,0x75,0x6D,0xB6,0x06,0x03,0x20,0x31,
    0x02,0x28,0x28,0x05,0x2F,0x01,0x61,0x20,0x20,0x22,0x70,0x65,
    0x72,0x88,0x50,0x03,0x66,0x50,0x66,0xEC,0x9B,0x90,0xEA,0xB7,
    0xBC,0xEA,0x03,0x0B,0xE1,0x43,0x02,0x4F,0x1C,0x43,0x81,0xEA,
    0xB5,0x90,0x72,0x00,0x06,0x3E,0x1B,0x04,0x7E,0x27,0x1E,0x4D,
    0x62,0x26,0x0F,0xA3,0x1B,0x09,0x51,0x73,0x6B,0x79,0x62,0x6F,
    0xD2,0x18,0x0C,0xCF,0x3F,0x0F,0x61,0x00,0x00,0x72,0x6D,0x6F,
    0x74,0x69,0x6F,0x6E,0x54,0x35,0x3D,0x08,0xC6,0x00,0x43,0x73,
    0x74,0x61,0x74,0x9E,0x00,0x47,0xA0,0x95,0xEC,0xA0,0xC4,0x32,
    0x84,0x20,0x20,0x22,0x6B,0x69,0x6E,0x65,0x6D,0x20,0x00,0xB7,
    0xED,0x82,0xA4,0xEB,0x84,0xA4,0xEB,0xA7,0x88,0xED,0x8B,0xEA,
    0x05,0x82,0x20,0x20,0x22,0x64,0x79,0x6E,0x61,0x6D,0x44,0x00,
    0x6F,0xEB,0x8F,0x99,0xEC,0xA0,0x81,0xE2,0x00,0x01,0x0A,0x61,
    0x45,0x08,0x82,0x00,0x63,0x6E,0x6F,0x6E,0x4D,0x6F,0x76,0xA1,
    0x06,0x3C,0xEB,0xB9,0x84,0xFA,0x49,0x01,0x7C,0x27,0x04,0x20,
    0x00,0x03,0x1D,0x00,0x0F,0xE2,0x00,0x06,0x06,0x51,0x46,0x08,
    0x63,0x00,0x71,0x64,0x69,0x73,0x63,0x72,0x65,0x74,0x12,0x06,
    0x57,0xEC,0x9D,0xB4,0xEC,0x82,0x9E,0x20,0x05,0x0F,0x49,0x31,
    0x43,0x61,0x73,0x15,0x19,0x61,0xEB,0xA6,0xAC,0xEB,0x8B,0x88,
    0x7B,0x03,0x23,0xBA,0x90,0x81,0x37,0x0F,0x70,0x00,0x00,0x16,
    0x67,0x42,0x50,0x08,0x6B,0x00,0x84,0x65,0x78,0x74,0x65,0x72,
    0x6E,0x61,0x6C,0xA9,0x28,0x02,0xFA,0x09,0x03,0x50,0x1B,0x09,
    0x1E,0x02,0x41,0x71,0x75,0x61,0x64,0x16,0x02,0x29,0xBF,0xBC,
    0xF9,0x15,0x01,0x9B,0x08,0x11,0x62,0xAC,0x00,0x39,0xED,0x81,
    0x90,0x14,0x36,0x05,0x7A,0x35,0xA9,0x22,0x3A,0x20,0x22,0xEA,
    0xB5,0xAC,0xEC,0xB2,0xB4,0x53,0x00,0x03,0x6A,0x35,0x01,0x56,
    0x00,0x4F,0xBA,0xA1,0xEC,0x8A,0x6C,0x02,0x02,0x01,0xF3,0x06,
    0x0F,0x6C,0x02,0x02,0xB1,0x6E,0x73,0x74,0x61,0x6E,0x74,0x50,
    0x69,0x78,0x65,0x6C,0xDD,0x07,0x6D,0xEA,0xB3,0xA0,0xEC,0xA0,
    0x95,0x8C,0x45,0x01,0x78,0x0C,0x32,0x61,0x6C,0x65,0x7E,0x0E,
    0x22,0x72,0x65,0xBD,0x18,0x51,0xED,0x99,0x94,0xEB,0xA9,0x6C,
    0x05,0x76,0xEB,0xA7,0x9E,0xEC,0xB6,0xB0,0x20,0x3F,0x07,0x0F,
    0x3E,0x01,0x00,0x3F,0x66,0x69,0x74,0x83,0x00,0x00,0xFA,0x01,
    0x73,0x74,0x72,0x65,0x74,0x63,0x68,0x22,0x3A,0x20,0x22,0xEB,
    0x8A,0x98,0xEC,0x9D,0xBC,0x10,0x82,0x20,0x20,0x22,0x63,0x6F,
    0x6E,0x74,0x61,0x77,0x16,0x01,0x66,0x00,0x1A,0xA4,0xFF,0x00,
    0x23,0x6F,0x76,0x48,0x1F,0x23,0xB1,0x84,0x95,0x51,0x0F,0x7B,
    0x00,0x00,0x6B,0x68,0x41,0x6C,0x69,0x67,0x6E,0xB7,0x01,0x41,
    0x6C,0x65,0x66,0x74,0x37,0x01,0x5A,0x99,0xBC,0xEC,0xAA,0xBD,
    0x56,0x00,0x23,0x65,0x6E,0x62,0x37,0x01,0x33,0x27,0x3A,0xB4,
    0xEB,0x8D,0x3E,0x02,0x14,0x72,0xA8,0x37,0x9F,0xEC,0x98,0xA4,
    0xEB,0xA5,0xB8,0xEC,0xAA,0xBD,0x76,0x00,0x01,0x1F,0x76,0x76,
    0x00,0x01,0x22,0x74,0x6F,0x3A,0x2A,0x29,0x9C,0x84,0x72,0x00,
    0x42,0x6D,0x69,0x64,0x64,0xC6,0x01,0x0F,0x72,0x00,0x03,0x51,
    0x62,0x6F,0x74,0x74,0x6F,0xED,0x3A,0x02,0x52,0x3B,0x0F,0x70,
    0x00,0x01,0x04,0x56,0x44,0x08,0x9C,0x02,0x03,0x2F,0x04,0x0C,
    0xF5,0x43,0x0F,0x56,0x02,0x01,0x05,0xC2,0x00,0x02,0x09,0x00,
    0x34,0x7D,0x0D,0x0A,0xB0,0x04,0x03,0x6F,0x19,0x13,0x47,0x95,
    0x20,0x03,0x60,0x00,0x03,0x9D,0x26,0x01,0x50,0x0B,0x03,0x13,
    0x00,0x04,0x19,0x1A,0x01,0xAC,0x02,0x04,0x79,0x2C,0x06,0xE8,
    0x00,0x61,0x22,0x6E,0x6F,0x6E,0x65,0x53,0x36,0x00,0x02,0xF5,
    0x07,0x05,0xCD,0x3F,0x03,0x73,0x00,0x03,0x42,0x06,0x61,0x22,
    0x74,0x6F,0x6F,0x6C,0x62,0x87,0x3A,0x06,0x59,0x00,0x0F,0x65,
    0x40,0x12,0xC1,0x20,0x20,0x22,0x6C,0x69,0x76,0x65,0x41,0x70,
    0x70,0x6C,0x79,0xDC,0x01,0x74,0x8B,0xA4,0xEC,0x8B,0x9C,0xEA,
    0xB0,0x3F,0x08,0x07,0x8C,0x00,0x45,0x74,0x6F,0x70,0x6F,0xDE,
    0x44,0x91,0xED,0x86,0xA0,0xED,0x8F,0xB4,0xEB,0xA1,0x9C,0x05,
    0x0B,0x0C,0xE4,0x44,0x46,0x61,0x75,0x74,0x6F,0xEF,0x3A,0x73,
    0xEC,0x9E,0x90,0xEB,0x8F,0x99,0x20,0xA5,0x1A,0x0C,0xF3,0x3A,
    0x59,0x64,0x65,0x6C,0x65,0x74,0xE5,0x00,0x02,0x81,0x2B,0xE7,
    0x20,0xED,0x95,0xAD,0xEB,0xAA,0xA9,0x20,0xEC,0x82,0xAD,0xEC,
    0xA0,0x9C,0x88,0x00,0x07,0x61,0x1B,0x11,0x22,0xF1,0x1B,0x14,
    0xB4,0xE3,0x0C,0x08,0x13,0x1D,0x03,0x88,0x13,0x03,0x0A,0x28,
    0x06,0x7B,0x13,0x07,0x49,0x00,0x03,0xFF,0x2C,0x08,0x60,0x01,
    0x02,0x7B,0x00,0x34,0xEB,0x90,0x9C,0xF9,0x1A,0x05,0xFD,0x17,
    0x01,0xDE,0x0D,0x07,0x05,0x0F,0x07,0x48,0x00,0x03,0xBD,0x22,
    0x88,0x52,0x65,0x61,0x64,0x4F,0x6E,0x6C,0x79,0x87,0x40,0x02,
    0xA8,0x0E,0x54,0x2C,0x20,0xEC,0x9D,0xBD,0x85,0x07,0x28,0x9A,
    0xA9,0xCE,0x29,0x41,0x6F,0x70,0x65,0x6E,0x3D,0x0F,0x31,0x48,
    0x69,0x6E,0x5D,0x03,0x9D,0x2E,0x76,0x72,0x67,0x2E,0x6A,0x73,
    0x6F,0x6E,0x82,0x00,0x03,0x84,0x0E,0x01,0xB5,0x07,0x24,0x97,
    0xBD,0x47,0x12,0x0B,0x09,0x02,0x41,0x65,0x78,0x70,0x6F,0x96,
    0x0A,0x06,0x08,0x02,0x05,0x7C,0x18,0x02,0x8D,0x00,0x0E,0x58,
    0x00,0x8A,0xEB,0x82,0xB4,0xEB,0xB3,0xB4,0xEB,0x82,0x4A,0x04,
    0x23,0x22,0x72,0xD0,0x00,0x04,0x9A,0x00,0x03,0x3F,0x00,0x05,
    0x12,0x01,0x01,0xF4,0x40,0x08,0xD8,0x00,0x06,0xAF,0x20,0x05,
    0x53,0x00,0x22,0xBC,0x20,0xC1,0x0E,0x01,0xB5,0x00,0x57,0x84,
    0xA0,0xED,0x83,0x9D,0x56,0x08,0x03,0xBD,0x02,0xE2,0x20,0x20,
    0x22,0x73,0x75,0x67,0x67,0x65,0x73,0x74,0x65,0x64,0x46,0x69,
    0xD4,0x03,0x51,0xEC,0xB6,0x94,0xEC,0xB2,0x9E,0x24,0x31,0xEC,
    0x9D,0xBC,0x86,0x0A,0x06,0x2D,0x00,0x02,0x06,0x09,0x01,0x00,
    0x05,0x44,0x8C,0x80,0xEC,0x83,0x4A,0x07,0x05,0x68,0x23,0x78,
    0x61,0x64,0x64,0x4D,0x65,0x6E,0x75,0xBD,0x04,0x04,0xA1,0x08,
    0x03,0x8F,0x1F,0x01,0xBE,0x09,0x05,0x83,0x11,0x02,0x4B,0x1E,
    0x0E,0xD0,0x01,0x04,0x2D,0x00,0x03,0xF8,0x00,0x03,0x27,0x00,
    0x0B,0x70,0x01,0x1C,0x6D,0x6A,0x00,0x62,0x65,0x64,0x69,0x74,
    0x49,0x6E,0xE0,0x06,0x11,0x73,0xA5,0x00,0x5E,0x82,0xB4,0xEB,
    0xB6,0x80,0x92,0x16,0x02,0xF8,0x02,0x34,0x46,0x65,0x61,0x8A,
    0x46,0x6E,0xEA,0xB8,0xB0,0xEB,0x8A,0xA5,0xF0,0x02,0x02,0x29,
    0x00,0x41,0x4C,0x69,0x6E,0x6B,0x4F,0x00,0x21,0xA7,0x81,0x02,
    0x57,0x0C,0x16,0x03,0x02,0x26,0x00,0x04,0xB4,0x00,0x02,0xAD,
    0x00,0x0E,0x26,0x00,0x0F,0x04,0x56,0x02,0x0B,0xD3,0x00,0x07,
    0x60,0x03,0x06,0x45,0x02,0x02,0x65,0x28,0x19,0x52,0xD7,0x04,
    0x12,0x22,0x37,0x12,0x33,0xEC,0x9E,0x90,0x32,0x0A,0x0D,0x5B,
    0x02,0x0E,0x55,0x01,0x07,0xF0,0x00,0x03,0x58,0x01,0x02,0xF7,
    0x00,0x07,0x2A,0x00,0x72,0x70,0x61,0x73,0x73,0x43,0x6F,0x75,
    0x0F,0x03,0x03,0xC9,0x00,0x48,0x7B,0x7D,0xEA,0xB0,0x04,0x04,
    0x41,0x64,0x6F,0x75,0x62,0x56,0x30,0x42,0x63,0x6B,0x45,0x64,
    0xA8,0x21,0xB1,0xEB,0x8D,0x94,0xEB,0xB8,0x94,0xED,0x81,0xB4,
    0xEB,0xA6,0x47,0x2F,0x21,0x97,0xAC,0x86,0x02,0x06,0x7B,0x01,
    0x0D,0xE7,0x00,0x09,0xE0,0x06,0x12,0x22,0x32,0x07,0x3A,0xEC,
    0x9E,0x85,0x24,0x21,0x03,0xB3,0x3F,0x02,0xE3,0x1C,0x0C,0x44,
    0x00,0x05,0xEA,0x40,0x06,0x29,0x01,0x04,0x78,0x10,0x26,0x52,
    0x65,0xA2,0x1B,0x04,0x32,0x10,0x52,0xA8,0x20,0xEB,0xA6,0xAC,
    0xB5,0x10,0x07,0xF0,0x00,0x33,0x73,0x68,0x61,0xE1,0x18,0x05,
    0x91,0x28,0x01,0xF2,0x02,0x0B,0x6C,0x00,0x13,0x70,0xFC,0x1D,
    0x06,0x6B,0x00,0x17,0x75,0x51,0x25,0x06,0x45,0x25,0x3C,0xEC,
    0x9D,0x8C,0xA7,0x00,0x41,0x62,0x61,0x6E,0x6E,0xF5,0x07,0x06,
    0x3C,0x00,0xA6,0x67,0x72,0x61,0x70,0x68,0x49,0x6E,0x76,0x61,
    0x6C,0x7E,0x34,0x01,0xF6,0x32,0x01,0xE8,0x04,0x5F,0x9C,0xA0,
    0xED,0x9A,0xA8,0x7A,0x43,0x00,0x0F,0x98,0x00,0x01,0x0F,0x78,
    0x17,0x00,0x67,0x65,0x64,0x69,0x74,0x6F,0x72,0xC5,0x16,0x04,
    0x35,0x19,0x06,0x4D,0x36,0x07,0x00,0x01,0x46,0x67,0x61,0x6D,
    0x65,0x2C,0x00,0x6F,0xEA,0xB2,0x8C,0xEC,0x9E,0x84,0x29,0x00,
    0x0C,0x32,0x4E,0x61,0x6D,0x10,0x07,0x0C,0x2E,0x00,0x0F,0xA1,
    0x00,0x01,0x06,0x6A,0x37,0x06,0xFF,0x00,0x65,0x76,0x69,0x65,
    0x77,0x65,0x72,0x04,0x32,0x05,0x82,0x37,0x01,0x99,0x14,0x57,
    0xA0,0x88,0xEC,0x9E,0x84,0x9A,0x23,0x3A,0xEB,0xB7,0xB0,0xED,
    0x3E,0xB1,0x63,0x61,0x70,0x74,0x75,0x72,0x65,0x53,0x74,0x61,
    0x74,0xE3,0x03,0x05,0x8B,0x0F,0xF6,0x03,0x3A,0x20,0x7B,0x7D,
    0x2F,0x7B,0x7D,0x20,0xEC,0xBA,0xA1,0xEC,0xB2,0x98,0xEB,0x90,
    0xA8,0x2C,0x47,0x00,0x03,0x1C,0x00,0x07,0xF9,0x00,0x52,0x61,
    0x75,0x74,0x6F,0x46,0xBD,0x02,0x04,0x23,0x07,0x0B,0xB0,0x09,
    0x02,0x44,0x0A,0x01,0x98,0x07,0x0F,0x68,0x11,0x00,0x62,0x6E,
    0x6F,0x46,0x72,0x61,0x6D,0xB2,0x38,0x01,0x24,0x00,0x03,0xBC,
    0x29,0x21,0xBB,0xB4,0x17,0x07,0x11,0xBC,0xE0,0x29,0x0E,0xD0,
    0x00,0x01,0xE2,0x01,0x0F,0x66,0x16,0x04,0x61,0x63,0x6F,0x70,
    0x79,0x44,0x6F,0x89,0x06,0x97,0x44,0x4F,0x54,0x20,0xEB,0xB3,
    0xB5,0xEC,0x82,0x9E,0x39,0x04,0x20,0x00,0x13,0x46,0xE5,0x38,
    0x04,0x5A,0x18,0xFF,0x10,0x9E,0xAC,0xEA,0xB5,0xAC,0xEC,0x84,
    0xB1,0xEB,0x90,0x9C,0x20,0x47,0x72,0x61,0x70,0x68,0x76,0x69,
    0x7A,0x20,0x44,0x4F,0x54,0x20,0xED,0x8F,0xB4,0xEB,0xB0,0xB1,
    0x48,0x00,0x06,0x03,0x40,0x00,0x06,0xC7,0x00,0x01,0x9C,0x00,
    0x51,0x83,0x9D,0xEC,0x84,0xB1,0x31,0x30,0x01,0x32,0x06,0x01,
    0x8E,0x07,0x05,0xA1,0x01,0x05,0x7F,0x06,0x01,0x60,0x00,0x0D,
    0xA1,0x00,0x01,0xD8,0x02,0x05,0xD0,0x3C,0x03,0x89,0x28,0x23,
    0x20,0x28,0x7F,0x20,0x01,0x47,0x04,0x08,0x7F,0x07,0x32,0x70,
    0x69,0x6E,0xDB,0x13,0x01,0x81,0x09,0x07,0xCD,0x15,0x07,0xA7,
    0x01,0x12,0x70,0xDB,0x07,0x01,0x62,0x01,0x01,0xEF,0x06,0x0A,
    0x1C,0x00,0xB1,0x49,0x6E,0x53,0x69,0x64,0x65,0x45,0x66,0x66,
    0x65,0x63,0x38,0x01,0x02,0x42,0x04,0x52,0x5C,0x6E,0xEB,0xB6,
    0x80,0x5B,0x57,0x0C,0x2F,0x00,0x01,0x49,0x00,0x0C,0x67,0x04,
    0x51,0x70,0x69,0x6E,0x55,0x73,0xD0,0x0C,0x02,0x55,0x05,0x0A,
    0x35,0x00,0x13,0x53,0x68,0x36,0x0F,0x54,0x00,0x04,0x1F,0x4F,
    0xA4,0x04,0x09,0x0F,0x66,0x16,0x01,0x35,0x6E,0x61,0x6D,0x45,
    0x15,0x89,0x7B,0x7D,0x20,0x7C,0x20,0x7B,0x7D,0x78,0x9B,0x02,
    0x04,0x21,0x00,0x06,0x89,0x16,0x06,0x27,0x00,0x01,0x2F,0x00,
    0x07,0xA0,0x00,0x02,0x0E,0x03,0x03,0x9C,0x0E,0x02,0x41,0x09,
    0x45,0xED,0x95,0x9C,0x20,0x15,0x03,0x31,0x20,0xEB,0xAF,0xDA,
    0x38,0x01,0x25,0x4B,0x03,0x1B,0x03,0x68,0x20,0xEC,0xA4,0x91,
    0x2E,0x2E,0x03,0x08,0x46,0x6D,0x6F,0x64,0x65,0x44,0x60,0x57,
    0x83,0x89,0xEC,0x83,0x81,0x64,0x00,0xA2,0x6D,0x6F,0x64,0x65,
    0x52,0x61,0x77,0x44,0x65,0x70,0x47,0x1E,0xC7,0xEC,0x9B,0x90,
    0xEB,0xB3,0xB8,0x20,0xEA,0xB9,0x8A,0xEC,0x9D,0xDF,0x0D,0x02,
    0x0E,0x39,0x56,0x69,0x6E,0x65,0x61,0x72,0x2B,0x00,0x03,0xE0,
    0x57,0x0F,0x2B,0x00,0x01,0x21,0x49,0x6E,0xAF,0x28,0x1B,0x64,
    0x33,0x00,0x61,0xEB,0xB0,0x98,0xEC,0xA0,0x84,0x7F,0x02,0x0F,
    0x3A,0x00,0x05,0x41,0x41,0x6C,0x70,0x68,0x53,0x35,0x6B,0xEC,
    0x95,0x8C,0xED,0x8C,0x8C,0xAB,0x00,0x02,0x46,0x14,0x01,0xAF,
    0x07,0x01,0x58,0x17,0x0B,0x1F,0x00,0x43,0x54,0x6F,0x6F,0x6C,
    0x6E,0x2A,0x06,0x26,0x01,0x03,0x9E,0x24,0x0D,0xC3,0x39,0x12,
    0x6D,0xF2,0x10,0x1D,0x22,0x19,0x00,0x41,0x67,0x61,0x6D,0x6D,
    0x83,0x00,0x67,0xEA,0xB0,0x90,0xEB,0xA7,0x88,0x64,0x00,0x57,
    0x72,0x65,0x73,0x65,0x74,0x65,0x00,0x0A,0x81,0x01,0x51,0x84,
    0xA4,0xEC,0xA0,0x95,0x67,0x38,0x01,0x0A,0x00,0x07,0x38,0x00,
    0x62,0x66,0x69,0x74,0x52,0x61,0x6E,0x15,0x16,0x6E,0xEB,0xB2,
    0x94,0xEC,0x9C,0x84,0x92,0x04,0x04,0x24,0x00,0x0F,0x5F,0x00,
    0x06,0x01,0x58,0x45,0x34,0xEC,0xA7,0x80,0xF5,0x12,0x01,0x78,
    0x01,0x13,0x20,0x4F,0x00,0x0F,0xE8,0x04,0x05,0x53,0x63,0x6C,
    0x61,0x6D,0x70,0x00,0x41,0x93,0xED,0x81,0xB4,0xEB,0x9E,0xA8,
    0xED,0x94,0x84,0x20,0x16,0x07,0xA1,0x00,0x02,0x27,0x00,0x21,
    0x61,0x78,0x03,0x25,0x08,0x27,0x00,0x0A,0x05,0x41,0x11,0x63,
    0x7A,0x06,0x11,0x5A,0x69,0x03,0x04,0xDE,0x1B,0x91,0x20,0x7A,
    0x3A,0x20,0x7B,0x3A,0x2E,0x34,0x66,0x13,0x04,0x48,0x3A,0x2E,
    0x31,0x66,0x54,0x0A,0x62,0x6C,0x65,0x66,0x74,0x45,0x79,0x80,
    0x03,0x01,0xDE,0x0E,0x39,0x20,0xEB,0x88,0x52,0x01,0x35,0x69,
    0x67,0x68,0x21,0x00,0x04,0xC3,0x0E,0x01,0x24,0x00,0x0B,0xA6,
    0x07,0x79,0x6F,0x76,0x65,0x72,0x6C,0x61,0x79,0x6D,0x06,0x15,
    0x70,0x2D,0x15,0x09,0x8A,0x01,0x07,0xD8,0x00,0xAF,0x70,0x72,
    0x65,0x70,0x61,0x72,0x69,0x6E,0x67,0x50,0x2B,0x00,0x03,0x7B,
    0x20,0xEC,0xA4,0x80,0xEB,0xB9,0x84,0xA2,0x2D,0x32,0x6E,0x6F,
    0x50,0x5A,0x55,0x07,0x3E,0x07,0x56,0xB8,0xB0,0xEB,0xB3,0xB8,
    0x67,0x07,0x01,0x50,0x05,0x07,0xEC,0x05,0x0C,0x1A,0x08,0x69,
    0x73,0x74,0x61,0x74,0x75,0x73,0xAE,0x00,0x62,0x73,0x77,0x69,
    0x74,0x63,0x68,0x5F,0x07,0x03,0xFE,0x27,0x05,0x1D,0x08,0x01,
    0x67,0x14,0x58,0xA0,0x84,0xED,0x99,0x98,0x26,0x16,0x07,0xC9,
    0x00,0x02,0xF8,0x0E,0x66,0x65,0x72,0x49,0x6E,0x66,0x6F,0x41,
    0x00,0x9A,0xEB,0x9F,0xAC,0x20,0x27,0x7B,0x7D,0x27,0x3A,0x39,
    0x04,0x02,0x6A,0x00,0x16,0x46,0xD9,0x1C,0x01,0x24,0x46,0x06,
    0x32,0x07,0x03,0x6B,0x00,0x01,0x9B,0x16,0x0D,0x16,0x17,0x07,
    0x75,0x00,0x12,0x66,0x44,0x0B,0x01,0x9C,0x0E,0x52,0x55,0x70,
    0x64,0x61,0x74,0xBD,0x00,0x02,0x59,0x0A,0x03,0x9D,0x0E,0x01,
    0xBA,0x00,0x23,0x97,0x85,0xAD,0x15,0x2F,0x8A,0xB8,0xC0,0x00,
    0x04,0x51,0x6C,0x69,0x6E,0x6B,0x52,0xBA,0x33,0x11,0x64,0x64,
    0x02,0x01,0x94,0x2B,0x12,0x20,0xD3,0x05,0x12,0x20,0x7B,0x0B,
    0x01,0x4A,0x00,0x5F,0xA0,0x9C,0xEA,0xB1,0xB0,0x44,0x00,0x04,
    0x04,0x38,0x0D,0x22,0x45,0x64,0x4A,0x03,0x61,0xEC,0x9D,0xB4,
    0xEA,0xB2,0x83,0xE7,0x2D,0x01,0x3F,0x06,0xF6,0x09,0x20,0xEC,
    0xA0,0x84,0xEC,0x9A,0xA9,0x20,0xEC,0xA2,0x85,0xEC,0x86,0x8D,
    0xEC,0x84,0xB1,0x20,0xEC,0x97,0x90,0xEC,0xA7,0x80,0x3F,0x0D,
    0x07,0xDC,0x00,0x51,0x70,0x61,0x73,0x73,0x44,0x2A,0x0C,0x07,
    0x91,0x00,0x01,0x83,0x00,0x01,0x01,0x0C,0x0F,0x83,0x00,0x04,
    0x53,0x6E,0x6F,0x64,0x65,0x52,0xBF,0x0D,0x01,0x06,0x03,0x32,
    0x9D,0xB4,0x20,0x03,0x07,0x0F,0xB5,0x0D,0x08,0x07,0x76,0x00,
    0x13,0x72,0xBD,0x0A,0x07,0x7A,0x00,0x05,0xBA,0x0A,0x0F,0x7D,
    0x00,0x10,0x5F,0x74,0x68,0x69,0x6E,0x67,0x57,0x0F,0x03,0x02,
    0xD5,0x0F,0x3A,0xEC,0x9D,0xB4,0x97,0x02,0x06,0xDE,0x0D,0x02,
    0xC1,0x0E,0x02,0xC2,0x01,0x03,0x46,0x0E,0x16,0x83,0x0E,0x1E,
    0x07,0xA4,0x00,0x04,0x29,0x00,0x51,0x44,0x65,0x74,0x61,0x69,
    0xCC,0x17,0x03,0x51,0x0C,0x0F,0xB5,0x02,0x01,0x0E,0x4A,0x00,
    0x0B,0x8C,0x02,0x57,0x74,0x6F,0x70,0x6F,0x41,0x5D,0x19,0x0E,
    0xDF,0x10,0x01,0xF8,0x00,0x02,0x53,0x19,0x07,0xAD,0x2C,0x07,
    0x91,0x00,0x06,0xF5,0x10,0x07,0x49,0x00,0x04,0xF1,0x04,0x07,
    0xFC,0x10,0x01,0x0C,0x0F,0x0F,0x49,0x00,0x09,0xC1,0x72,0x65,
    0x70,0x61,0x69,0x72,0x65,0x64,0x4C,0x69,0x6E,0x6B,0x60,0x0A,
    0x6F,0xEC,0x98,0xA4,0xEB,0x9E,0x98,0x96,0x10,0x01,0x07,0x94,
    0x02,0x6F,0xEB,0xB3,0xB5,0xEA,0xB5,0xAC,0x11,0x02,0x04,0x63,
    0x6C,0x6F,0x61,0x64,0x65,0x64,0x24,0x36,0x01,0x99,0x03,0x02,
    0xF7,0x1E,0x09,0xDA,0x03,0x03,0x85,0x52,0x25,0x99,0x94,0xB3,
    0x1E,0x07,0xDE,0x00,0x34,0x6C,0x6F,0x61,0x40,0x00,0x07,0xB2,
    0x03,0x0F,0x46,0x00,0x07,0x02,0x1F,0x1D,0x38,0xEB,0xAA,0xBB,
    0x92,0x00,0x0B,0x75,0x01,0x02,0x96,0x00,0x01,0x8F,0x00,0x0F,
    0x7B,0x00,0x0D,0x06,0x74,0x00,0x0F,0xB3,0x00,0x01,0x0F,0x6D,
    0x00,0x11,0xD3,0x63,0x6F,0x6E,0x6E,0x65,0x63,0x74,0x54,0x6F,
    0x52,0x65,0x6F,0x72,0x71,0x0D,0x04,0x73,0x0F,0x01,0xF0,0x2E,
    0xA1,0xEC,0x9D,0x84,0x20,0xEB,0x8B,0xA4,0xEB,0xA5,0xB8,0x5E,
    0x33,0x23,0x8A,0xA5,0xF8,0x03,0xA3,0xEC,0x97,0x90,0x20,0xEC,
    0x97,0xB0,0xEA,0xB2,0xB0,0xF6,0x3D,0x01,0x5E,0x0B,0x32,0xB4,
    0xED,0x94,0xF1,0x5E,0x17,0xB8,0x62,0x04,0x6F,0xEB,0xB3,0x80,
    0xEA,0xB2,0xBD,0xE3,0x10,0x02,0x03,0xA5,0x04,0x07,0x52,0x03,
    0x0C,0x47,0x00,0x02,0x8D,0x00,0x01,0x1E,0x02,0x0F,0xDC,0x03,
    0x09,0x87,0x70,0x61,0x73,0x73,0x4C,0x69,0x6E,0x6B,0xEA,0x04,
    0x03,0x25,0x0F,0x0E,0xA7,0x04,0x0F,0xF1,0x04,0x0F,0x01,0x01,
    0x0E,0x01,0xB7,0x28,0x07,0x62,0x01,0x51,0xB2,0x80,0xEC,0xA6,
    0x9D,0xF7,0x00,0x0D,0x77,0x05,0x0B,0xC2,0x01,0x03,0x5C,0x0D,
    0x01,0x3F,0x14,0x0B,0xC4,0x52,0x06,0x54,0x0D,0x02,0xED,0x02,
    0x0F,0x50,0x00,0x05,0x02,0xAF,0x03,0x12,0x2F,0x6C,0x28,0x0F,
    0x21,0x1C,0x21,0x03,0x14,0x1D,0x71,0x49,0x6E,0x4D,0x65,0x6D,
    0x6F,0x72,0xC6,0x14,0x91,0xEB,0xA9,0x94,0xEB,0xAA,0xA8,0xEB,
    0xA6,0xAC,0x75,0x00,0x01,0x7F,0x00,0x0A,0x11,0x68,0x0B,0x34,
    0x00,0x07,0x44,0x04,0x0B,0x84,0x06,0x01,0x25,0x1D,0x0E,0x4E,
    0x00,0x0F,0xD5,0x02,0x08,0x0B,0x0E,0x14,0x01,0xDE,0x02,0x0C,
    0x27,0x03,0x2A,0x8A,0x94,0x0C,0x06,0x06,0xFB,0x05,0x04,0xAA,
    0x04,0x01,0x8D,0x13,0x01,0x73,0x04,0x03,0xD6,0x1B,0x0F,0x98,
    0x3D,0x00,0x05,0x3C,0x2D,0x02,0x3E,0x1E,0x0A,0xE2,0x00,0x01,
    0x1D,0x00,0x0F,0xD8,0x00,0x0B,0x02,0x37,0x00,0x0D,0xCB,0x00,
    0x03,0xD2,0x08,0x07,0xCE,0x16,0x05,0xE5,0x25,0x06,0x29,0x08,
    0x01,0x72,0x16,0x06,0x0F,0x00,0x05,0xDD,0x16,0x01,0x6E,0x06,
    0x01,0xB7,0x0D,0x38,0x20,0x28,0x51,0x6A,0x0D,0x22,0x6D,0x6F,
    0x4D,0x3A,0x02,0x9D,0x1A,0x38,0x20,0x28,0x57,0x1D,0x00,0x01,
    0xA3,0x5C,0x01,0x7E,0x09,0x98,0xED,0x9A,0x8C,0xEC,0xA0,0x84,
    0x20,0x28,0x45,0x1F,0x00,0x0E,0x06,0x0F,0x38,0x20,0x28,0x52,
    0x21,0x00,0x14,0x72,0x7C,0x0D,0x05,0x26,0x4A,0x98,0xEB,0x8F,
    0x84,0xEA,0xB5,0xAC,0x20,0x28,0x54,0x27,0x00,0x08,0xEF,0x4B,
    0x02,0xBB,0x48,0x03,0x04,0x53,0x05,0x2F,0x00,0x2C,0x59,0x29,
    0x22,0x09,0x59,0x63,0x6F,0x6F,0x72,0x64,0xE9,0x00,0x33,0x6C,
    0x6F,0x63,0xDC,0x0B,0x0B,0xBC,0x48,0x02,0x1A,0x00,0x08,0x19,
    0x0B,0x01,0x21,0x00,0x6F,0x20,0xEC,0xA2,0x8C,0xED,0x91,0x8A,
    0x58,0x00,0x62,0x67,0x6C,0x6F,0x62,0x61,0x6C,0x3F,0x29,0x77,
    0x80,0xEB,0xA1,0x9C,0xEB,0xB2,0x8C,0x71,0x05,0x02,0x1E,0x00,
    0x07,0x4E,0x00,0x05,0x25,0x00,0x0B,0x51,0x00,0x03,0xB0,0x01,
    0x03,0x43,0x07,0x01,0x99,0x01,0x0C,0x0B,0x18,0x26,0x67,0x72,
    0xE6,0x11,0x02,0x64,0x46,0x03,0x2E,0x00,0x93,0x20,0x20,0x22,
    0x75,0x69,0x53,0x6E,0x61,0x70,0x6C,0x1E,0x58,0xEC,0x8A,0xA4,
    0xEB,0x83,0x5D,0x4F,0x5A,0x76,0x69,0x65,0x77,0x4D,0xB3,0x0C,
    0xAC,0x33,0x44,0x20,0x2F,0x20,0x32,0x44,0x20,0x55,0x49,0x2C,
    0x01,0x69,0x67,0x69,0x7A,0x6D,0x6F,0x73,0x69,0x11,0x55,0x70,
    0x6F,0x70,0x75,0x70,0x68,0x11,0x06,0x09,0x12,0x88,0xEA,0xB8,
    0xB0,0xEC,0xA6,0x88,0xEB,0xAA,0xC9,0x22,0x16,0x74,0x17,0x0D,
    0x0F,0x29,0x00,0x00,0xF2,0x0C,0x20,0x28,0xEC,0x95,0x84,0xEC,
    0x9D,0xB4,0xEC,0xBD,0x98,0x2C,0x20,0xEA,0xB2,0xBD,0xEA,0xB3,
    0x84,0x2C,0x20,0xEC,0xBD,0x9C,0xEB,0x9D,0xBC,0x35,0x13,0x13,
    0x2C,0x24,0x36,0x0B,0xEF,0x43,0x33,0x68,0x65,0x61,0xEE,0x05,
    0x0F,0x55,0x00,0x00,0x07,0x70,0x01,0x42,0x69,0x63,0x6F,0x6E,
    0x6E,0x07,0x04,0x67,0x00,0x0B,0x1D,0x00,0x05,0x76,0x24,0x04,
    0x20,0x00,0x3C,0x20,0xED,0x81,0xF3,0x21,0x01,0xAB,0x19,0x32,
    0x69,0x6F,0x6E,0x91,0x58,0x07,0x0D,0x03,0x02,0xB1,0x00,0x07,
    0x52,0x00,0x82,0x63,0x6F,0x6C,0x6C,0x69,0x64,0x65,0x72,0x73,
    0x00,0x07,0xC7,0x00,0x07,0x24,0x00,0x01,0xAE,0x4D,0x02,0xDD,
    0x0B,0x14,0x47,0x5B,0x01,0x03,0xDD,0x37,0x01,0x74,0x63,0x26,
    0xB0,0x8F,0xEA,0x0B,0x0F,0x52,0x01,0x02,0x52,0x73,0x68,0x6F,
    0x77,0x41,0xE9,0x20,0x63,0xEB,0xAA,0xA8,0xEB,0x91,0x90,0x9B,
    0x54,0x07,0x64,0x00,0x4A,0x68,0x69,0x64,0x65,0x23,0x00,0x57,
    0xEC,0x88,0xA8,0xEA,0xB8,0x19,0x1C,0x05,0x59,0x17,0x01,0x08,
    0x42,0x04,0xA4,0x0F,0x06,0xE3,0x01,0x57,0x61,0x70,0x70,0x6C,
    0x79,0xA8,0x02,0x31,0x55,0x49,0x20,0x86,0x15,0x07,0x62,0x6D,
    0x03,0x84,0x05,0x07,0x77,0x00,0x0B,0x18,0x02,0x01,0xE5,0x04,
    0x07,0x49,0x16,0x0F,0x44,0x00,0x00,0x07,0x3D,0x00,0x02,0x8D,
    0x16,0x07,0x73,0x00,0x0F,0x40,0x00,0x1C,0x14,0x6C,0x20,0x12,
    0x0C,0xA8,0x00,0x0D,0xD1,0x02,0x24,0x61,0x6D,0x37,0x2C,0x06,
    0xF0,0x00,0x05,0x50,0x19,0x03,0x7D,0x14,0x37,0xEB,0xB7,0xB0,
    0x9C,0x00,0x0F,0xCB,0x0D,0x46,0x01,0x31,0x0B,0x0E,0xDC,0x15,
    0x0F,0x71,0x0E,0x01,0x05,0x97,0x16,0x07,0x81,0x57,0x0B,0x26,
    0x04,0x42,0x68,0x69,0x73,0x74,0x2D,0x07,0x06,0xD9,0x00,0x73,
    0x6D,0x6F,0x76,0x65,0x55,0x69,0x52,0xC6,0x05,0x36,0x55,0x49,
    0x20,0x4F,0x05,0x0C,0x70,0x20,0x03,0xB2,0x05,0x0F,0x2E,0x00,
    0x04,0x02,0xC5,0x05,0x07,0x15,0x01,0x5F,0x72,0x65,0x73,0x69,
    0x7A,0x5C,0x00,0x05,0x02,0x46,0x03,0x4A,0x20,0xEC,0xA1,0xB0,
    0x14,0x65,0x01,0xF6,0x05,0x0F,0x62,0x00,0x04,0x06,0x38,0x1F,
    0x06,0xC9,0x04,0x05,0xDE,0x05,0x11,0x45,0x69,0x5A,0x01,0x7D,
    0x03,0x04,0x5B,0x5A,0x18,0x20,0xEE,0x05,0x04,0xE6,0x01,0x07,
    0xE2,0x06,0x13,0x6D,0xD4,0x2B,0x0C,0xB2,0x1D,0x0F,0x58,0x1D,
    0x01,0x13,0x67,0x24,0x00,0x0F,0xB1,0x1D,0x03,0x01,0x25,0x07,
    0x31,0x22,0xEC,0x83,0xF5,0x2D,0x6A,0xEB,0xA7,0x8C,0xEB,0x93,
    0xA4,0x17,0x26,0x44,0x63,0x6F,0x6D,0x70,0xE6,0x1A,0x04,0xAA,
    0x15,0x07,0x2B,0x01,0x06,0x46,0x0C,0x01,0xC1,0x00,0x0F,0x3B,
    0x1D,0x0A,0x0F,0xBA,0x1D,0x0B,0x0B,0xF2,0x01,0x4D,0x6E,0x6F,
    0x64,0x65,0x18,0x1B,0x62,0x65,0x64,0x69,0x74,0x4E,0x6F,0x7B,
    0x07,0x02,0x35,0x09,0x03,0x2B,0x1D,0x0A,0x9D,0x13,0x01,0xFA,
    0x03,0x0B,0x28,0x00,0x0F,0xDD,0x4A,0x01,0x19,0x6E,0x4B,0x00,
    0x04,0x68,0x01,0x03,0xA3,0x01,0x9B,0x22,0x62,0x6C,0x61,0x63,
    0x6B,0x62,0x6F,0x61,0x50,0x07,0x03,0x4A,0x30,0x15,0x56,0x7D,
    0x60,0x5A,0xB8,0xB0,0xEB,0xB3,0xB8,0x33,0x71,0x03,0x24,0x00,
    0x12,0x55,0x1D,0x30,0x03,0x6E,0x30,0x2D,0x55,0x52,0x82,0x06,
    0x0F,0xF7,0x74,0x00,0x0C,0x79,0x00,0x9B,0x22,0xEB,0xB8,0x94,
    0xEB,0x9E,0x99,0xEB,0xB3,0xAA,0x6A,0x04,0x5F,0x37,0x13,0x65,
    0xC9,0x20,0xC3,0xEB,0xA7,0xA4,0xEA,0xB0,0x9C,0xEB,0xB3,0x80,
    0xEC,0x88,0x98,0x1B,0x27,0x07,0xA7,0x01,0x0A,0x63,0x41,0x23,
    0x65,0x74,0xC9,0x05,0x06,0x59,0x41,0x08,0x3F,0x00,0x0C,0x86,
    0x11,0x08,0xF8,0x14,0x0F,0xA4,0x38,0x14,0x25,0x75,0x69,0x9A,
    0x13,0x23,0x55,0x49,0x4E,0x13,0x07,0x8F,0x00,0x12,0x6D,0xD6,
    0x0D,0x0D,0x34,0x54,0x31,0x6D,0x61,0x78,0x47,0x02,0x0C,0x22,
    0x13,0x0F,0x40,0x60,0x0A,0x01,0x78,0x20,0x1F,0x44,0x22,0x00,
    0x01,0x7E,0x20,0xEC,0xA0,0x95,0xEB,0xB3,0xB4,0xD0,0x00,0x0B,
    0x6C,0x02,0x06,0xF2,0x12,0x07,0x5E,0x04,0x22,0x65,0x73,0xB5,
    0x22,0x11,0xAF,0x84,0x08,0x5D,0xB3,0xB4,0xEA,0xB8,0xB0,0xF3,
    0x23,0x0F,0xB1,0x25,0x08,0x03,0x46,0x02,0x01,0x52,0x2C,0x11,
    0x6D,0xB1,0x02,0x02,0xA9,0x20,0x07,0x06,0x01,0x27,0x75,0x73,
    0x78,0x10,0x04,0x5D,0x24,0x08,0x73,0x13,0x13,0x3A,0x59,0x3F,
    0x2C,0x20,0x30,0xF4,0x46,0x09,0x6B,0x0B,0x01,0x25,0x11,0x01,
    0xC5,0x0A,0x01,0x74,0x0F,0x0C,0xA4,0x00,0x02,0x67,0x00,0x41,
    0x70,0x68,0x65,0x72,0x87,0x00,0x0F,0x61,0x00,0x24,0x0C,0x9B,
    0x24,0xB2,0x22,0x63,0x6F,0x6E,0x74,0x72,0x6F,0x6C,0x73,0x48,
    0x69,0xFB,0x1C,0x04,0x89,0x14,0x22,0x93,0x9C,0x6B,0x3F,0x1A,
    0x3A,0x49,0x17,0x02,0x65,0x05,0xD2,0x20,0x20,0xED,0x9C,0xA0,
    0x3A,0x20,0xEC,0xA4,0x8C,0x20,0x20,0x46,0x5C,0x30,0x01,0xBF,
    0x1A,0x0C,0x7C,0x03,0x42,0x61,0x64,0x64,0x4E,0x49,0x16,0x06,
    0x92,0x01,0x64,0x73,0x65,0x61,0x72,0x63,0x68,0x6F,0x00,0x02,
    0x5C,0x3B,0x68,0x20,0xEA,0xB2,0x80,0xEC,0x83,0x53,0x6E,0xD2,
    0x6E,0x6F,0x4D,0x61,0x74,0x63,0x68,0x69,0x6E,0x67,0x4E,0x6F,
    0x64,0x30,0x46,0x62,0xEC,0x9D,0xBC,0xEC,0xB9,0x98,0x8B,0x44,
    0x12,0x20,0x38,0x00,0x0F,0x13,0x02,0x0E,0x5C,0x63,0x61,0x74,
    0x65,0x67,0x72,0x06,0x0F,0x7A,0x3B,0x08,0x1A,0x70,0x58,0x03,
    0x07,0x8D,0x03,0x07,0xF1,0x01,0x13,0x6D,0x56,0x36,0x57,0xEC,
    0x88,0x98,0xED,0x95,0x0F,0x27,0x43,0x22,0x6C,0x6F,0x67,0x6D,
    0x27,0x2A,0x85,0xBC,0x6B,0x40,0x06,0x0F,0x19,0x06,0x7C,0x17,
    0x07,0x52,0x00,0x44,0x73,0x68,0x61,0x64,0xCB,0x18,0x02,0x8E,
    0x1D,0x27,0x94,0xA9,0x1F,0x00,0x43,0x6F,0x75,0x74,0x70,0x9A,
    0x05,0x01,0x34,0x10,0x08,0x1B,0x00,0x31,0x74,0x68,0x65,0x92,
    0x53,0x6C,0xEA,0xB8,0xB0,0xED,0x83,0x80,0x81,0x01,0x3F,0x73,
    0x75,0x62,0x03,0x01,0x02,0x01,0x81,0x18,0xA1,0x78,0x41,0x74,
    0x74,0x72,0x69,0x62,0x75,0x74,0x65,0x0F,0x0A,0x06,0x33,0x41,
    0x02,0x21,0x14,0x07,0x66,0x00,0x03,0xBF,0x00,0x01,0x27,0x00,
    0x06,0xC0,0x00,0x0B,0x7F,0x03,0x0F,0xD6,0x15,0x00,0x02,0x6B,
    0x11,0x11,0x43,0xC6,0x1F,0x05,0xC8,0x01,0x01,0x0F,0x1B,0x33,
    0xEC,0x9D,0x98,0x65,0x0E,0x08,0xC9,0x1F,0x01,0x0D,0x02,0x01,
    0xFD,0x0E,0x0F,0x9A,0x11,0x0D,0x09,0x56,0x00,0x52,0x53,0x6B,
    0x69,0x70,0x70,0xD3,0x11,0x0F,0x5D,0x00,0x1A,0x41,0xEA,0xB3,
    0xA0,0x20,0x31,0x00,0xD8,0xEB,0xA5,0xBC,0x20,0xEA,0xB1,0xB4,
    0xEB,0x84,0x88,0xEB,0x9B,0xB0,0xEC,0x36,0x07,0x04,0x01,0x02,
    0xD9,0x24,0x02,0x66,0x00,0x11,0xEB,0xB0,0x24,0x04,0xA6,0x00,
    0x18,0x98,0x0C,0x1A,0x74,0x61,0x6C,0x72,0x65,0x61,0x64,0x79,
    0x39,0x40,0x02,0x99,0x18,0x71,0x20,0xEC,0x97,0xB4,0xEB,0xA0,
    0xA4,0x32,0x2C,0x18,0x9D,0x6F,0x0D,0x07,0x2E,0x00,0x43,0x4D,
    0x65,0x73,0x73,0x83,0x60,0x08,0x17,0x32,0x06,0x99,0x16,0x01,
    0xED,0x02,0x0D,0x4F,0x00,0x04,0xB2,0x32,0x0B,0x23,0x11,0x02,
    0xDD,0x37,0x0F,0x54,0x00,0x0E,0x01,0x81,0x04,0x28,0x97,0xB4,
    0xF3,0x00,0x0F,0x49,0x00,0x00,0x02,0xA5,0x11,0x0F,0x4D,0x00,
    0x0E,0x03,0xD3,0x38,0x03,0xC0,0x11,0x0B,0x48,0x00,0x42,0x6C,
    0x6F,0x61,0x64,0x48,0x00,0x01,0x9C,0x10,0x02,0xE0,0x01,0x21,
    0x98,0xA4,0xA0,0x24,0x01,0xF0,0x11,0x07,0x6B,0x01,0x02,0x37,
    0x02,0x08,0x28,0x00,0x08,0x62,0x01,0x0A,0xE2,0x2E,0x04,0xEC,
    0x66,0x0C,0x44,0x00,0x01,0x8A,0x10,0x01,0x86,0x06,0x01,0x21,
    0x00,0x0A,0xA7,0x10,0x03,0x0E,0x09,0x06,0x90,0x00,0x05,0x14,
    0x09,0x0E,0x49,0x00,0xB7,0x77,0x72,0x69,0x74,0x65,0x53,0x68,
    0x61,0x64,0x65,0x72,0x30,0x00,0x23,0x83,0x9D,0x79,0x1E,0x05,
    0x3E,0x21,0x4F,0x20,0xEC,0x93,0xB0,0xCE,0x00,0x02,0x03,0x6D,
    0x00,0x02,0x8D,0x00,0x04,0x68,0x00,0x0E,0xA4,0x4A,0x06,0x83,
    0x09,0x07,0x12,0x16,0x0F,0x8A,0x09,0x00,0x03,0xD6,0x0C,0x0A,
    0xD1,0x00,0x43,0x6C,0x69,0x76,0x65,0xC6,0x19,0x07,0x8C,0x18,
    0x11,0xEC,0xA7,0x02,0x3A,0xEA,0xB0,0x84,0xC4,0x05,0x08,0xA1,
    0x13,0x0A,0x47,0x00,0xA2,0x65,0x64,0x69,0x74,0x65,0x64,0x22,
    0x3A,0x20,0x22,0x90,0x09,0x0A,0x1E,0x00,0x03,0x60,0x07,0x92,
    0x4D,0x65,0x73,0x68,0x43,0x68,0x61,0x6E,0x67,0x2A,0x00,0x08,
    0x89,0x06,0x03,0xB6,0x06,0x01,0xC2,0x03,0x02,0x95,0x14,0x16,
    0x96,0xA2,0x02,0x07,0xE1,0x01,0x07,0x4A,0x00,0x33,0x52,0x65,
    0x73,0x57,0x25,0x0E,0xA2,0x07,0x01,0x97,0x03,0x51,0xB5,0xAC,
    0xEC,0xB2,0xB4,0xCC,0x38,0x04,0x3C,0x1C,0x08,0x3C,0x12,0x0E,
    0x55,0x00,0x11,0x53,0x7D,0x2D,0x0F,0xA1,0x00,0x05,0x0B,0x91,
    0x2D,0x0F,0xAA,0x00,0x15,0x03,0x55,0x00,0x4F,0x6C,0x65,0x61,
    0x72,0xF6,0x00,0x00,0x0F,0x55,0x00,0x00,0x66,0xEC,0xA7,0x80,
    0xEC,0x9B,0xA0,0xD3,0x16,0x03,0x2C,0x05,0x07,0xFD,0x0B,0x02,
    0x88,0x60,0x2F,0x6F,0x72,0xFD,0x0B,0x11,0x0F,0xE0,0x0B,0x0F,
    0x62,0x61,0x64,0x64,0x53,0x74,0x61,0x53,0x0B,0x01,0x85,0x4D,
    0x01,0xB5,0x45,0x05,0x8E,0x66,0x0D,0x18,0x06,0x0E,0xAC,0x05,
    0x02,0x32,0x04,0x01,0xA5,0x02,0x07,0xF7,0x3D,0x09,0x85,0x55,
    0x0F,0x2E,0x04,0x0F,0x06,0xA9,0x00,0x1F,0x20,0x46,0x00,0x06,
    0x0F,0x19,0x04,0x00,0x02,0x78,0x00,0x04,0x15,0x04,0x0C,0xED,
    0x03,0x01,0x91,0x02,0x02,0xE8,0x03,0x0A,0x91,0x02,0x0F,0x0A,
    0x04,0x17,0x02,0xBA,0x03,0x33,0x42,0x61,0x64,0xCC,0x0B,0x02,
    0x4E,0x00,0x03,0xED,0x03,0xFC,0x00,0x3A,0x20,0xEC,0x9E,0x98,
    0xEB,0xAA,0xBB,0xEB,0x90,0x9C,0x20,0x75,0x72,0x69,0x2C,0x01,
    0x01,0x14,0x08,0x0C,0xA0,0x2F,0x22,0x22,0x62,0x8A,0x14,0x57,
    0x22,0x42,0x6F,0x6F,0x6C,0x85,0x02,0x52,0x74,0x72,0x69,0x67,
    0x67,0x92,0x07,0x13,0x54,0x0B,0x00,0x06,0x43,0x0A,0x0B,0xF2,
    0x4B,0x03,0x14,0x02,0x03,0x20,0x00,0x44,0x22,0x63,0x6F,0x6E,
    0xDF,0x4C,0x12,0x7B,0x1B,0x00,0x73,0x20,0x20,0x22,0x67,0x72,
    0x65,0x61,0x1B,0x0C,0xB8,0x3E,0x20,0xEB,0xB3,0xB4,0xEB,0x8B,
    0xA4,0x20,0xED,0x81,0x81,0x0E,0x31,0x6C,0x65,0x73,0x98,0x07,
    0x14,0x3C,0x1F,0x00,0x3A,0xEC,0x9E,0x91,0x65,0x06,0xFA,0x00,
    0x65,0x71,0x75,0x61,0x6C,0x22,0x3A,0x20,0x22,0x3D,0x3D,0x20,
    0xEA,0xB0,0x99,0x1D,0x00,0x44,0x6E,0x6F,0x74,0x45,0x20,0x00,
    0x12,0x21,0x20,0x00,0x03,0xF9,0x68,0x09,0x44,0x00,0x42,0x69,
    0x73,0x54,0x72,0x5D,0x7E,0x67,0x74,0x72,0x75,0x65,0xEC,0x9E,
    0x17,0x2D,0x62,0x22,0x69,0x73,0x46,0x61,0x6C,0x47,0x22,0x4B,
    0x66,0x61,0x6C,0x73,0x1E,0x00,0x03,0x12,0x01,0x12,0x53,0xE6,
    0x03,0x02,0xC2,0x7F,0x42,0xEA,0xB1,0xB0,0x20,0x08,0x20,0x3C,
    0xEB,0x90,0xA8,0x70,0x01,0x1C,0x6E,0x32,0x0A,0x35,0x61,0x6E,
    0x79,0xDC,0x02,0x42,0x41,0x6E,0x79,0x20,0x0D,0x00,0x15,0x2C,
    0x24,0x01,0x33,0x61,0x6E,0x79,0x8C,0x22,0x67,0x61,0x6E,0x79,
    0x20,0x2D,0x3E,0x8F,0x01,0x02,0xA1,0x0C,0x57,0x2D,0x3E,0x20,
    0x69,0x6E,0x16,0x00,0x03,0x5E,0x27,0x3A,0x6F,0x75,0x74,0x2E,
    0x00,0x23,0x63,0x6C,0x1F,0x21,0x5B,0x81,0xB4,0xEB,0xA6,0xBD,
    0x37,0x1E,0x22,0x70,0x65,0xA6,0x02,0x03,0x67,0x6E,0x69,0x7B,
    0x3A,0x2E,0x32,0x66,0x7D,0x5A,0x1E,0x47,0x6C,0x6F,0x6F,0x70,
    0x87,0x2B,0x01,0x84,0x56,0x1D,0x94,0x2A,0x15,0x0D,0xBC,0x29,
    0xA1,0x73,0x65,0x74,0x41,0x73,0x45,0x6E,0x74,0x72,0x79,0x7D,
    0x03,0x13,0x97,0xE6,0x80,0x01,0xF3,0x04,0x01,0x24,0x01,0x07,
    0xBA,0x00,0xF3,0x03,0x61,0x64,0x64,0x54,0x72,0x61,0x6E,0x73,
    0x69,0x74,0x69,0x6F,0x6E,0x46,0x72,0x6F,0x6D,0x48,0x0F,0x0C,
    0x94,0xEC,0x97,0xAC,0xEA,0xB8,0xB0,0xEC,0x84,0x9C,0x74,0x10,
    0x4F,0xA7,0x80,0xEC,0x85,0x42,0x0E,0x00,0x11,0x64,0xD6,0x1D,
    0x02,0x42,0x01,0x0D,0x2B,0x04,0x01,0x01,0x1A,0x07,0x6E,0x00,
    0x02,0x2D,0x00,0x06,0x71,0x00,0x01,0x19,0x06,0x09,0x5F,0x00,
    0x02,0x32,0x00,0x02,0x8A,0x01,0x05,0xB2,0x13,0x12,0x73,0x8E,
    0x14,0x0B,0xC8,0x02,0x03,0x2F,0x26,0x05,0xD6,0x1F,0x07,0x68,
    0x00,0x01,0x62,0x03,0x05,0xCE,0x0E,0x08,0x37,0x46,0x07,0x25,
    0x00,0x1F,0x73,0xDF,0x04,0x01,0x07,0x20,0x00,0x15,0x74,0x18,
    0x01,0x0C,0xA7,0x00,0x0C,0x61,0x02,0x1D,0x66,0xFC,0x56,0x1D,
    0x65,0x7E,0x01,0x07,0x59,0x00,0x0A,0x16,0x02,0x07,0x19,0x00,
    0x0B,0x13,0x02,0x07,0x1A,0x00,0x22,0x6C,0x6F,0x3F,0x30,0x03,
    0x02,0x02,0x06,0xAB,0x02,0x31,0x6E,0x6F,0x41,0xF7,0x05,0x36,
    0x69,0x6F,0x6E,0xBD,0x3C,0x16,0x28,0xAA,0x29,0x08,0x35,0x05,
    0x01,0xC0,0x01,0xCD,0x97,0x90,0xEC,0x85,0x8B,0x20,0xEC,0x97,
    0x86,0xEC,0x9D,0x8C,0x26,0x18,0x01,0x38,0x01,0x09,0x67,0x01,
    0x21,0x61,0x64,0x2D,0x05,0x08,0x43,0x01,0x0E,0x46,0x10,0x03,
    0x92,0x03,0x04,0x83,0x0D,0x15,0x28,0x94,0x03,0x0D,0x61,0x00,
    0x09,0x54,0x01,0x06,0x95,0x04,0x23,0x72,0x6F,0xFA,0x4C,0x7A,
    0x7B,0x7D,0x20,0x20,0x2D,0x3E,0x20,0x2A,0x03,0x08,0x92,0x44,
    0x7D,0xEC,0xA7,0x80,0xEC,0x86,0x8D,0x20,0x34,0x0F,0x04,0x24,
    0x00,0x06,0xEA,0x25,0x49,0x25,0x2E,0x32,0x66,0xB2,0x44,0x84,
    0x68,0x61,0x73,0x45,0x78,0x69,0x74,0x54,0x77,0x0F,0x03,0x1D,
    0x82,0x53,0x8B,0x9C,0xEA,0xB0,0x84,0x3B,0x0C,0x07,0x72,0x01,
    0x1F,0x65,0x2B,0x00,0x05,0x07,0x24,0x00,0x41,0x63,0x6F,0x6E,
    0x64,0x39,0x03,0x06,0xED,0x0E,0x73,0xA1,0xB0,0xEA,0xB1,0xB4,
    0x20,0x28,0xA7,0x16,0xF7,0x02,0xEC,0xB6,0xA9,0xEC,0xA1,0xB1,
    0xED,0x95,0xB4,0xEC,0x95,0xBC,0x20,0xED,0x95,0xA8,0x29,0x3D,
    0x00,0x01,0x6C,0x01,0x65,0x50,0x6C,0x61,0x63,0x65,0x68,0x1B,
    0x44,0x18,0x28,0x68,0x01,0x08,0x2D,0x00,0x44,0x61,0x64,0x64,
    0x43,0x6D,0x00,0x01,0xD5,0x03,0x02,0x68,0x00,0x03,0x45,0x55,
    0x03,0x2F,0x03,0x07,0x0C,0x08,0x18,0x63,0xF5,0x43,0x03,0x68,
    0x01,0x0F,0xA4,0x07,0x05,0x02,0xCB,0x06,0x01,0xE4,0x02,0x01,
    0xA8,0x2E,0x01,0xBB,0x1D,0x2F,0x97,0xB4,0xF8,0x1E,0x00,0x08,
    0xF1,0x11,0x07,0xDE,0x07,0x01,0x7F,0x44,0x0F,0xCB,0x07,0x0F,
    0x0A,0x5D,0x07,0x07,0x6C,0x00,0x01,0x50,0x0B,0x3F,0xED,0x95,
    0x98,0x72,0x00,0x0C,0x06,0x81,0x0B,0x06,0x71,0x00,0x02,0x3B,
    0x00,0x07,0x14,0x0A,0x0B,0x0C,0x08,0x04,0x05,0x2E,0x11,0x52,
    0x45,0x32,0x02,0xE6,0x00,0x02,0xAA,0x1D,0x11,0x20,0x81,0x00,
    0x06,0xFF,0x1E,0x01,0xF6,0x00,0x02,0x4F,0x00,0x6A,0x95,0x98,
    0xEA,0xB3,0xA0,0x20,0x93,0x0D,0x25,0x99,0x94,0x7B,0x09,0x08,
    0x06,0x01,0x02,0xF5,0x2C,0x08,0x5E,0x00,0x06,0xBF,0x0B,0x03,
    0xD2,0x19,0x81,0xB8,0x8C,0xEB,0x9F,0xAC,0xEB,0xA6,0xAC,0x21,
    0x01,0x0F,0x61,0x00,0x1E,0x24,0x72,0x65,0x8A,0x2D,0x01,0xF7,
    0x01,0x01,0xFA,0x00,0x03,0xC5,0x03,0x03,0xE9,0x1F,0x07,0x10,
    0x3B,0x0F,0xA5,0x00,0x04,0x22,0x6E,0x6F,0x1D,0x2A,0x02,0x96,
    0x39,0x01,0x48,0x00,0x22,0x9D,0xB4,0x00,0x01,0xC3,0xBC,0xEC,
    0x97,0x90,0x20,0xEB,0x8C,0x80,0xED,0x95,0xB4,0x20,0xED,0x15,
    0x5A,0xEA,0xB3,0xA0,0xEC,0xB9,0x63,0x3B,0x05,0xFE,0x30,0x11,
    0xB4,0x39,0x04,0x04,0x22,0x0E,0x0D,0x30,0x13,0x0A,0x8F,0x13,
    0x03,0x77,0x02,0x01,0xEA,0x12,0x13,0x74,0xFF,0x2B,0x48,0xA7,
    0x84,0xEB,0x8B,0x2C,0x1B,0x05,0x24,0x5C,0x01,0x19,0x00,0x0E,
    0x61,0x00,0x06,0xE9,0x04,0x09,0x43,0x50,0x61,0xEC,0xA4,0x84,
    0x20,0x7B,0x7D,0xEC,0x01,0x03,0xFC,0x02,0x03,0x29,0x00,0x0F,
    0x37,0x1C,0x02,0x02,0x69,0x0F,0x01,0xFE,0x0D,0x02,0x2F,0x01,
    0x04,0x18,0x0A,0x0B,0xD3,0x16,0x04,0x6C,0x01,0x07,0x2A,0x00,
    0x04,0x49,0x05,0x01,0x2A,0x00,0x0B,0x6B,0x00,0x12,0x68,0xE1,
    0x12,0x06,0xE7,0x00,0x31,0x6F,0x70,0x65,0x43,0x07,0xC2,0x43,
    0x6F,0x6E,0x74,0x65,0x6E,0x74,0x42,0x72,0x6F,0x77,0x73,0x4C,
    0x11,0x03,0x12,0x00,0x13,0x20,0x13,0x00,0x76,0xEC,0x97,0x90,
    0xEC,0x84,0x9C,0x20,0xAB,0x6B,0x56,0x8A,0xB8,0xEB,0x82,0x98,
    0x45,0x57,0x01,0x2B,0x02,0x88,0x97,0xAC,0xEC,0x84,0xB8,0xEC,
    0x9A,0x94,0x05,0x01,0x22,0x6E,0x6F,0x13,0x47,0x0F,0x95,0x24,
    0x03,0x03,0x1E,0x02,0x01,0xD9,0x02,0x1E,0xBC,0x4C,0x01,0x03,
    0xBF,0x00,0x07,0x26,0x04,0x41,0x61,0x69,0x43,0x68,0xA0,0x41,
    0x03,0xC4,0x00,0x61,0x22,0x77,0x65,0x6C,0x63,0x6F,0x1F,0x05,
    0x03,0x12,0x00,0x02,0x31,0x0A,0x51,0x65,0x74,0x69,0x6E,0x67,
    0x38,0x02,0x46,0x95,0x88,0xEB,0x85,0x52,0x3B,0x16,0x2C,0x48,
    0x48,0xA1,0x20,0xEB,0x82,0xB4,0x20,0xEC,0x96,0xB4,0xEC,0x8B,
    0x8C,0x1E,0x86,0x84,0xB4,0xED,0x8A,0xB8,0x20,0x7B,0x7D,0x12,
    0x20,0x07,0xFA,0x04,0xA2,0x63,0x61,0x70,0x61,0x62,0x69,0x6C,
    0x69,0x74,0x69,0x28,0x12,0x03,0x81,0x1A,0x31,0xEC,0xA0,0x9C,
    0x6A,0x0A,0x71,0x84,0x20,0xEB,0x8F,0x84,0xEC,0x99,0xB4,0x6E,
    0x23,0xA6,0xBD,0x68,0x46,0x67,0x20,0xEC,0x94,0xAC,0xEA,0xB3,
    0xB0,0x46,0x03,0xE1,0x17,0x3B,0x2C,0x20,0x4C,0xBC,0x60,0x71,
    0x20,0xEC,0x9E,0x91,0xEC,0x84,0xB1,0x57,0x1C,0xB8,0xEB,0x94,
    0x94,0xEB,0xB2,0x84,0xEA,0xB9,0x85,0x2C,0x20,0x03,0x11,0x45,
    0xEA,0xB3,0xBC,0x20,0x06,0x04,0x11,0xA8,0x31,0x5D,0x01,0x34,
    0x00,0x11,0x2C,0x68,0x2E,0x81,0xA1,0x9C,0xEC,0xA0,0x9D,0xED,
    0x8A,0xB8,0xE9,0x3C,0xF5,0x04,0xA0,0xA8,0x20,0xEC,0xA7,0x88,
    0xEB,0xAC,0xB8,0x20,0xEB,0x8B,0xB5,0xEB,0xB3,0x80,0xEC,0x9D,
    0xB4,0x60,0x44,0x13,0xA9,0x9C,0x00,0x07,0xDB,0x00,0x66,0x65,
    0x78,0x61,0x6D,0x70,0x6C,0xEC,0x52,0x54,0xEC,0x98,0x88,0xEC,
    0x8B,0xAC,0x55,0xBE,0xED,0x95,0xB4,0x20,0xEB,0xB3,0xB4,0xEA,
    0xB8,0xB0,0x3A,0x33,0x00,0x01,0x80,0x05,0x23,0x94,0x8C,0x5E,
    0x36,0x51,0x96,0xB4,0x20,0xEC,0x9C,0xEA,0x3C,0x05,0x77,0x6A,
    0x03,0x50,0x04,0x31,0xED,0x8A,0xB8,0x1F,0x02,0x54,0xB6,0x94,
    0xEA,0xB0,0x80,0x16,0x3F,0x11,0xB6,0x2D,0x01,0xF7,0x0B,0x9F,
    0xBD,0xEA,0xB2,0x8C,0x20,0xEA,0xB9,0x9C,0xEB,0xB9,0xA1,0xEC,
    0x9D,0xB4,0xEA,0xB2,0x8C,0x20,0xED,0x95,0xB4,0xEC,0xA4,0x98,
    0x2E,0x6F,0x00,0x42,0x75,0x73,0x65,0x45,0xA5,0x00,0x01,0xD1,
    0x01,0x39,0x9D,0xB4,0x20,0xA4,0x00,0x04,0x26,0x02,0x05,0x50,
    0x03,0x44,0x68,0x69,0x6E,0x6B,0xFE,0x01,0x58,0x83,0x9D,0xEA,
    0xB0,0x81,0xBE,0x29,0x41,0x22,0x79,0x6F,0x75,0x2E,0x03,0x24,
    0x82,0x98,0x63,0x00,0x44,0x22,0x72,0x65,0x73,0xBA,0x7F,0x03,
    0x43,0x05,0x02,0x4C,0x67,0x05,0x21,0x00,0x3A,0x6E,0x65,0x77,
    0x77,0x02,0x03,0xB7,0x03,0x21,0x74,0x69,0xBF,0x1F,0xF6,0x03,
    0xEC,0x83,0x88,0x20,0xEC,0xB1,0x84,0xED,0x8C,0x85,0x20,0x28,
    0xEA,0xB8,0xB0,0xEB,0xA1,0x9D,0xA4,0x19,0x0D,0x50,0x08,0x12,
    0x73,0x57,0x39,0x12,0x7B,0xB6,0x00,0x0B,0x49,0x00,0x26,0xA0,
    0x95,0x72,0x69,0x07,0x4C,0x0A,0x29,0x6E,0x64,0xE2,0x08,0x07,
    0xAF,0x1F,0x05,0x3F,0x36,0x7D,0x20,0x28,0x45,0x6E,0x74,0x65,
    0x72,0x6F,0x00,0x52,0x63,0x6F,0x6D,0x70,0x6F,0xD4,0x03,0x06,
    0x73,0x00,0x03,0x08,0x04,0x11,0x22,0x33,0x00,0x31,0xEB,0xA1,
    0x9C,0x37,0x0D,0x11,0x82,0x18,0x18,0x85,0xC2,0xB7,0x20,0x43,
    0x74,0x72,0x6C,0x2B,0x1B,0x00,0x9C,0xEC,0xA4,0x84,0xEB,0xB0,
    0x94,0xEA,0xBF,0x88,0x68,0x01,0x0F,0xDC,0x32,0x00,0xA4,0x61,
    0x67,0x65,0x6E,0x74,0x44,0x69,0x73,0x61,0x62,0xEC,0x11,0x81,
    0x97,0x90,0xEC,0x9D,0xB4,0xEC,0xA0,0x84,0x9D,0x02,0x01,0xF4,
    0x25,0x03,0x3D,0x40,0x07,0xED,0x68,0x11,0x98,0xCE,0x3C,0x16,
    0x9E,0x26,0x11,0x13,0x2E,0x4E,0x01,0xF4,0x0A,0xED,0x95,0x98,
    0xEB,0xA0,0xA4,0xEB,0xA9,0xB4,0x20,0x45,0x64,0x69,0x74,0x6F,
    0x72,0x20,0x53,0x65,0x74,0x74,0x69,0x6E,0x67,0x73,0x8E,0x04,
    0x07,0x5E,0x00,0x01,0x0D,0x4A,0x04,0x54,0x00,0x07,0xB5,0x23,
    0x02,0x67,0x01,0x06,0x4C,0x01,0x0E,0xF5,0x0F,0x48,0x6C,0x61,
    0x75,0x6E,0x0D,0x2B,0xF1,0x00,0x27,0x63,0x6C,0x61,0x75,0x64,
    0x65,0x27,0x20,0xEC,0x8B,0xA4,0xED,0x96,0x89,0xC9,0x24,0x01,
    0x5A,0x13,0x08,0x74,0x11,0x31,0x2E,0x20,0x43,0x26,0x00,0x41,
    0x20,0x43,0x4C,0x49,0x95,0x14,0x56,0x84,0xA4,0xEC,0xB9,0x98,
    0xCC,0x00,0x81,0xEA,0xB3,0xA0,0x20,0x50,0x41,0x54,0x48,0x3E,
    0x00,0x94,0x9E,0x88,0xEB,0x82,0x98,0xEC,0x9A,0x94,0x3F,0x51,
    0x02,0x0B,0x76,0x00,0x07,0x31,0x0D,0x1F,0x2D,0x58,0x00,0x23,
    0x0B,0xE6,0x00,0x12,0x74,0x99,0x0F,0x06,0xF1,0x01,0x13,0x66,
    0x37,0x32,0x21,0x4E,0x61,0x2B,0x05,0x12,0x22,0x76,0x23,0x07,
    0x8F,0x00,0x01,0x10,0x18,0x33,0x50,0x72,0x65,0xC7,0x79,0x02,
    0xD1,0x26,0x27,0x3A,0x20,0x22,0x00,0x57,0x72,0x65,0x73,0x75,
    0x6C,0x23,0x00,0x8C,0xEA,0xB2,0xB0,0xEA,0xB3,0xBC,0x3A,0x20,
    0x17,0x02,0x54,0x70,0x65,0x72,0x6D,0x69,0xFE,0x6A,0x06,0x82,
    0x00,0x07,0xB4,0x02,0x08,0xB7,0x01,0xB9,0x20,0xEA,0xB6,0x8C,
    0xED,0x95,0x9C,0x20,0xEB,0xAA,0xA8,0x67,0x3E,0x07,0x3D,0x22,
    0x0F,0x22,0x00,0x05,0x02,0xCB,0x01,0x07,0x92,0x15,0x2A,0x41,
    0x49,0x4E,0x00,0x1A,0x3A,0x94,0x0B,0x0B,0x88,0x42,0x01,0x84,
    0x01,0x21,0x62,0x65,0x15,0x10,0x02,0xD2,0x5D,0x06,0xED,0x00,
    0x07,0x23,0x03,0x33,0xEA,0xB0,0x81,0xB8,0x05,0xD1,0xEC,0x9D,
    0xB4,0xEB,0x82,0x98,0x20,0xEB,0xAA,0x85,0xEB,0xA0,0xB9,0x4B,
    0x2C,0x32,0x97,0x90,0x20,0x3A,0x00,0x07,0x59,0x05,0x02,0x8A,
    0x01,0x06,0x72,0x02,0xE8,0x20,0x20,0x22,0x61,0x63,0x63,0x65,
    0x70,0x74,0x45,0x64,0x69,0x74,0x73,0x13,0x01,0x09,0x81,0x00,
    0x03,0x26,0x3B,0x4A,0x88,0x98,0xEB,0x9D,0xE0,0x3D,0x04,0xAB,
    0x03,0x02,0x23,0x07,0x05,0x8B,0x00,0x23,0x80,0x20,0x17,0x15,
    0x02,0x33,0x00,0x04,0x56,0x05,0xFF,0x03,0x82,0x98,0xEB,0xA8,
    0xB8,0xEC,0xA7,0x80,0xEB,0x8A,0x94,0x20,0xEA,0xB3,0x84,0xEC,
    0x86,0x8D,0xA2,0x00,0x12,0x39,0x70,0x6C,0x61,0x93,0x37,0x09,
    0x9B,0x00,0x47,0x94,0x8C,0xEB,0x9E,0xB7,0x24,0x08,0x94,0x00,
    0x01,0x1B,0x00,0x55,0xEB,0xA7,0x8C,0x20,0x2D,0x99,0x00,0x07,
    0x24,0x01,0x01,0xA0,0x0A,0x01,0x44,0x03,0x03,0x2A,0x0B,0x0A,
    0x4B,0x7A,0x0F,0x2A,0x01,0x00,0x5F,0x62,0x79,0x70,0x61,0x73,
    0x25,0x01,0x06,0x62,0xEB,0xB0,0x94,0xEC,0x9D,0xB4,0xFF,0x06,
    0x0F,0xAC,0x01,0x02,0x02,0x8D,0x01,0x02,0x2A,0x0E,0x11,0xB4,
    0x53,0x02,0x25,0x91,0x90,0x82,0x00,0x03,0xA2,0x01,0xB1,0x20,
    0x28,0xEC,0xA3,0xBC,0xEC,0x9D,0x98,0xED,0x95,0xB4,0xD1,0x08,
    0x01,0xC0,0x22,0x17,0x29,0x8E,0x00,0x02,0x97,0x00,0x08,0x74,
    0x08,0x03,0x64,0x43,0x04,0x7D,0x04,0x06,0x9F,0x00,0x06,0x26,
    0x0A,0x09,0x85,0x07,0x02,0xD6,0x11,0x04,0xA2,0x00,0x0B,0xED,
    0x1B,0x02,0x1D,0x00,0x03,0xED,0x1B,0x25,0x2E,0x2E,0xE8,0x06,
    0x0F,0xFD,0x7D,0x0C,0xD1,0x72,0x65,0x73,0x65,0x74,0x54,0x6F,
    0x44,0x65,0x66,0x61,0x75,0x6C,0x48,0x02,0x06,0xAE,0x1F,0x31,
    0xEC,0x9C,0xBC,0x29,0x11,0x04,0x1C,0x16,0x05,0x7A,0x00,0x36,
    0x6E,0x61,0x76,0xAD,0x00,0x06,0x8C,0x3B,0x02,0xB8,0x07,0x06,
    0xB1,0x00,0x04,0x30,0x00,0x06,0x22,0x00,0x04,0x45,0x30,0x08,
    0x26,0x00,0x03,0x82,0x1E,0x07,0x2D,0x00,0x41,0x72,0x65,0x6E,
    0x64,0xD5,0x12,0x01,0x94,0x05,0x01,0x55,0x07,0x02,0xC4,0x29,
    0x02,0xE4,0x00,0x07,0x2A,0x00,0x51,0x62,0x75,0x69,0x6C,0x64,
    0x4E,0x4E,0x02,0x27,0x00,0x97,0xB9,0x8C,0xEB,0x93,0x9C,0x20,
    0xEC,0x94,0xAC,0x24,0x00,0x63,0x70,0x61,0x63,0x6B,0x61,0x67,
    0xB8,0x07,0x98,0xED,0x8C,0xA8,0xED,0x82,0xA4,0xEC,0xA7,0x95,
    0x21,0x00,0x51,0x6C,0x75,0x67,0x69,0x6E,0x41,0x00,0x99,0xED,
    0x94,0x8C,0xEB,0x9F,0xAC,0xEA,0xB7,0xB8,0xB6,0x03,0x62,0x22,
    0x65,0x6E,0x67,0x69,0x6E,0xD4,0x11,0x48,0x97,0x94,0xEC,0xA7,
    0x75,0x10,0x02,0x1D,0x4A,0x01,0xED,0x03,0x55,0xEC,0x9D,0xBC,
    0xEB,0xB0,0xFD,0x07,0x01,0xFF,0x07,0x43,0x6E,0x64,0x65,0x72,
    0x7A,0x00,0x02,0x65,0x09,0x37,0xEB,0xA7,0x81,0x7A,0x00,0x04,
    0xA4,0x22,0x01,0x7C,0x00,0x08,0x96,0x09,0x07,0x24,0x00,0x0F,
    0xD2,0x76,0x16,0x12,0x69,0xA1,0x31,0x06,0x1A,0x05,0x06,0xEA,
    0x04,0x0F,0x6F,0x01,0x0B,0x03,0x87,0x02,0x04,0xC3,0x05,0x0A,
    0x2D,0x00,0x0C,0x5A,0x59,0x18,0x61,0x14,0x4F,0x03,0x42,0x11,
    0x02,0xCA,0x76,0x07,0xB4,0x00,0x12,0x64,0x4E,0x02,0x01,0x99,
    0x01,0x06,0x52,0x02,0x0B,0x98,0x01,0x05,0xC2,0x76,0x11,0x4C,
    0xCA,0x2E,0x01,0xC0,0x01,0x01,0x35,0x56,0x39,0xEB,0x90,0x9C,
    0x7D,0x0A,0x01,0x07,0x07,0x0F,0xF2,0x32,0x08,0x02,0x67,0x01,
    0x09,0x91,0x02,0x06,0xFB,0x00,0x02,0x77,0x01,0x01,0x47,0x07,
    0x09,0x3A,0x02,0x03,0x4D,0x40,0x0B,0xFF,0x3C,0x02,0x9A,0x19,
    0x74,0x20,0xEC,0xA4,0x91,0xEC,0x9D,0xB8,0x18,0x0B,0x0F,0x56,
    0x13,0x01,0x11,0x65,0x38,0x08,0x02,0x7C,0x0C,0x31,0x69,0x6F,
    0x6E,0x40,0x0A,0x05,0x00,0x0C,0x02,0x69,0x20,0x07,0x10,0x01,
    0x14,0x73,0x28,0x00,0x44,0x4F,0x75,0x74,0x6C,0x4A,0x02,0x01,
    0x25,0x00,0xA7,0x20,0xEC,0x9C,0xA4,0xEA,0xB3,0xBD,0xEC,0x84,
    0xA0,0x2F,0x00,0x12,0x6F,0x26,0x00,0x41,0x43,0x6F,0x6C,0x6F,
    0x33,0x0D,0x05,0x24,0x00,0x1D,0x20,0x46,0x37,0x03,0x2B,0x00,
    0x63,0x54,0x68,0x69,0x63,0x6B,0x6E,0xAD,0x16,0x06,0x2F,0x00,
    0x58,0xEB,0x91,0x90,0xEA,0xBB,0x92,0x02,0xA2,0x66,0x69,0x6C,
    0x6C,0x4F,0x70,0x61,0x63,0x69,0x74,0x10,0x15,0x04,0x31,0x44,
    0xAA,0x20,0xEB,0xB6,0x88,0xED,0x88,0xAC,0xEB,0xAA,0x85,0x6C,
    0x13,0x47,0x65,0x64,0x67,0x65,0x30,0x00,0xCA,0xEA,0xB0,0x80,
    0xEC,0x9E,0xA5,0xEC,0x9E,0x90,0xEB,0xA6,0xAC,0x33,0x00,0x03,
    0xDD,0x04,0x12,0x2C,0x08,0x00,0x0B,0x98,0x03,0x0F,0x93,0x02,
    0x01,0x0F,0xAB,0x03,0x02,0x33,0x61,0x64,0x64,0x89,0x04,0x06,
    0x36,0x02,0x33,0xEA,0xB0,0x92,0xE2,0x0B,0x07,0x22,0x01,0x3B,
    0x61,0x64,0x64,0xE2,0x28,0x01,0x04,0x0C,0x07,0x22,0x00,0x21,
    0x6E,0x6F,0x7E,0x02,0x14,0x73,0x72,0x04,0x06,0xCE,0x3A,0x06,
    0x7A,0x00,0x0D,0x18,0x0E,0x41,0x20,0xEC,0x94,0xAC,0x5D,0x06,
    0x01,0x4E,0x00,0x05,0x1C,0x30,0x02,0x33,0x04,0x13,0x80,0xE8,
    0x02,0x71,0xEC,0x99,0x80,0x20,0xEB,0x9F,0xB0,0x9E,0x5C,0xC4,
    0x84,0x20,0xEC,0x94,0xAC,0x20,0xEC,0x9D,0xB8,0xEB,0x8D,0xB1,
    0xF9,0x11,0x57,0xA0,0x9C,0xEC,0x96,0xB4,0x29,0x0A,0x03,0x14,
    0x01,0x02,0x16,0x54,0x01,0x5B,0x3E,0x77,0x22,0xEB,0xB3,0x84,
    0xEC,0xB9,0xAD,0xAE,0x00,0x01,0x8F,0x2D,0x01,0x45,0x02,0x09,
    0xBB,0x04,0x24,0x6F,0x72,0xE8,0x2A,0x0C,0x73,0x88,0x64,0x65,
    0x78,0x70,0x6F,0x72,0x74,0xDD,0x00,0x07,0xF4,0x0A,0x0A,0xE0,
    0x00,0x1A,0x80,0xA0,0x00,0x04,0xD8,0x30,0x27,0xA1,0x9C,0xAB,
    0x34,0x02,0xD6,0x00,0x01,0xAD,0x0B,0x04,0x36,0x42,0x33,0xEC,
    0xA7,0x91,0x6C,0x0E,0x12,0x22,0xD1,0x01,0x05,0xE7,0x0A,0x08,
    0x4D,0x05,0x0F,0xD7,0x01,0x01,0x04,0x2D,0x01,0x09,0x60,0x05,
    0x01,0x81,0x05,0x15,0x65,0x60,0x04,0x03,0x83,0x05,0x1E,0x80,
    0x5D,0x04,0x02,0x5E,0x00,0x72,0x65,0x4D,0x61,0x6E,0x69,0x66,
    0x65,0x97,0x48,0x04,0x51,0x00,0xE9,0x80,0x20,0xEB,0xA7,0xA4,
    0xEB,0x8B,0x88,0xED,0x8E,0x98,0xEC,0x8A,0xA4,0xF9,0x50,0x04,
    0xFA,0x04,0x16,0x22,0x96,0x01,0x05,0x36,0x00,0xA1,0xEB,0x8A,
    0x94,0x20,0xEB,0x8F,0x99,0xEC,0x9D,0xBC,0x7E,0x3C,0x01,0xCE,
    0x04,0x33,0xEC,0x9D,0x98,0xBD,0x07,0x03,0xF9,0x11,0x71,0xEA,
    0xB3,0xBC,0x20,0x56,0x50,0x4B,0x4C,0x0E,0x01,0xB7,0x07,0x05,
    0xD5,0x07,0x04,0xBF,0x07,0x06,0x00,0x01,0x05,0x2C,0x06,0x0F,
    0xFE,0x00,0x02,0x0F,0x3F,0x06,0x03,0x04,0xA0,0x00,0x08,0x5E,
    0x06,0x51,0xEC,0x9D,0x80,0x20,0x3C,0x4D,0x05,0x73,0x2D,0x72,
    0x6F,0x6F,0x74,0x3E,0x2F,0x5A,0x00,0x74,0x20,0x28,0xEC,0x98,
    0x88,0x3A,0x20,0xAF,0x35,0x14,0x73,0x18,0x00,0x11,0x29,0xF1,
    0x0B,0x22,0x9C,0x84,0xA6,0x23,0x39,0xEC,0x97,0xAC,0x23,0x05,
    0x72,0x20,0x56,0x50,0x4B,0xEC,0x97,0x90,0xF8,0x00,0x81,0xB9,
    0xEB,0x90,0x98,0xEB,0xA9,0xB0,0x2C,0x18,0x0D,0x53,0xB3,0xB8,
    0xEC,0xA0,0x81,0xC9,0x07,0x0F,0x1E,0x0D,0x0E,0x05,0x48,0x02,
    0x22,0xED,0x95,0x04,0x76,0x51,0xA7,0x80,0xEA,0xB8,0x88,0x23,
    0x10,0x54,0x8B,0xA4,0xEC,0x9D,0x8C,0x37,0x01,0x01,0xE0,0x86,
    0x03,0xAC,0x05,0x03,0xFF,0x08,0xF8,0x00,0x2E,0x20,0xEB,0x84,
    0xA4,0xEC,0x9D,0xB4,0xED,0x8B,0xB0,0xEB,0xB8,0x8C,0x20,0x0A,
    0x01,0x72,0xEC,0x9D,0x80,0x20,0xEB,0x8D,0xB0,0xE3,0x11,0x31,
    0xED,0x86,0xB1,0xE3,0x0A,0x08,0x22,0x31,0x07,0x09,0x03,0x71,
    0x6E,0x6F,0x6E,0x65,0x46,0x6F,0x75,0x98,0x0E,0x33,0x22,0x7B,
    0x7D,0x90,0x0D,0x0A,0x4E,0x00,0x1F,0x84,0xA9,0x69,0x05,0x07,
    0x48,0x00,0x44,0x70,0x72,0x6F,0x76,0xD8,0x92,0x6B,0xEC,0xA0,
    0x9C,0xEA,0xB3,0xB5,0xB5,0x0B,0x93,0x6E,0x6F,0x74,0x53,0x75,
    0x70,0x70,0x6F,0x72,0x94,0x1F,0x31,0xEC,0x9D,0xB4,0xB5,0x00,
    0xA2,0x9E,0xAB,0xED,0x8F,0xBC,0x20,0x28,0x7B,0x7D,0x29,0x7C,
    0x00,0x31,0xEB,0x8A,0x94,0x74,0x0F,0x41,0x9B,0x90,0xEB,0x90,
    0x96,0x15,0x0F,0x6C,0x0A,0x01,0x05,0x1F,0x02,0x02,0x3B,0x0C,
    0x09,0x8B,0x06,0x16,0x63,0xCE,0x1F,0x0A,0x5A,0x07,0x01,0x7F,
    0x1A,0x33,0xEC,0x9D,0xB4,0xCE,0x1F,0x38,0xEB,0x90,0x98,0x2A,
    0x22,0x08,0x38,0x04,0x01,0xA4,0x09,0x0C,0x5D,0x09,0x07,0x41,
    0x00,0x05,0xA1,0x09,0x0F,0x44,0x00,0x08,0x05,0x32,0x16,0x0F,
    0x85,0x00,0x02,0x14,0x84,0x8F,0x15,0x07,0x3F,0x16,0x08,0x82,
    0x00,0x0B,0xF9,0x50,0x0E,0x95,0x0A,0x03,0x40,0x00,0x01,0x21,
    0x02,0x21,0x8C,0xA8,0x6C,0x01,0x03,0x3A,0x04,0x07,0xF0,0x0A,
    0x6F,0x65,0x64,0x69,0x74,0x6F,0x72,0xEF,0x0A,0x09,0x06,0x44,
    0x13,0x02,0x1F,0x01,0x04,0xD2,0x01,0x0F,0xEC,0x0A,0x15,0x01,
    0x2A,0x01,0x23,0x54,0x6F,0x45,0x06,0x01,0x57,0x09,0x02,0x5A,
    0x2A,0x0F,0xCE,0x0A,0x19,0x0F,0xD3,0x09,0x09,0x64,0x61,0x70,
    0x70,0x65,0x61,0x72,0xC6,0x9D,0x64,0xEC,0x99,0xB8,0xEA,0xB4,
    0x80,0xA5,0x00,0x53,0x20,0x20,0x22,0x66,0x6F,0x28,0x5F,0x3A,
    0xED,0x8F,0xB0,0xA4,0x04,0x22,0x65,0x78,0x41,0x46,0x02,0x71,
    0x10,0x01,0xEB,0x05,0x56,0x99,0xB8,0xEB,0xB6,0x80,0x37,0x14,
    0x07,0x47,0x00,0x73,0x61,0x69,0x41,0x67,0x65,0x6E,0x74,0x7C,
    0x0E,0x08,0xD7,0x0E,0x08,0x25,0x00,0x52,0x64,0x76,0x61,0x6E,
    0x63,0x39,0x09,0x58,0xEA,0xB3,0xA0,0xEA,0xB8,0xE3,0x27,0x83,
    0x66,0x69,0x6C,0x65,0x73,0x50,0x61,0x74,0x0A,0x76,0x01,0x61,
    0x18,0x89,0x20,0xEB,0xB0,0x8F,0x20,0xEA,0xB2,0xBD,0xAF,0x78,
    0x72,0x22,0x63,0x6F,0x6E,0x73,0x6F,0x6C,0xDD,0x0A,0x48,0xBD,
    0x98,0xEC,0x86,0x17,0x83,0x61,0x70,0x72,0x69,0x76,0x61,0x63,
    0x2B,0x08,0x62,0xEA,0xB0,0x9C,0xEC,0x9D,0xB8,0x2D,0x2A,0x04,
    0xDB,0x01,0x03,0xDA,0x06,0x0A,0x15,0x01,0x0F,0x18,0x05,0x01,
    0x0D,0x28,0x01,0x01,0xE1,0x4F,0x32,0x54,0x68,0x65,0x35,0x10,
    0x02,0xD6,0x08,0x4A,0x20,0xED,0x85,0x8C,0xF5,0x3E,0x42,0x62,
    0x61,0x63,0x6B,0xAD,0x9A,0x01,0x1D,0x0A,0x47,0xB0,0xB0,0xEA,
    0xB2,0xC4,0x0E,0x43,0x22,0x70,0x61,0x6E,0x66,0x0F,0x63,0x8C,
    0xA8,0xEB,0x84,0x90,0x22,0x8F,0x00,0x03,0x53,0x27,0x01,0x30,
    0x03,0x01,0xA0,0x56,0x0B,0x37,0x01,0x23,0x63,0x63,0x5B,0x01,
    0x6A,0xEA,0xB0,0x95,0xEC,0xA1,0xB0,0x1B,0x29,0x01,0x46,0x36,
    0x93,0x63,0x61,0x74,0x69,0x6F,0x6E,0x53,0x63,0x61,0x17,0x01,
    0xB4,0x95,0xA0,0xED,0x94,0x8C,0xEB,0xA6,0xAC,0xEC,0xBC,0x80,
    0x3B,0x1C,0x0F,0xBC,0x43,0x00,0x45,0x74,0x65,0x78,0x74,0x34,
    0x00,0x02,0xC9,0x27,0x3F,0xED,0x8A,0xB8,0x2B,0x00,0x02,0x82,
    0x73,0x68,0x6F,0x77,0x53,0x70,0x6C,0x61,0x3F,0x2B,0x02,0x14,
    0x14,0x11,0x20,0x1D,0x15,0xC2,0x8A,0xA4,0xED,0x94,0x8C,0xEB,
    0x9E,0x98,0xEC,0x8B,0x9C,0x20,0x5B,0x4E,0x03,0x46,0x40,0x07,
    0xDE,0x00,0xA1,0x65,0x6E,0x61,0x62,0x6C,0x65,0x41,0x6E,0x69,
    0x6D,0xA8,0x00,0x01,0xE6,0x02,0x08,0x11,0x22,0x36,0xEC,0x85,
    0x98,0xB2,0x12,0x0C,0xAC,0x01,0x13,0x74,0x75,0x01,0x06,0xA7,
    0x01,0x41,0x64,0x61,0x72,0x6B,0x60,0x01,0x48,0x8B,0xA4,0xED,
    0x81,0x39,0x0D,0x01,0x57,0x1E,0x31,0x69,0x74,0x65,0x8C,0x09,
    0x02,0x30,0x3E,0x02,0xAF,0x68,0x09,0x50,0x01,0x14,0x6C,0x2C,
    0x9C,0x02,0xB6,0x33,0x0A,0x1D,0x00,0x11,0x63,0x9E,0x28,0x01,
    0xEE,0x02,0x01,0x59,0x07,0x06,0x59,0x48,0x0C,0x98,0x00,0x04,
    0x3A,0x03,0x06,0x98,0x00,0x06,0xC4,0x0B,0x0D,0x4D,0x03,0x01,
    0xF7,0x9A,0x62,0x66,0x61,0x63,0x65,0x46,0x6F,0xCB,0x01,0x62,
    0xEC,0x9D,0xB8,0xED,0x84,0xB0,0x7A,0x62,0x4F,0xEC,0x8A,0xA4,
    0x20,0x32,0x00,0x0B,0x31,0x53,0x69,0x7A,0xD5,0x00,0x0F,0x36,
    0x00,0x03,0x4A,0x20,0xED,0x81,0xAC,0xCC,0x3F,0x67,0x6D,0x6F,
    0x6E,0x6F,0x73,0x70,0x6F,0x00,0x02,0x22,0x50,0x3E,0xED,0x8F,
    0xAD,0x69,0x00,0x09,0x2C,0x00,0x04,0x69,0x00,0x0C,0x30,0x00,
    0x0E,0x63,0x00,0xA4,0x75,0x73,0x65,0x53,0x79,0x73,0x74,0x65,
    0x6D,0x46,0x42,0x04,0x03,0x3E,0x18,0x23,0x85,0x9C,0x64,0x00,
    0x12,0x20,0x42,0x01,0x0C,0x38,0x01,0x0D,0x58,0x04,0x0F,0x41,
    0x01,0x01,0x0F,0x6B,0x04,0x08,0x73,0x65,0x78,0x65,0x63,0x75,
    0x74,0x61,0x9B,0x8F,0x02,0x9A,0x14,0x12,0x20,0x14,0x12,0x07,
    0x73,0x02,0x04,0xC2,0x08,0x0C,0x49,0x00,0x03,0xB5,0x12,0x01,
    0x41,0x06,0x01,0x9F,0x00,0x71,0xED,0x95,0xA0,0x20,0xEC,0x88,
    0x98,0x76,0x15,0x64,0x9D,0x84,0x20,0xEB,0x95,0x8C,0x8B,0x19,
    0x03,0x2C,0x0E,0x62,0xEC,0x9E,0x91,0xEC,0x97,0x85,0x5C,0x07,
    0x03,0x34,0x00,0x06,0x44,0x08,0x0C,0xDD,0x00,0x06,0x08,0x05,
    0x0F,0xD6,0x00,0x01,0x0F,0x1B,0x05,0x07,0x02,0x22,0x03,0x14,
    0x50,0x20,0x04,0x08,0x41,0x05,0x03,0x9F,0x8A,0x07,0x21,0x03,
    0x06,0x37,0x04,0xB1,0x61,0x75,0x74,0x6F,0x53,0x74,0x61,0x72,
    0x74,0x4D,0x63,0x7F,0x17,0x31,0x4D,0x43,0x50,0xBE,0x3A,0x15,
    0xB2,0xE6,0x42,0x02,0xAB,0x03,0x07,0x33,0x00,0x94,0x6D,0x63,
    0x70,0x53,0x65,0x72,0x76,0x65,0x72,0xDE,0x0A,0x08,0x34,0x00,
    0x01,0x6E,0x0A,0x0A,0x2D,0x00,0x22,0x48,0x6F,0xD7,0x0A,0x61,
    0x4D,0x43,0x50,0x20,0xED,0x98,0x50,0x56,0x09,0x31,0x03,0x42,
    0x6D,0x63,0x70,0x50,0xEE,0x4D,0x02,0x23,0x00,0x2B,0x8F,0xAC,
    0x51,0x03,0x68,0x6C,0x69,0x65,0x6E,0x74,0x48,0x01,0x37,0x06,
    0x08,0x17,0x32,0xED,0x81,0xB4,0x85,0x03,0x3A,0xEC,0x96,0xB8,
    0x37,0x00,0x35,0x65,0x6E,0x64,0xBD,0x83,0x65,0xEC,0x97,0x94,
    0xEB,0x93,0x9C,0x4C,0x19,0x08,0xA0,0x00,0x22,0x6F,0x64,0x51,
    0x05,0x58,0xEB,0xAA,0xA8,0xEB,0x8D,0x1A,0x00,0x61,0x63,0x6C,
    0x69,0x50,0x61,0x74,0xAE,0x04,0x3F,0x43,0x4C,0x49,0x45,0x06,
    0x00,0x24,0x6C,0x69,0x8C,0x0C,0x09,0x6D,0x01,0x06,0x2D,0x00,
    0x03,0xD8,0x0A,0x02,0x03,0x17,0xF4,0x01,0x29,0x2E,0x20,0xEB,
    0xB9,0x84,0xEC,0x9B,0x8C,0x20,0xEB,0x91,0x90,0xEB,0xA9,0xB4,
    0xD2,0x16,0x52,0xEC,0x84,0x9C,0x20,0x27,0x23,0x00,0x11,0x27,
    0x8E,0x0B,0x2F,0xB0,0xBE,0x6B,0x1E,0x02,0xA7,0x67,0x75,0x61,
    0x72,0x64,0x72,0x61,0x69,0x6C,0x73,0x0A,0x01,0x01,0x59,0x02,
    0x71,0x20,0xEA,0xB0,0x80,0xEB,0x93,0x9C,0x3B,0x1A,0x08,0xC9,
    0x25,0x62,0x61,0x6C,0x6C,0x6F,0x77,0x50,0x70,0x13,0x21,0x4F,
    0x70,0x33,0x05,0x0A,0x09,0x09,0x02,0x3E,0x00,0x0E,0x0B,0xA7,
    0x51,0x6C,0x6C,0x6F,0x77,0x45,0xFF,0x11,0x03,0x37,0x00,0x02,
    0x02,0x12,0x0F,0x31,0x00,0x06,0xD2,0x72,0x65,0x71,0x75,0x69,
    0x72,0x65,0x43,0x6F,0x6E,0x66,0x69,0x72,0xA1,0x05,0x01,0xFF,
    0x04,0x03,0xC0,0x2A,0x23,0xA0,0x84,0x38,0x15,0x4A,0x20,0xEC,
    0x9A,0x94,0x2A,0x17,0x06,0xD5,0x00,0x05,0x4B,0x01,0x33,0x9D,
    0xB4,0x20,0xD4,0x04,0x02,0xCA,0x0C,0x08,0x5C,0x01,0x42,0xEC,
    0x99,0x80,0x20,0x6D,0x02,0x41,0xA4,0xEC,0xA0,0x95,0xEA,0x5B,
    0x56,0xA0,0x80,0xEC,0x9E,0xA5,0xBC,0x0C,0x16,0x20,0x10,0x0D,
    0x02,0xB8,0x02,0x13,0x2C,0xFF,0x18,0x22,0x2C,0x20,0xA7,0x17,
    0x01,0x82,0x02,0x36,0xB6,0x9C,0x2C,0x84,0x08,0x03,0xD7,0x00,
    0x01,0x39,0x0E,0x03,0xD3,0x42,0x08,0x61,0x02,0x05,0xEC,0x59,
    0x04,0xC0,0x03,0x55,0xB2,0x98,0xEB,0xA6,0xAC,0xD4,0x21,0x04,
    0x0B,0x0C,0x0C,0xC7,0x03,0x0F,0x16,0x0B,0x00,0x87,0x6C,0x61,
    0x6E,0x67,0x75,0x61,0x67,0x65,0x4B,0x2A,0x9F,0xEC,0x96,0xB8,
    0xEC,0x96,0xB4,0xEA,0xB0,0x80,0x11,0x0B,0x03,0x01,0x54,0x0A,
    0x06,0x79,0x03,0x01,0xC8,0x06,0x08,0x3E,0x00,0x05,0x7E,0x11,
    0x02,0x47,0x08,0x0F,0x48,0x00,0x15,0x01,0x32,0x0A,0x01,0xA2,
    0x01,0x05,0x41,0x00,0x02,0x52,0x01,0x36,0xEC,0x9D,0x84,0xFA,
    0x14,0x09,0xA2,0x19,0x07,0x18,0x03,0x05,0x56,0x0B,0x0F,0x3E,
    0x00,0x02,0x02,0x90,0x01,0x0F,0x53,0x0B,0x12,0x0C,0x40,0x00,
    0x03,0x3D,0x00,0x01,0xF5,0x0D,0x0D,0x24,0x1A,0x01,0x0B,0x01,
    0x03,0x84,0x09,0x08,0x5F,0x0B,0x01,0x14,0x10,0x07,0x37,0x15,
    0x03,0x35,0x05,0x06,0x4E,0x16,0x05,0xE1,0x0F,0x01,0x4C,0x2D,
    0x0A,0x62,0x0B,0x81,0x70,0x6C,0x61,0x74,0x66,0x6F,0x72,0x6D,
    0x38,0x09,0x04,0x09,0x0D,0x04,0xEB,0x00,0xC2,0x22,0x61,0x72,
    0x63,0x68,0x69,0x74,0x65,0x63,0x74,0x75,0x72,0x3B,0x07,0xA5,
    0x95,0x84,0xED,0x82,0xA4,0xED,0x85,0x8D,0xEC,0xB2,0x60,0x12,
    0x02,0xF6,0x11,0x01,0xFA,0x02,0x17,0x67,0xA7,0x24,0x03,0x70,
    0x11,0x02,0x81,0x11,0x05,0x51,0x00,0x02,0xC1,0x10,0x71,0x54,
    0x65,0x6D,0x70,0x6C,0x61,0x74,0x53,0x00,0x09,0x9D,0x00,0x31,
    0xED,0x85,0x9C,0x74,0x09,0x15,0xBF,0x31,0x00,0x51,0x68,0x6F,
    0x73,0x74,0x45,0xE2,0x00,0x04,0x1F,0x03,0x05,0x40,0x05,0x07,
    0xB9,0x0D,0x08,0x45,0x00,0x01,0xFC,0x0F,0x06,0x4E,0x5C,0x55,
    0x9C,0xBC,0xEB,0xA9,0xB4,0xD8,0x65,0x06,0xB0,0x01,0x01,0x49,
    0x18,0x03,0xF3,0x06,0x01,0xF5,0x01,0x0D,0xC9,0x06,0x06,0xE5,
    0x21,0x03,0x80,0x02,0x6B,0x22,0x63,0x72,0x6F,0x73,0x73,0x8E,
    0x00,0x51,0x81,0xAC,0xEB,0xA1,0x9C,0x7D,0x08,0x04,0x3E,0x01,
    0x06,0x51,0x11,0x61,0xEA,0xB8,0xB0,0xEC,0x97,0x90,0x91,0x00,
    0x02,0xDF,0x98,0x08,0x9B,0x03,0x09,0x80,0x00,0x87,0xB4,0x20,
    0xED,0x95,0x84,0xEC,0x9A,0x94,0x4E,0x03,0x04,0x75,0x00,0x02,
    0xAA,0x32,0x73,0x44,0x69,0x72,0x65,0x63,0x74,0x6F,0xD1,0x28,
    0x01,0xB3,0x32,0x98,0x20,0xEB,0x94,0x94,0xEB,0xA0,0x89,0xED,
    0x84,0x4A,0xAA,0x04,0x21,0x53,0x04,0x9A,0x1B,0x0A,0xEF,0x04,
    0x09,0x9B,0x06,0xF1,0x04,0x22,0x69,0x6E,0x63,0x6C,0x75,0x64,
    0x65,0x44,0x65,0x62,0x75,0x67,0x53,0x79,0x6D,0x62,0x6F,0x6C,
    0x22,0x05,0x03,0x33,0x20,0x91,0xB7,0xB8,0x20,0xEC,0x8B,0xAC,
    0xEB,0xB3,0xBC,0x8F,0x06,0x25,0x95,0xA8,0x93,0x01,0x04,0xA7,
    0x60,0x03,0xD3,0x21,0x01,0x46,0x03,0x92,0xBD,0x98,0xED,0x85,
    0x90,0xEC,0xB8,0xA0,0x20,0xB0,0x60,0x05,0x2C,0x00,0x92,0x75,
    0x73,0x65,0x56,0x70,0x6B,0x46,0x69,0x6C,0xE8,0x20,0x33,0x56,
    0x50,0x4B,0x73,0x01,0x03,0x70,0x01,0x05,0x29,0x00,0x22,0x61,
    0x64,0x48,0x26,0x83,0x61,0x6C,0x41,0x72,0x67,0x75,0x6D,0x65,
    0x51,0x0D,0x31,0xEC,0xB6,0x94,0x08,0x16,0x27,0x9D,0xB8,0x30,
    0x34,0x03,0xF3,0x02,0x01,0xBE,0x0A,0x07,0xDB,0x02,0x05,0x4C,
    0x00,0x02,0x65,0x02,0x6A,0x41,0x6E,0x64,0x52,0x75,0x6E,0x25,
    0x00,0x23,0xB3,0xA0,0xF9,0x01,0x05,0x2C,0x00,0x02,0xA5,0x04,
    0x06,0x50,0x06,0x08,0x4A,0x02,0x03,0x1E,0x87,0x0B,0x2C,0x00,
    0x31,0x4C,0x69,0x6E,0xB9,0x02,0x02,0x1D,0x00,0x01,0x95,0x03,
    0x04,0xAB,0x01,0x43,0x72,0x75,0x6E,0x6E,0xF8,0x17,0x03,0xE0,
    0x01,0x35,0xEC,0xA4,0x91,0x3F,0x00,0x81,0x6C,0x61,0x73,0x74,
    0x42,0x75,0x69,0x6C,0x4F,0x28,0xA2,0xEB,0xA7,0x88,0xEC,0xA7,
    0x80,0xEB,0xA7,0x89,0x20,0x29,0x03,0x09,0x48,0x00,0x69,0x63,
    0x6F,0x6E,0x66,0x69,0x67,0x50,0x10,0x83,0x64,0x65,0x76,0x65,
    0x6C,0x6F,0x70,0x6D,0x71,0x01,0x49,0xEA,0xB0,0x9C,0xEB,0x48,
    0x53,0x61,0x72,0x65,0x6C,0x65,0x61,0x73,0x99,0x00,0x85,0xEB,
    0xA6,0xB4,0xEB,0xA6,0xAC,0xEC,0x8A,0x22,0x2F,0x04,0x9F,0x00,
    0x01,0x9F,0x15,0x09,0x56,0x00,0x06,0x6D,0x0B,0x02,0x86,0x00,
    0x0C,0xC3,0x05,0x13,0x62,0x50,0x7D,0x03,0x53,0x04,0x06,0x5E,
    0x33,0x16,0x52,0xEA,0x00,0x08,0x32,0x01,0x02,0xAC,0x01,0x43,
    0xB4,0xEB,0xAF,0xB8,0x68,0x01,0x4F,0x20,0xEC,0xA4,0x91,0x02,
    0x23,0x02,0x02,0xD6,0x02,0x03,0xA5,0x97,0x01,0x12,0x01,0x0F,
    0xD5,0x02,0x00,0x3F,0xEA,0xB0,0x80,0x18,0x03,0x06,0x08,0x4B,
    0x18,0x01,0xE5,0x01,0x03,0x99,0x12,0x0F,0x45,0x18,0x0B,0x05,
    0x57,0x03,0x01,0x3F,0x00,0x03,0x31,0x10,0x05,0xE3,0x6B,0x02,
    0x35,0x10,0x02,0x0F,0x16,0x15,0xB4,0x39,0x38,0x05,0x00,0x12,
    0x2F,0x95,0x98,0x97,0x08,0x02,0x83,0x73,0x74,0x6F,0x70,0x50,
    0x6C,0x61,0x79,0xE3,0x5B,0x09,0x94,0x02,0x01,0x50,0x07,0x21,
    0x97,0x90,0x53,0x06,0x91,0x83,0x9D,0x20,0xEB,0xAA,0xA8,0xEB,
    0x93,0x9C,0xE4,0x08,0x5F,0xA0,0x95,0xEC,0xA7,0x80,0x30,0x16,
    0x02,0x01,0xEF,0x1E,0x28,0x6E,0x67,0x25,0x05,0x59,0x7B,0x7D,
    0xEC,0x9D,0x98,0x58,0x04,0x06,0x2B,0x05,0x01,0xAB,0x00,0x07,
    0x28,0x19,0x08,0xE3,0x00,0x13,0x74,0x69,0x05,0x71,0x4D,0x69,
    0x73,0x73,0x69,0x6E,0x67,0x28,0x01,0x07,0x32,0x03,0x0B,0x45,
    0x00,0x03,0x9E,0x99,0x05,0xF0,0x00,0x06,0x01,0x05,0x03,0x76,
    0x06,0x04,0x49,0x02,0x02,0x35,0x03,0x09,0x4A,0x02,0x11,0x66,
    0xFD,0x4B,0x23,0x4E,0x6F,0x6D,0x09,0x0C,0x6A,0x00,0x22,0xEC,
    0x97,0x3A,0x1D,0x0C,0xD2,0x06,0x0F,0xB6,0x01,0x1F,0x04,0x69,
    0x00,0x05,0xB5,0x01,0x08,0x80,0x02,0x0F,0x67,0x00,0x05,0x0F,
    0xD9,0x01,0x24,0x31,0x61,0x76,0x65,0x67,0x00,0x41,0x46,0x69,
    0x72,0x73,0x97,0x11,0x08,0x6C,0x00,0x01,0xC6,0x01,0x58,0xA4,
    0x91,0xEC,0xA7,0x80,0x27,0x08,0x85,0x3A,0x20,0xEB,0xA8,0xBC,
    0xEC,0xA0,0x80,0x72,0x06,0x03,0x5B,0x18,0x02,0x15,0x08,0x24,
    0x95,0x98,0xD2,0x26,0x03,0x52,0x01,0x08,0xC8,0x07,0x86,0x64,
    0x69,0x74,0x6F,0x72,0x41,0x70,0x70,0x58,0x01,0x66,0x22,0x61,
    0x62,0x6F,0x75,0x74,0x10,0x00,0x08,0xD5,0x07,0x64,0x56,0x75,
    0x6C,0x74,0x72,0x61,0xCA,0x22,0x03,0xA2,0x11,0x03,0xA1,0x01,
    0x02,0x07,0x06,0x22,0x64,0x75,0x88,0x01,0x09,0x2A,0x00,0x04,
    0x8E,0x04,0x02,0xB1,0x38,0x13,0x73,0xA8,0x0A,0x6B,0xEB,0xB2,
    0x84,0xEC,0xA0,0x84,0xE1,0x20,0x32,0x63,0x6F,0x6E,0xCC,0x38,
    0x21,0x6F,0x72,0x18,0x06,0x01,0xCE,0x06,0xF8,0x0B,0xAC,0xEC,
    0x9E,0x90,0x3A,0x20,0x4C,0x61,0x7A,0x79,0x5F,0x56,0x20,0x28,
    0x4B,0x65,0x78,0x75,0x61,0x6E,0x20,0x5A,0x68,0x61,0x6E,0x67,
    0xAD,0x2B,0x53,0x6C,0x69,0x63,0x65,0x6E,0x8E,0x04,0xF7,0x01,
    0x9D,0xBC,0xEC,0x9D,0xB4,0xEC,0x84,0xA0,0xEC,0x8A,0xA4,0x3A,
    0x20,0x4D,0x49,0x54,0x82,0x00,0xFC,0x01,0x67,0x69,0x74,0x68,
    0x75,0x62,0x22,0x3A,0x20,0x22,0x47,0x69,0x74,0x48,0x75,0x62,
    0x7F,0x04,0x41,0x6F,0x70,0x65,0x6E,0x81,0x01,0x01,0x5E,0x08,
    0x01,0xA5,0x08,0x06,0x8A,0x04,0x05,0x2D,0x1F,0x33,0xEC,0x94,
    0xAC,0x27,0x37,0x07,0x5B,0x00,0x51,0x70,0x72,0x6F,0x6D,0x70,
    0xB4,0x01,0x06,0x7B,0x01,0x03,0xC7,0x15,0x14,0x9D,0x6B,0x0A,
    0xF1,0x06,0x20,0xEC,0x82,0xAC,0xED,0x95,0xAD,0xEC,0x9D,0x84,
    0x20,0xEB,0xB2,0x84,0xEB,0xA6,0xAC,0xEA,0xB3,0xA0,0x20,0x4F,
    0x03,0x03,0xB5,0x01,0x82,0x97,0xAC,0xEC,0x8B,0x9C,0xEA,0xB2,
    0xA0,0xF7,0x03,0x4C,0xEA,0xB9,0x8C,0x3F,0xA2,0x00,0x02,0x9B,
    0x2A,0x47,0x50,0x6F,0x70,0x75,0xB7,0x01,0x08,0xA7,0x01,0x03,
    0x00,0x0F,0x0F,0x46,0x29,0x09,0x02,0x44,0x00,0x09,0xE6,0x01,
    0x05,0x47,0x50,0x01,0x5D,0x07,0x02,0x43,0x0F,0x08,0x43,0x00,
    0x07,0x47,0x50,0x07,0xF4,0x1F,0x05,0x4C,0x00,0x81,0x69,0x6E,
    0x67,0x41,0x73,0x73,0x65,0x74,0xB7,0x01,0x0C,0x82,0x00,0x38,
    0xEB,0x8A,0x94,0xC1,0x26,0x62,0x20,0x20,0x22,0x69,0x74,0x65,
    0x00,0x0A,0x01,0xA8,0x5D,0x07,0x45,0x01,0x31,0x73,0x63,0x61,
    0xD1,0x06,0x06,0x4D,0x00,0x0A,0x4F,0x08,0x02,0x99,0x00,0x51,
    0xEC,0x8A,0xA4,0xEC,0xBA,0x54,0x00,0x0A,0x8C,0x00,0x04,0x3E,
    0x00,0x04,0x43,0x0E,0x27,0x7B,0x7D,0x2B,0x00,0x07,0x66,0x00,
    0x02,0x00,0x01,0x05,0xB4,0x00,0x03,0xAF,0x0D,0x02,0x91,0x0A,
    0x06,0x56,0x20,0x04,0x6E,0x00,0x05,0x07,0x01,0x03,0xC8,0x00,
    0x0A,0x74,0x00,0x05,0x4C,0x00,0x07,0x75,0x00,0x0C,0x32,0x00,
    0x07,0x7B,0x00,0xF3,0x00,0x66,0x69,0x6E,0x61,0x6C,0x69,0x7A,
    0x69,0x6E,0x67,0x44,0x61,0x74,0x61,0x62,0x41,0x07,0x03,0x32,
    0x01,0x03,0x63,0x50,0x22,0x84,0xB0,0x66,0x68,0xDE,0xEC,0x8A,
    0xA4,0x20,0xEB,0xA7,0x88,0xEB,0xAC,0xB4,0xEB,0xA6,0xAC,0xF7,
    0x54,0x05,0x7A,0x00,0x07,0x9E,0x0C,0x02,0x46,0x4C,0x06,0xA6,
    0x89,0x0D,0x8B,0x00,0x0A,0xBD,0x00,0x31,0x65,0x72,0x72,0x24,
    0x16,0x05,0xE4,0x02,0x04,0x79,0x1F,0x71,0x49,0x6D,0x70,0x6F,
    0x72,0x74,0x46,0x63,0x05,0x0F,0x12,0x02,0x04,0x0F,0xFA,0x04,
    0x03,0x06,0xEB,0x00,0x03,0xB6,0x0C,0x8D,0x52,0x65,0x67,0x69,
    0x73,0x74,0x72,0x79,0x4C,0x00,0x62,0xEB,0xA0,0x88,0xEC,0xA7,
    0x80,0x64,0x1B,0x01,0xE0,0x00,0x01,0x36,0x03,0x0F,0x56,0x00,
    0x10,0x02,0xF8,0x00,0x2B,0x65,0x72,0x35,0x4C,0x11,0x76,0xE5,
    0x1A,0x06,0xF1,0x00,0x33,0xEA,0xB8,0xB0,0x7F,0x0E,0x01,0x38,
    0x05,0x0A,0x36,0x12,0x8C,0x97,0x86,0xEC,0x9C,0xBC,0xEB,0xA9,
    0xB0,0x86,0x00,0x3F,0xEB,0x8F,0x84,0x96,0x06,0x07,0x03,0x8B,
    0x03,0x03,0x5C,0x23,0x07,0x8E,0x19,0x24,0x6C,0x6F,0xFA,0x3D,
    0x05,0x49,0x01,0x06,0x51,0x03,0x41,0x57,0x6F,0x72,0x6B,0xD5,
    0x13,0x03,0x48,0x01,0x09,0x01,0x0F,0x7F,0x20,0xEA,0xB3,0xB5,
    0xEA,0xB0,0x84,0x5E,0x03,0x06,0x05,0x46,0x00,0x03,0xA4,0x02,
    0x0F,0x18,0x03,0x0C,0x05,0xEB,0x53,0x0A,0xE7,0x01,0x44,0x6F,
    0x70,0x65,0x6E,0xEE,0x02,0x0F,0x77,0x02,0x13,0x3F,0xEC,0x97,
    0xAC,0xEE,0x02,0x02,0x05,0x90,0x00,0x82,0x54,0x68,0x75,0x6D,
    0x62,0x6E,0x61,0x69,0xC1,0x0B,0x03,0xC0,0x02,0x31,0xEC,0x8D,
    0xB8,0x9D,0x1B,0x1F,0xBC,0x8A,0x00,0x06,0x05,0xAA,0x22,0x0F,
    0x40,0x00,0x0C,0x02,0x88,0x23,0x21,0xEB,0xA7,0xFA,0x2A,0x0A,
    0xCD,0x00,0x05,0x83,0x00,0x64,0x57,0x69,0x6E,0x64,0x6F,0x77,
    0x72,0x04,0x04,0x57,0x01,0x2F,0xB0,0xBD,0x7D,0x00,0x06,0x03,
    0xA7,0x01,0x01,0xE0,0x05,0x01,0x8D,0x01,0x53,0x94,0xAC,0x20,
    0x7B,0x7D,0x61,0x1C,0x0E,0x60,0x03,0x08,0x2F,0x00,0x06,0x78,
    0x01,0x02,0xFC,0x05,0x4F,0x90,0xEC,0x85,0x8B,0x39,0x00,0x06,
    0x03,0x6F,0x01,0x41,0x45,0x64,0x69,0x74,0x5E,0x03,0x08,0x9F,
    0x00,0x0F,0x58,0x01,0x04,0x51,0x72,0x65,0x61,0x64,0x79,0x94,
    0x00,0x03,0xC3,0x01,0x55,0x99,0x84,0xEB,0xA3,0x8C,0xB5,0x07,
    0x03,0x66,0x07,0x89,0x22,0x6F,0x76,0x65,0x72,0x6C,0x61,0x79,
    0xBA,0x05,0x0F,0x6E,0x00,0x20,0x03,0xDA,0x00,0x07,0xD5,0x00,
    0x02,0x58,0x05,0x02,0x1C,0x09,0x0E,0x0A,0x01,0x05,0x73,0x01,
    0x08,0xA2,0x00,0x02,0x98,0x01,0x03,0x56,0x08,0x04,0xA1,0x00,
    0x5B,0x74,0x61,0x73,0x6B,0x42,0x42,0x4C,0x12,0x66,0x07,0x13,
    0x3E,0x46,0x50,0x53,0x3D,0x57,0x71,0x63,0x70,0x75,0x43,0x61,
    0x63,0x68,0x46,0x0C,0xAA,0x43,0x50,0x55,0x20,0xEC,0xBA,0x90,
    0xEC,0x8B,0x9C,0x16,0x08,0x02,0xBC,0x5E,0x4D,0x22,0x52,0x41,
    0x4D,0x18,0x00,0x63,0x57,0x69,0x74,0x68,0x41,0x76,0xC4,0x53,
    0x02,0x21,0x00,0x23,0x20,0x2F,0xEC,0x03,0x03,0x33,0x2E,0x0A,
    0x34,0x00,0x13,0x76,0x4D,0x00,0x12,0x56,0x2D,0x00,0x06,0xAE,
    0x04,0x23,0x22,0x76,0x4F,0x00,0x42,0x42,0x75,0x64,0x67,0xA9,
    0x11,0x03,0x24,0x00,0x2A,0x20,0x2F,0x43,0x00,0x21,0x6A,0x6F,
    0x40,0x08,0x67,0xEC,0x9E,0x91,0xEC,0x97,0x85,0x41,0x00,0x35,
    0x77,0x6F,0x72,0xB5,0x2D,0x01,0xAF,0x12,0x04,0x23,0x01,0x03,
    0x1C,0x01,0x04,0x7E,0x21,0x13,0x4C,0x18,0x31,0x33,0xEC,0x94,
    0xAC,0x42,0x02,0x07,0x45,0x00,0x71,0x6D,0x63,0x70,0x4C,0x69,
    0x73,0x74,0xAF,0x03,0x03,0x9C,0x15,0x45,0xEA,0xB0,0x80,0x20,
    0xA1,0x1E,0xA1,0xEC,0x88,0x98,0xEC,0x8B,0xA0,0x20,0xEB,0x8C,
    0x80,0x5A,0x11,0x09,0x5B,0x06,0x67,0x6D,0x63,0x70,0x4E,0x6F,
    0x74,0x28,0x0D,0x03,0x3D,0x00,0x91,0xEC,0x8B,0xA4,0xED,0x96,
    0x89,0xEB,0x90,0x98,0x6D,0x08,0x21,0x9E,0x88,0x12,0x21,0x07,
    0x14,0xA3,0x27,0x20,0x28,0xA0,0x02,0x01,0xAC,0x11,0x03,0x76,
    0x13,0x35,0x4D,0x43,0x50,0xA5,0x29,0x01,0xB7,0xA9,0x36,0xEC,
    0x9D,0x84,0xD0,0x16,0x05,0x5B,0x0A,0x08,0x87,0x09,0x09,0x84,
    0x00,0x13,0x45,0x5E,0x06,0x0F,0x89,0x00,0x15,0x0B,0x0E,0x0A,
    0x0F,0x8C,0x2D,0x0B,0x08,0x64,0x20,0x07,0x41,0x01,0x33,0x65,
    0x6E,0x67,0x2E,0x0F,0x02,0xAF,0x0A,0x11,0x45,0x10,0x00,0x3C,
    0x20,0x7B,0x7D,0xAA,0x02,0x33,0x68,0x69,0x73,0xDD,0x10,0x06,
    0xB4,0x05,0x01,0x1E,0x23,0x43,0x4F,0x70,0x65,0x6E,0xF5,0x06,
    0x02,0xE7,0x09,0x28,0xEB,0xA6,0xE1,0x15,0x01,0x24,0x00,0x06,
    0x4A,0x26,0x06,0xC6,0x01,0x0F,0x05,0x3B,0x00,0x0F,0xB6,0x0C,
    0x00,0x05,0x61,0x0A,0x08,0xC4,0x03,0x01,0x78,0x1E,0x0F,0xCE,
    0xA5,0x03,0x02,0x83,0x00,0x01,0x09,0x0B,0x0F,0xD0,0x0C,0x03,
    0x05,0x2B,0x15,0x0F,0xE6,0x06,0x03,0x06,0x52,0x0D,0x05,0x87,
    0x02,0x01,0x96,0x36,0x06,0x41,0x0E,0x06,0x6B,0x0C,0x02,0xC1,
    0x54,0x05,0x8B,0x0A,0x11,0xB4,0x63,0x02,0x0F,0x4E,0x0E,0x1E,
    0x04,0xE8,0x02,0x5B,0x57,0x6F,0x72,0x6C,0x64,0xA4,0x07,0x0F,
    0xCF,0x00,0x10,0x91,0x94,0xAC,0x2F,0xEC,0x9B,0x94,0xEB,0x93,
    0x9C,0x12,0x19,0x0F,0xCA,0xA6,0x19,0x01,0x7B,0x00,0x16,0x66,
    0xB3,0x08,0x0F,0x6C,0x00,0x0E,0x08,0x00,0x04,0x03,0x9B,0x01,
    0x05,0xF9,0x01,0x01,0xA1,0x13,0x0F,0x54,0x43,0x09,0xA5,0x20,
    0x20,0x22,0x63,0x61,0x6E,0x63,0x65,0x6C,0x6C,0x34,0x00,0x03,
    0x14,0x0C,0x01,0x89,0x01,0x58,0xB7,0xA8,0xEC,0x86,0x8C,0xA7,
    0x0D,0x04,0x2B,0x05,0x06,0x37,0x08,0x03,0x21,0x09,0x04,0x8F,
    0x06,0x05,0x87,0x02,0x0F,0xA0,0x01,0x05,0x04,0x99,0x01,0x03,
    0x7E,0x17,0x08,0x9B,0x6F,0x0F,0xED,0x0F,0x18,0x01,0x87,0x10,
    0x01,0x74,0x00,0x04,0xB1,0x0A,0x04,0xAF,0x0C,0x11,0xA0,0xC4,
    0x25,0x02,0xB8,0x1F,0x01,0x57,0x11,0x01,0x39,0x28,0x0F,0x8E,
    0x10,0x0E,0x0F,0xF0,0x01,0x0E,0x01,0xB0,0x00,0x01,0x9E,0x11,
    0x41,0x8C,0xA8,0x3A,0x20,0x40,0x03,0x6F,0x2F,0x77,0x6F,0x72,
    0x6C,0x64,0xE2,0x01,0x23,0x06,0x0B,0x17,0x05,0x5D,0x00,0x22,
    0xEB,0x90,0x0A,0x22,0x08,0xE3,0x02,0x0B,0x09,0x02,0x0A,0x85,
    0x00,0x05,0x0F,0x04,0x09,0x8E,0x01,0x16,0x70,0x53,0x11,0x09,
    0x8D,0x01,0x68,0x6E,0x61,0x70,0x73,0x68,0x6F,0x0E,0x0B,0x08,
    0x6F,0x01,0x03,0xF9,0x52,0x35,0xEC,0x83,0xB7,0xE4,0x00,0x31,
    0xEC,0x94,0xAC,0xAF,0x03,0x83,0xA7,0x81,0xEB,0xA0,0xAC,0xED,
    0x99,0x94,0x8B,0x06,0x33,0xED,0x95,0x9C,0xDB,0x27,0x01,0x5F,
    0x01,0x0F,0x42,0x11,0x03,0x01,0x06,0x2C,0x24,0x74,0x65,0xA3,
    0x12,0x08,0x6A,0x00,0x02,0x54,0x00,0x4A,0x84,0xEC,0x9E,0x85,
    0x59,0x02,0x08,0xF7,0x00,0x24,0x65,0x78,0xFD,0x43,0x0E,0x14,
    0x02,0x4A,0xA2,0x85,0xEB,0xA3,0x94,0x02,0x01,0xF2,0x01,0x02,
    0x57,0x14,0xAD,0xEA,0xB0,0x80,0x20,0xEB,0xB3,0xB5,0xEC,0x9B,
    0x90,0x21,0x24,0x02,0x3A,0x05,0x09,0x2B,0x01,0x02,0x84,0x0B,
    0x0B,0xC4,0x04,0x07,0x73,0x01,0x02,0x50,0x08,0x04,0x3E,0x82,
    0x07,0x21,0x46,0x19,0x3A,0x4D,0x07,0x05,0x4A,0x00,0x02,0x44,
    0x03,0x0F,0x7E,0x0D,0x09,0x11,0xB4,0x3A,0x00,0x0F,0x8B,0x00,
    0x00,0x03,0x56,0x2C,0x02,0xB2,0x0C,0x0F,0x92,0x00,0x06,0x0F,
    0x5B,0x00,0x09,0x0C,0x9F,0x00,0x0F,0x65,0x00,0x07,0x03,0xBC,
    0x07,0x08,0x1E,0x02,0x01,0x76,0x0C,0x0F,0xED,0xAA,0x03,0x09,
    0x74,0x00,0x04,0x5C,0x09,0x01,0x65,0x19,0x14,0x3A,0x5C,0x0E,
    0x0F,0xBE,0x05,0x22,0x11,0x6C,0x7E,0x06,0x06,0xBE,0x09,0x09,
    0x68,0x00,0x09,0x9C,0x0A,0x04,0x19,0x03,0x0F,0xD2,0x00,0x00,
    0x01,0x88,0x03,0x0B,0x2F,0x01,0x34,0x6C,0x6F,0x61,0x18,0x2B,
    0x15,0x46,0xCC,0x01,0x06,0xCA,0x12,0x03,0xAF,0x08,0x05,0xC4,
    0x00,0x0B,0x40,0x05,0x02,0x97,0x00,0x03,0xE2,0x14,0x01,0xCC,
    0x21,0x03,0x52,0x60,0x05,0x3A,0x00,0x0D,0x8F,0x00,0x02,0x98,
    0x00,0x0E,0x94,0x12,0x04,0xB5,0x16,0x03,0x69,0x01,0x0E,0xA8,
    0x0E,0x04,0xB3,0x14,0x01,0x05,0x01,0x31,0x52,0x6F,0x6F,0x78,
    0x11,0x08,0x2C,0x13,0x05,0xA5,0x00,0x04,0x10,0x01,0x22,0xA3,
    0xA8,0xD3,0x0F,0x49,0x86,0xEC,0x9D,0x8C,0x84,0x02,0x03,0xBD,
    0x17,0x02,0xF1,0x00,0x33,0x44,0x65,0x74,0x4E,0x0A,0x0F,0x4D,
    0x00,0x02,0x08,0xF2,0x00,0x02,0xFA,0x01,0x02,0x77,0x02,0x53,
    0x52,0x65,0x74,0x75,0x72,0x36,0x08,0x0F,0x39,0x00,0x02,0x03,
    0x86,0x00,0x09,0x11,0x03,0x63,0xEB,0x8B,0xA8,0xEA,0xB3,0x84,
    0xDF,0x09,0xBB,0x9D,0x84,0x28,0xEB,0xA5,0xBC,0x29,0x20,0xEB,
    0xB0,0x98,0x23,0x61,0x07,0xE0,0x03,0x02,0x73,0x00,0x4F,0x50,
    0x61,0x63,0x6B,0x71,0x00,0x15,0x01,0xA8,0x29,0x4F,0xA4,0xEC,
    0xA7,0x80,0x6E,0x00,0x21,0x02,0x52,0x0F,0x0B,0xC3,0x07,0x0F,
    0xDF,0x00,0x03,0x23,0x9D,0xB4,0x56,0x18,0x02,0x3B,0x0A,0x42,
    0xEB,0x8A,0x94,0x20,0x3E,0x00,0x09,0x90,0x0F,0x01,0x1A,0x07,
    0x53,0xA7,0x80,0xEC,0x9B,0x90,0x7A,0x3E,0x0A,0xE4,0x28,0x05,
    0xC8,0x04,0xF2,0x07,0x22,0x63,0x61,0x6E,0x6E,0x6F,0x74,0x43,
    0x72,0x65,0x61,0x74,0x65,0x4F,0x75,0x74,0x70,0x75,0x74,0x46,
    0x6F,0x6C,0x7C,0x2F,0x0F,0x81,0x00,0x04,0x02,0xCB,0x17,0x24,
    0xED,0x8F,0xCB,0x3B,0x02,0x3F,0x53,0x02,0x23,0x22,0x07,0x69,
    0x05,0x0A,0xFA,0x01,0xFF,0x07,0x70,0x75,0x62,0x6C,0x69,0x73,
    0x68,0x65,0x64,0x52,0x75,0x6E,0x74,0x69,0x6D,0x65,0x4C,0x61,
    0x75,0x6E,0x63,0x68,0x5C,0x01,0x0E,0x98,0xEA,0xB2,0x8C,0xEC,
    0x8B,0x9C,0xEB,0x90,0x9C,0x9F,0x2D,0x8F,0x8B,0xA4,0xED,0x96,
    0x89,0xEC,0x9D,0xB4,0xCD,0x01,0x17,0x02,0x8D,0x6E,0x41,0x4D,
    0x75,0x73,0x74,0x26,0x4F,0x04,0xB2,0x21,0x09,0xE0,0x00,0x35,
    0xEB,0xB0,0x8F,0x5B,0x00,0x13,0x80,0x13,0x3E,0x06,0xF8,0x1B,
    0x01,0xC6,0x1B,0x04,0xDD,0x21,0x06,0x17,0x00,0x44,0xEA,0xB3,
    0xBC,0x20,0x68,0x4F,0x03,0x06,0x41,0x05,0x32,0x1F,0x06,0x64,
    0x01,0x04,0xAA,0x17,0x08,0x12,0x19,0x09,0x7C,0x00,0x04,0x4E,
    0x95,0x0D,0x76,0x00,0x03,0x61,0x1C,0x0F,0xD7,0x17,0x02,0x03,
    0xAE,0x00,0x03,0xDA,0x23,0x01,0xA1,0x00,0x0F,0x67,0x1C,0x04,
    0x01,0x3F,0x27,0x02,0x96,0x1D,0x35,0x4E,0x6F,0x74,0x8C,0x2B,
    0x0F,0x83,0x00,0x03,0x0F,0x6C,0x00,0x12,0x0F,0xB0,0x2B,0x06,
    0x08,0xF7,0x00,0x03,0x77,0x5E,0x0F,0xEB,0x01,0x0D,0x72,0x84,
    0xB1,0xEA,0xB3,0xB5,0xED,0x96,0x33,0x1B,0x1F,0x8C,0xE9,0x01,
    0x2B,0x43,0x77,0x65,0x62,0x54,0x17,0x19,0x08,0xEA,0x00,0x3F,
    0x77,0x65,0x62,0xD9,0x00,0x04,0x0F,0xCB,0x00,0x08,0x0B,0x84,
    0x04,0x07,0x5B,0x00,0x63,0x45,0x78,0x74,0x72,0x61,0x63,0xC8,
    0x04,0x21,0x22,0x3A,0x1C,0x00,0x06,0x6F,0x19,0x72,0x20,0xEC,
    0x95,0x84,0xEC,0xB9,0xB4,0xDC,0x91,0x71,0x20,0xEC,0xB6,0x94,
    0xEC,0xB6,0x9C,0xAC,0x01,0x2A,0x8C,0xA8,0x14,0x03,0x07,0x52,
    0x00,0xA1,0x4E,0x6F,0x74,0x44,0x69,0x72,0x4F,0x72,0x5A,0x69,
    0xA6,0x24,0x0F,0xB0,0x00,0x09,0x19,0xB4,0x1B,0x1E,0x81,0xEB,
    0x8F,0x84,0x20,0x2E,0x7A,0x69,0x70,0x4E,0x13,0x07,0x10,0x9E,
    0x0B,0xBD,0x00,0x44,0x63,0x6F,0x70,0x79,0x19,0x01,0x46,0x46,
    0x69,0x6C,0x65,0xBB,0x00,0x05,0x6B,0x1A,0x03,0x48,0x02,0x76,
    0x20,0xEB,0xB3,0xB5,0xEC,0x82,0xAC,0xB1,0x00,0x0B,0x4A,0x00,
    0x09,0xB5,0x00,0x81,0x49,0x6E,0x64,0x65,0x78,0x48,0x74,0x6D,
    0x2C,0x35,0x0F,0x4F,0x02,0x02,0x09,0x1A,0x01,0xE1,0xEC,0x97,
    0x90,0x20,0x69,0x6E,0x64,0x65,0x78,0x2E,0x68,0x74,0x6D,0x6C,
    0x8D,0x17,0x08,0x31,0x04,0x15,0x28,0x8C,0x00,0x58,0x3A,0x20,
    0x7B,0x7D,0x29,0x4B,0x02,0xF3,0x03,0x61,0x6E,0x64,0x72,0x6F,
    0x69,0x64,0x4E,0x6F,0x74,0x49,0x6D,0x70,0x6C,0x65,0x6D,0x65,
    0x6E,0xE4,0x2D,0x12,0x41,0x19,0x00,0x09,0xDE,0x01,0x01,0x4F,
    0x13,0xCF,0x95,0x84,0xEC,0xA7,0x81,0x20,0xEA,0xB5,0xAC,0xED,
    0x98,0x84,0x59,0x0B,0x03,0x01,0xBF,0x24,0x39,0xEC,0xA0,0x95,
    0x69,0x00,0x1D,0x63,0x09,0x05,0x06,0x2B,0x01,0x09,0xFA,0x04,
    0x03,0xF7,0x04,0x01,0xB9,0x0D,0x03,0x69,0x08,0x09,0xB3,0x06,
    0x43,0x63,0x6F,0x70,0x79,0xEC,0x04,0x06,0x42,0x00,0x0C,0xC5,
    0x04,0x0F,0x74,0x01,0x02,0x01,0x49,0x00,0x03,0xAF,0x07,0x03,
    0x44,0x04,0x23,0x22,0x70,0xC5,0xB0,0x08,0x46,0x08,0xE2,0x22,
    0x77,0x72,0x69,0x74,0x69,0x6E,0x67,0x4D,0x61,0x6E,0x69,0x66,
    0x65,0xC4,0x1A,0x06,0x89,0x31,0x0B,0x5B,0x31,0x01,0x06,0x24,
    0x24,0x84,0xB1,0x4C,0x12,0x03,0x58,0x00,0x07,0x16,0x42,0x73,
    0x69,0x6E,0x67,0x50,0x61,0x63,0x6B,0x49,0x1C,0x03,0x45,0x07,
    0x39,0xEC,0x9E,0xAC,0x59,0x0A,0x73,0xEB,0xB0,0x8F,0x20,0x56,
    0x50,0x4B,0x94,0x30,0x0E,0x4D,0x00,0x73,0x63,0x6F,0x70,0x79,
    0x69,0x6E,0x67,0xF8,0x00,0x01,0x28,0x1C,0x0B,0xB7,0x05,0x0C,
    0xF2,0x00,0x0C,0x8F,0x00,0x11,0x6C,0x18,0x06,0x4B,0x69,0x6E,
    0x67,0x50,0x31,0x06,0x01,0xE6,0x08,0x0F,0x0E,0x06,0x06,0x0E,
    0x49,0x00,0x09,0x7D,0x04,0x02,0xA6,0x03,0x05,0x7E,0x01,0x01,
    0x7A,0x02,0x01,0x46,0x06,0x0D,0x81,0x0B,0x06,0x19,0x01,0x11,
    0x65,0x99,0x22,0x71,0x43,0x6F,0x6D,0x70,0x6C,0x65,0x74,0x36,
    0x13,0x0A,0xE1,0x02,0x03,0x37,0x14,0x06,0x31,0x00,0x03,0xFD,
    0x00,0x04,0x67,0x03,0x01,0xFE,0x00,0x0F,0x4D,0x05,0x03,0x04,
    0x63,0x03,0x0F,0xFD,0x00,0x06,0x0F,0x41,0x01,0x09,0x0D,0xC2,
    0x01,0x0A,0xA9,0x00,0x03,0x3B,0x00,0x02,0x75,0x05,0x03,0xF8,
    0x00,0x08,0x86,0x00,0x03,0xB8,0x00,0x06,0x67,0x05,0x0F,0x0D,
    0x01,0x12,0x03,0xDC,0x00,0x16,0x57,0x5F,0x05,0x04,0xF7,0x04,
    0x09,0x15,0x01,0x05,0xC1,0x03,0x05,0x46,0x04,0x0C,0xE3,0x00,
    0x01,0x3D,0x41,0x02,0x4A,0x00,0x02,0x65,0x29,0x01,0x27,0x01,
    0x02,0x82,0x61,0x31,0x77,0x65,0x62,0xA8,0x0E,0x14,0xB2,0xDD,
    0x26,0x0E,0x3F,0x00,0x0B,0xD6,0x01,0x27,0x49,0x6E,0x86,0x44,
    0xC2,0xEB,0xB8,0x8C,0xEB,0x9D,0xBC,0xEC,0x9A,0xB0,0xEC,0xA0,
    0x80,0x1C,0x09,0x0F,0xE5,0x00,0x1C,0x0F,0x7C,0x15,0x08,0x06,
    0xE6,0x01,0x34,0x73,0x61,0x76,0xD9,0x16,0x19,0x50,0xC9,0x1B,
    0x05,0x23,0x0F,0x01,0x94,0x2F,0x06,0x89,0x03,0x04,0x67,0x16,
    0x02,0x0A,0x01,0x0B,0xD8,0x03,0x0F,0xB7,0x12,0x00,0x96,0x70,
    0x61,0x63,0x6B,0x65,0x64,0x56,0x70,0x6B,0x54,0x23,0x44,0xA8,
    0xED,0x82,0xB9,0xD1,0x0B,0x06,0x8A,0x00,0x03,0x91,0x22,0x12,
    0x50,0x8B,0x35,0x0A,0xFE,0x03,0x02,0xDE,0x02,0x41,0x20,0xEC,
    0xA4,0x91,0x4E,0x04,0x06,0x35,0x00,0x0A,0x2D,0x02,0x01,0x7D,
    0x01,0x0E,0x1E,0x02,0x0F,0x34,0x00,0x0A,0x03,0x1E,0x22,0x07,
    0x77,0x00,0x09,0x03,0x02,0x04,0x60,0x02,0x01,0xB6,0x00,0x01,
    0x0F,0x0B,0x0F,0x8C,0x00,0x14,0x01,0x0F,0x02,0x71,0x4F,0x76,
    0x65,0x72,0x48,0x74,0x74,0x05,0x07,0x0F,0x57,0x00,0x00,0x62,
    0x3A,0x20,0x7B,0x7D,0x20,0x28,0x51,0x00,0x06,0xF1,0x41,0x82,
    0x68,0x74,0x74,0x70,0xEB,0xA1,0x9C,0x20,0x15,0x34,0x06,0x2D,
    0x15,0x08,0xB7,0x01,0x0A,0xF8,0x00,0x01,0x6C,0x00,0x18,0x72,
    0x42,0x56,0x0E,0x05,0x01,0x1A,0x2E,0xAD,0x07,0x0A,0x41,0x00,
    0x4F,0x57,0x69,0x74,0x68,0x45,0x00,0x11,0x4B,0x3A,0x20,0x7B,
    0x7D,0x49,0x00,0x72,0x73,0x75,0x63,0x63,0x65,0x65,0x64,0x9B,
    0x03,0x02,0xFD,0x08,0x07,0x55,0x15,0x15,0x66,0x0D,0x0E,0x02,
    0x14,0x0A,0x07,0x1B,0x00,0x64,0x74,0x68,0x69,0x73,0x53,0x65,
    0x2E,0x41,0x43,0x22,0xEC,0x9D,0xB4,0x2D,0xAC,0x07,0x24,0x00,
    0x21,0x61,0x6C,0xDF,0x18,0x03,0xA4,0x01,0x0D,0xDF,0x01,0x08,
    0xE4,0x0A,0x15,0xB4,0x1D,0x57,0x05,0x2C,0x02,0x34,0xEC,0x9E,
    0x85,0x24,0x38,0x06,0x32,0x02,0x0F,0xD4,0x3B,0x01,0x08,0x2E,
    0x01,0x06,0x54,0x00,0x01,0x4A,0x00,0x2F,0x8C,0xA8,0xF9,0x21,
    0x21,0x14,0x6E,0xE0,0x33,0x01,0x2F,0x13,0x0F,0xB8,0x00,0x08,
    0x05,0x64,0x00,0x04,0x33,0x13,0x26,0x9C,0x20,0x36,0x0F,0x01,
    0xD5,0x00,0x07,0x52,0x08,0x08,0xC7,0x00,0x0F,0x88,0x15,0x03,
    0x0F,0xC9,0x00,0x05,0x0F,0x8B,0x15,0x1E,0x0F,0x50,0x22,0x0C,
    0x09,0x26,0x01,0x01,0x58,0x22,0x01,0xD0,0x03,0x0F,0x4F,0x22,
    0x13,0x06,0x8C,0x01,0x5F,0x63,0x68,0x6F,0x6F,0x73,0xA7,0x0D,
    0x0B,0x06,0x69,0x00,0x0F,0xAB,0x0D,0x00,0x02,0x35,0x01,0x05,
    0x22,0x03,0x08,0x5B,0x00,0x02,0xE0,0x02,0x31,0x52,0x75,0x6E,
    0x2E,0x2F,0x22,0x65,0x64,0xE0,0x03,0x03,0x0F,0x08,0x09,0x8B,
    0x03,0x06,0x62,0x00,0x03,0xAC,0x18,0x02,0xCB,0x00,0x05,0xE9,
    0x07,0x04,0xFA,0x03,0x14,0x95,0xF4,0x04,0x06,0xC0,0x00,0x02,
    0x65,0x00,0x0F,0x62,0x00,0x0E,0x02,0x03,0x19,0x0F,0x57,0x00,
    0x0D,0x0B,0x4B,0x05,0x39,0x77,0x65,0x62,0x1E,0x09,0x86,0x6E,
    0x6F,0x50,0x79,0x74,0x68,0x6F,0x6E,0x67,0x06,0x09,0xC0,0x09,
    0xB9,0xEB,0xA5,0xBC,0x20,0x68,0x74,0x74,0x70,0x28,0x73,0x29,
    0x3C,0x04,0x39,0xEA,0xB3,0xA0,0xA4,0x0A,0x16,0x84,0xAB,0x4A,
    0x92,0x20,0x28,0x66,0x69,0x6C,0x65,0x3A,0x2F,0x2F,0x5E,0x06,
    0x91,0xEB,0x8A,0x94,0x20,0x66,0x65,0x74,0x63,0x68,0x63,0x14,
    0x55,0xB0,0xA8,0xEB,0x8B,0xA8,0xF7,0x30,0x23,0x29,0x2E,0xCA,
    0x06,0x01,0x88,0x0F,0x51,0x9E,0x90,0xEB,0x8F,0x99,0xBA,0x02,
    0x62,0x96,0x89,0xED,0x95,0xA0,0x20,0x99,0x00,0x01,0x5C,0x00,
    0x21,0xB0,0xBE,0x07,0x00,0x2F,0x88,0x98,0xB9,0x02,0x07,0x71,
    0x65,0x72,0x76,0x69,0x6E,0x67,0x41,0x78,0x11,0x06,0x9E,0x1A,
    0x51,0xA0,0x9C,0xEA,0xB3,0xB5,0x97,0x1A,0x0B,0x08,0x01,0x1D,
    0x70,0xB0,0x22,0x02,0x76,0x01,0x0F,0x33,0x29,0x01,0x09,0x99,
    0x02,0x07,0x47,0x04,0x08,0x32,0x00,0x02,0x15,0x10,0x0F,0x93,
    0x03,0x0A,0x01,0x18,0x0B,0x0C,0x88,0x00,0x31,0x6C,0x61,0x62,
    0x7A,0x30,0x03,0x59,0x12,0x0B,0x56,0x00,0x0F,0x50,0x00,0x08,
    0x07,0x88,0x00,0x11,0x6F,0x7C,0x00,0x06,0x91,0x10,0x09,0xC2,
    0x01,0x0C,0x71,0x00,0x03,0xFE,0x44,0x06,0x70,0x00,0x04,0xDB,
    0x0A,0xC1,0x43,0x61,0x6E,0x54,0x61,0x6B,0x65,0x41,0x57,0x68,
    0x69,0x6C,0xC9,0x09,0x02,0xDE,0x0A,0x03,0x67,0x39,0x08,0xE1,
    0x0A,0x32,0xEB,0x90,0xA0,0xE0,0x32,0x01,0x36,0x51,0x01,0x0D,
    0x4B,0x52,0xB1,0xB8,0xEB,0xA6,0xB4,0xA1,0x01,0x09,0x37,0x2C,
    0x03,0xEE,0x00,0x07,0x50,0x13,0x02,0xBB,0x0A,0x01,0xD2,0x08,
    0x03,0x84,0x00,0x96,0x22,0x70,0x72,0x6F,0x6A,0x65,0x63,0x74,
    0x4C,0x1A,0x00,0x0A,0x42,0x14,0x38,0xEB,0x9F,0xB0,0x6D,0x2D,
    0x36,0x73,0x75,0x62,0xF9,0x24,0x83,0x9B,0x8C,0xED,0x81,0xAC,
    0xEC,0x8A,0xA4,0x2E,0x30,0x21,0x8A,0xA4,0x4B,0x02,0x01,0xF6,
    0x04,0x33,0xED,0x95,0x98,0x0B,0x88,0x08,0xC2,0x64,0x14,0x9C,
    0x7F,0x26,0x03,0x70,0x03,0x0B,0x61,0x39,0x09,0x79,0x00,0x0E,
    0x53,0x44,0x72,0x72,0x65,0x63,0x65,0x6E,0x74,0x50,0xB1,0x00,
    0x02,0xEA,0x1F,0x59,0xB5,0x9C,0xEA,0xB7,0xBC,0x94,0x3C,0x04,
    0x9B,0x01,0x29,0x22,0x77,0x6A,0x21,0x0D,0xAB,0x00,0x05,0x28,
    0x00,0x83,0x61,0x64,0x64,0x45,0x78,0x69,0x73,0x74,0x48,0x04,
    0x63,0xEA,0xB8,0xB0,0xEC,0xA1,0xB4,0x8C,0x3F,0x05,0x25,0x00,
    0x02,0xE2,0x16,0x03,0x7B,0x00,0x01,0xC8,0x08,0x08,0x9D,0x16,
    0x08,0xA0,0x01,0x05,0x33,0x00,0x66,0x77,0x69,0x6E,0x64,0x6F,
    0x77,0x6A,0x01,0x01,0xA7,0x14,0x34,0x6E,0x69,0x6D,0x06,0x36,
    0x01,0x96,0xB7,0x0A,0x0A,0x34,0x38,0x6D,0x61,0x78,0x20,0x00,
    0x3A,0xEB,0x8C,0x80,0x20,0x00,0x43,0x72,0x65,0x73,0x74,0x38,
    0xBB,0x02,0x9D,0x17,0x0C,0x60,0x02,0x0F,0x22,0x45,0x04,0x01,
    0x2C,0x01,0x08,0x5D,0x01,0x04,0xA5,0x00,0x54,0x20,0x20,0x22,
    0x6E,0x65,0xA1,0x32,0x01,0xCF,0x1F,0x2F,0x83,0x88,0x4E,0x01,
    0x02,0x03,0x11,0x1B,0x0F,0x29,0x01,0x01,0x01,0x90,0x1C,0x0C,
    0x89,0x00,0x4A,0x65,0x6D,0x70,0x74,0x99,0x20,0x05,0x36,0x02,
    0x08,0x88,0x00,0x01,0x30,0x02,0x0F,0x60,0x04,0x03,0x07,0xA3,
    0x00,0x03,0x36,0x03,0x09,0x74,0x01,0x01,0xE6,0x5B,0x02,0x15,
    0x67,0x64,0xB1,0xB0,0xEB,0x82,0x98,0x20,0xB8,0x01,0x0D,0xE9,
    0x01,0x01,0x64,0x00,0x01,0xC7,0x2D,0x07,0x55,0x06,0x03,0x1B,
    0x03,0x04,0x87,0x02,0x02,0x53,0x0F,0x69,0x44,0x69,0x61,0x6C,
    0x6F,0x67,0xB2,0x01,0x05,0xB6,0x00,0x02,0x40,0x1E,0x09,0x1C,
    0x01,0x04,0x80,0x00,0x06,0xF4,0x01,0x07,0x4C,0x48,0x37,0xEB,
    0xB9,0x88,0x80,0x14,0x0C,0xD5,0x06,0x03,0x1B,0x00,0x01,0xDF,
    0x08,0x21,0xA6,0x84,0x18,0x13,0x08,0x50,0x02,0x02,0x28,0x2F,
    0x01,0x48,0x11,0x1F,0x90,0xAC,0x13,0x00,0x03,0xB3,0x03,0x06,
    0x74,0x04,0x08,0x53,0x01,0x03,0x5B,0x00,0x07,0x3F,0x01,0x04,
    0x58,0x13,0x01,0xB7,0x02,0x0C,0xE1,0x30,0x07,0x78,0x13,0x13,
    0x45,0xB4,0x01,0x17,0x22,0xBE,0x30,0x2F,0x9D,0x8C,0x49,0x00,
    0x00,0x61,0x4D,0x69,0x6E,0x69,0x6D,0x61,0x51,0x11,0x03,0x28,
    0x66,0x0B,0x4F,0x01,0x13,0x65,0x50,0x03,0x0F,0x51,0x01,0x09,
    0x03,0xB0,0x01,0x0F,0x58,0x01,0x01,0x02,0x75,0x2F,0x07,0x79,
    0x00,0x25,0x68,0x65,0x4C,0x63,0x03,0x37,0x00,0x08,0xF2,0x00,
    0x08,0x29,0x00,0x21,0x69,0x6E,0x84,0x06,0x23,0x2E,0x76,0x24,
    0x01,0x03,0xCC,0x0F,0x02,0x48,0x05,0x4A,0x88,0xEB,0x8A,0x94,
    0x69,0x01,0x02,0x08,0x18,0x01,0x22,0x02,0x04,0xB6,0x04,0x0B,
    0xA2,0x04,0x06,0x6F,0x01,0x04,0x58,0x18,0x08,0x7B,0x00,0x03,
    0x49,0x18,0x0C,0xFE,0x02,0x0F,0x33,0x0D,0x00,0x5F,0x61,0x64,
    0x64,0x65,0x64,0x40,0x04,0x04,0x01,0x80,0x00,0x02,0xA2,0x02,
    0x07,0xB6,0x33,0x0B,0xE2,0x0C,0x11,0x66,0xF3,0x16,0x05,0xA4,
    0x01,0x09,0x86,0x00,0x02,0x69,0x02,0x01,0xB4,0x1B,0x06,0xBB,
    0x01,0x0F,0xEC,0x1F,0x00,0x03,0x45,0x00,0x07,0x8E,0x2D,0x0F,
    0x47,0x00,0x04,0x04,0x29,0xC7,0x05,0xB4,0x2A,0x04,0x4D,0x00,
    0x0B,0x42,0x12,0x41,0x70,0x61,0x74,0x68,0xC5,0x14,0x04,0x8F,
    0x17,0x09,0x50,0x00,0x06,0x3D,0x1E,0x06,0xA1,0x00,0x0F,0x01,
    0x14,0x08,0x58,0x69,0x6E,0x73,0x70,0x65,0xB3,0x14,0x09,0x4D,
    0x00,0x02,0x43,0x00,0x01,0x69,0x4A,0x12,0x82,0x50,0x1D,0x01,
    0xD3,0x12,0x0F,0x32,0x01,0x0E,0x3F,0x4E,0x6F,0x74,0x35,0x01,
    0x09,0x01,0x1D,0x33,0x06,0x35,0x01,0x0B,0x52,0xB2,0x0B,0xEF,
    0x00,0x7F,0x69,0x6E,0x76,0x61,0x6C,0x69,0x64,0xDC,0x32,0x02,
    0x03,0xA0,0x00,0x06,0xBB,0x03,0x9A,0xEC,0x9C,0xA0,0xED,0x9A,
    0xA8,0xED,0x95,0x9C,0x73,0x02,0x07,0x21,0x00,0x07,0x0B,0x01,
    0x05,0x12,0x07,0x03,0x45,0x3F,0x4E,0x45,0x78,0x69,0x73,0xB7,
    0x05,0x08,0xCE,0x02,0x03,0xE6,0x30,0x03,0x34,0x2F,0x03,0x26,
    0x04,0x0B,0xB0,0x00,0x02,0xD7,0x04,0x06,0xDC,0x13,0x09,0x51,
    0x01,0x05,0x1D,0x14,0x01,0x49,0x1E,0x0F,0x4D,0x01,0x0D,0x63,
    0x77,0x72,0x69,0x74,0x65,0x56,0x56,0x03,0x06,0x52,0x00,0x06,
    0x69,0x03,0x3F,0xEC,0x93,0xB0,0x98,0x22,0x08,0x09,0x36,0x02,
    0x01,0x4C,0x00,0x01,0xAC,0x1B,0x16,0x73,0x4A,0x00,0x03,0x23,
    0x0D,0x09,0xA3,0x00,0x03,0x39,0x1E,0x0F,0x5B,0x00,0x18,0x02,
    0xF2,0x00,0x0F,0x69,0x03,0x09,0x02,0xF7,0x00,0x08,0xD3,0x1E,
    0x0B,0x9E,0x00,0x24,0x6E,0x6F,0xE7,0x00,0x09,0xE1,0x00,0x0F,
    0xAB,0x06,0x08,0x0B,0x41,0x00,0x01,0xEB,0x03,0x01,0xC1,0x01,
    0x0A,0x53,0x08,0x08,0xDB,0x00,0x01,0x4E,0x00,0x0F,0xF3,0x03,
    0x0D,0x02,0x3D,0x92,0x08,0xCD,0x00,0x02,0x8D,0x09,0x02,0xDC,
    0x0B,0x09,0x57,0x02,0x01,0x50,0x00,0x5F,0xA0,0x9C,0xEA,0xB1,
    0xB0,0x11,0x03,0x08,0x0A,0x6B,0x5A,0x03,0xCC,0x01,0x05,0xC2,
    0x01,0x01,0x43,0x00,0x0F,0x75,0x5A,0x14,0x0F,0xC9,0x04,0x09,
    0x0F,0x27,0x23,0x00,0x0B,0x1F,0x06,0x29,0x69,0x6F,0x64,0x07,
    0x02,0xB4,0x01,0x36,0x44,0x69,0x72,0x0D,0x02,0x08,0x5A,0x36,
    0x01,0xF1,0x7D,0x03,0xB7,0x01,0x0F,0x62,0x02,0x15,0x01,0xEA,
    0x00,0x58,0x6F,0x72,0x57,0x72,0x69,0xFF,0x02,0x03,0x48,0x02,
    0x23,0x9A,0xA9,0x62,0x4E,0x32,0x27,0x7B,0x7D,0xF0,0x3B,0x0F,
    0xF6,0x00,0x02,0x07,0x57,0x06,0x01,0xB1,0x02,0x06,0x9E,0x00,
    0x53,0x27,0x7B,0x7D,0x27,0x20,0x4D,0x00,0x0F,0x58,0x32,0x02,
    0x04,0xF1,0x00,0x07,0x7A,0x0B,0x31,0x74,0x65,0x78,0xEA,0x85,
    0x01,0x93,0x4B,0x01,0x08,0x2A,0x04,0x81,0x0B,0x04,0x81,0x59,
    0x12,0x3C,0x12,0x5E,0x14,0x3E,0x78,0x00,0x56,0x22,0x66,0x69,
    0x6C,0x74,0xD3,0x5D,0x06,0xF5,0x98,0x97,0xED,0x95,0x84,0xED,
    0x84,0xB0,0xEB,0xA7,0x81,0x7B,0x2F,0x23,0x22,0x73,0x57,0x0A,
    0x0A,0x46,0x40,0x02,0x88,0x09,0x25,0x53,0x74,0xFE,0x07,0x04,
    0x44,0x00,0x02,0x5A,0x03,0x01,0xD8,0x0D,0x0F,0x7F,0x09,0x03,
    0x05,0x91,0x04,0x02,0xB3,0x6F,0x01,0x1C,0x0A,0x57,0xA7,0x80,
    0xEC,0x9A,0xB0,0xEF,0x08,0x03,0x16,0x0B,0x06,0x19,0x01,0x05,
    0x60,0x00,0x01,0xE6,0x65,0x04,0x96,0x17,0x04,0xF8,0x30,0x05,
    0x12,0x0C,0x08,0x2F,0x0B,0x0F,0x7D,0x04,0x08,0x07,0x3E,0x01,
    0x4C,0x66,0x69,0x6C,0x65,0x4D,0x08,0x52,0x22,0x62,0x72,0x6F,
    0x77,0xE4,0x31,0x62,0xEC,0xB0,0xBE,0xEC,0x95,0x84,0xD9,0x57,
    0x01,0x7C,0x01,0x02,0x1A,0x47,0x5F,0x22,0x6D,0x65,0x73,0x68,
    0x72,0x01,0x00,0x0A,0x59,0x01,0x02,0x96,0x6D,0x0F,0x56,0x01,
    0x1F,0x04,0x9A,0x4C,0x53,0xA0,0xB8,0xEC,0x98,0xA8,0x26,0x67,
    0x0F,0x58,0x01,0x34,0x0E,0xCE,0x60,0x0D,0x25,0x02,0x0E,0x62,
    0x02,0x56,0x40,0x6D,0x65,0x74,0x61,0x59,0x03,0x24,0x22,0x6E,
    0x82,0x39,0x88,0x95,0x9C,0xEA,0xB5,0xAD,0xEC,0x96,0xB4,0x1A,
    0x01,0x41,0x63,0x6F,0x6D,0x6D,0x7B,0x33,0x04,0x86,0x02,0x23,
    0x73,0x61,0x56,0x79,0x55,0xA0,0x80,0xEC,0x9E,0xA5,0x84,0x02,
    0x02,0xD5,0x26,0x01,0xFE,0x01,0x01,0xC4,0x26,0x06,0x19,0x00,
    0x22,0x6C,0x6F,0x7C,0x01,0x38,0xEB,0x8B,0xAB,0x13,0x02,0x01,
    0xC4,0x75,0x01,0x30,0x00,0x45,0xA0,0x81,0xEC,0x9A,0xF2,0x6C,
    0x21,0x22,0x6F,0x2C,0x16,0x0A,0x99,0x54,0x22,0x22,0x79,0x96,
    0x39,0x25,0xEC,0x98,0x22,0x83,0x21,0x22,0x6E,0xEE,0x81,0x85,
    0xEC,0x95,0x84,0xEB,0x8B,0x88,0xEC,0x9A,0x1D,0x0D,0x03,0xE5,
    0x62,0x01,0x59,0x00,0x45,0x82,0xAD,0xEC,0xA0,0xC1,0x53,0x34,
    0x22,0x72,0x65,0xE9,0x00,0x02,0x5A,0x07,0x12,0x20,0xF5,0x30,
    0x1A,0x22,0xDB,0x0B,0x01,0xCC,0x0F,0x02,0x2F,0x0C,0x07,0xC0,
    0x02,0x31,0x6F,0x70,0x65,0xA1,0x39,0x02,0xDE,0x28,0x05,0x33,
    0x00,0x03,0x72,0x61,0x0A,0x87,0x0A,0x03,0x8E,0x05,0x01,0x82,
    0x00,0x01,0x69,0x05,0x05,0x2F,0x00,0x32,0x72,0x65,0x73,0x23,
    0x2C,0x3A,0xEC,0x9E,0xAC,0xF1,0x4F,0x41,0x22,0x65,0x64,0x69,
    0x90,0x0A,0x65,0xED,0x8E,0xB8,0xEC,0xA7,0x91,0x32,0x00,0x31,
    0x63,0x6F,0x70,0xDF,0x2D,0x0A,0x16,0x89,0x43,0x22,0x70,0x61,
    0x73,0xAA,0x00,0x88,0xB6,0x99,0xEC,0x97,0xAC,0xEB,0x84,0xA3,
    0x5A,0x01,0x63,0x64,0x75,0x70,0x6C,0x69,0x63,0xCA,0x03,0x38,
    0xEB,0xB3,0xB5,0x05,0x01,0x02,0x89,0x03,0x08,0x92,0x02,0x09,
    0xE8,0x00,0x02,0x2C,0x11,0x01,0x04,0x01,0x07,0x4E,0x14,0x05,
    0x8F,0x00,0x61,0x73,0x65,0x61,0x72,0x63,0x68,0x3E,0x00,0x27,
    0xB2,0x80,0x99,0x46,0x05,0x43,0x02,0x02,0x5A,0x01,0x05,0x30,
    0x00,0x12,0x74,0x39,0x67,0x1A,0x22,0x55,0x9D,0x25,0x22,0x76,
    0x78,0x73,0x06,0x72,0x73,0x05,0xB9,0x02,0x02,0xDD,0x04,0x05,
    0x43,0x00,0x61,0x64,0x65,0x66,0x61,0x75,0x6C,0x1C,0x01,0x02,
    0xF9,0x07,0x08,0x34,0x00,0x02,0x48,0x43,0x11,0x64,0xB0,0x0C,
    0x57,0x99,0x9C,0xEC,0x84,0xB1,0x06,0x0F,0x27,0x22,0x64,0x8F,
    0x59,0x0F,0xF6,0x2B,0x01,0x71,0x22,0x70,0x6F,0x73,0x69,0x74,
    0x69,0xDD,0x02,0x47,0x22,0xEC,0x9C,0x84,0x69,0xAE,0x02,0x6C,
    0x76,0x03,0x1B,0x00,0x65,0xED,0x9A,0x8C,0xEC,0xA0,0x84,0x91,
    0x00,0x15,0x73,0x77,0x47,0x05,0x64,0x47,0x07,0x80,0x04,0x41,
    0x74,0x6F,0x70,0x62,0x05,0x05,0x04,0x2F,0x03,0x0B,0x18,0x0E,
    0x03,0x58,0x2C,0x68,0x45,0x64,0x69,0x74,0x6F,0x72,0x68,0x03,
    0x0A,0x1A,0x66,0x22,0x22,0x66,0xDE,0x11,0x03,0x46,0x00,0x08,
    0xA8,0x35,0x02,0x2C,0x49,0x04,0x8F,0x00,0x02,0x98,0x0F,0x05,
    0x69,0x16,0x7B,0xEC,0x83,0x88,0x20,0xEB,0xB9,0x88,0xCA,0x52,
    0x05,0x1F,0x38,0x01,0x94,0x02,0x05,0xDC,0x19,0x07,0x44,0x00,
    0x02,0xF8,0x01,0x0D,0x86,0x3C,0x0F,0x53,0x13,0x0B,0x07,0xCA,
    0x3F,0x09,0x2F,0x02,0x1A,0x20,0xDC,0x02,0x03,0x29,0x49,0x28,
    0x54,0x6F,0x3A,0x12,0x02,0xA0,0x08,0x01,0xEF,0x11,0x8F,0x8F,
    0x8C,0xEC,0x95,0x84,0xEA,0xB0,0x80,0xFF,0x79,0x00,0x03,0x16,
    0x03,0x0F,0x06,0x01,0x01,0x09,0x28,0x03,0x06,0x7C,0x0D,0x08,
    0x94,0x00,0x08,0x47,0x09,0x0E,0x94,0x00,0x11,0x65,0x83,0x01,
    0x08,0x30,0x00,0x07,0x6F,0x31,0x09,0x9D,0x03,0x01,0xD3,0x03,
    0x62,0x73,0x65,0x74,0x4C,0x61,0x79,0xE5,0x38,0x11,0x22,0xBF,
    0x43,0x71,0xB4,0xEC,0x95,0x84,0xEC,0x9B,0x83,0x32,0x3B,0x02,
    0x30,0x00,0x03,0x6B,0x05,0x04,0x51,0x04,0x0F,0xD8,0x11,0x00,
    0x05,0x0E,0x02,0x37,0xEC,0xB0,0xBD,0x7F,0x01,0x0F,0x5F,0x00,
    0x22,0x22,0x74,0x6F,0x07,0x3F,0x0F,0x1E,0x01,0x00,0x3A,0xEB,
    0x8F,0x84,0xBC,0x43,0x0F,0xF7,0x03,0x0B,0x03,0x23,0x02,0x0A,
    0xB7,0x7B,0x02,0xDF,0x2B,0x07,0xA5,0x00,0x61,0x70,0x72,0x6F,
    0x66,0x69,0x6C,0x13,0x14,0x03,0x61,0x11,0x02,0x8B,0x02,0x4A,
    0xEB,0x9F,0xAC,0x20,0xCF,0x00,0x42,0x66,0x72,0x61,0x6D,0xAD,
    0x3F,0x16,0x67,0x2F,0x00,0x63,0xA0,0x88,0xEC,0x9E,0x84,0x20,
    0xB3,0x3F,0x27,0xB1,0xB0,0x59,0x00,0x03,0x08,0x1D,0x0A,0x5A,
    0x8E,0x07,0x83,0x17,0x05,0x3D,0x00,0x03,0xE5,0x49,0x0F,0x20,
    0x8F,0x01,0x92,0x77,0x6F,0x72,0x6C,0x64,0x56,0x69,0x65,0x77,
    0x71,0x00,0x03,0x0B,0x2E,0x03,0x27,0x00,0x0B,0x98,0x01,0x3F,
    0x68,0x65,0x6C,0x04,0x39,0x04,0x88,0xEB,0x8F,0x84,0xEC,0x9B,
    0x80,0xEB,0xA7,0xAC,0x4B,0x04,0xDA,0x3A,0x04,0xD9,0x11,0x02,
    0xBB,0x03,0x04,0xC8,0x3A,0x0B,0x5B,0x00,0x02,0xA8,0x34,0x36,
    0x64,0x6F,0x63,0x5F,0x07,0x08,0xBC,0x03,0x11,0x52,0xC7,0x34,
    0x37,0x44,0x6F,0x63,0xFE,0x00,0x02,0xCC,0x8C,0x01,0xCB,0x15,
    0x67,0xEB,0x8B,0xA4,0xEC,0x9D,0x8C,0xF1,0x00,0x37,0xEC,0xBA,
    0xA1,0x53,0x15,0x39,0x20,0x20,0x22,0xBA,0x36,0x02,0x71,0x49,
    0x03,0x25,0x2C,0x07,0x52,0x00,0x2F,0x75,0x6E,0x27,0x00,0x01,
    0x3A,0xEB,0xB6,0x88,0x2C,0x11,0x02,0x79,0x00,0x03,0x7A,0x0C,
    0x02,0x6A,0x00,0x0B,0x1A,0x32,0x21,0x69,0x64,0x85,0x04,0x1F,
    0x22,0x37,0x32,0x02,0x02,0x3F,0x00,0x03,0x98,0x07,0x01,0xA8,
    0x00,0x01,0xDE,0x0C,0x03,0x11,0x01,0x07,0x13,0x05,0x86,0x70,
    0x6C,0x61,0x79,0x62,0x61,0x63,0x6B,0x13,0x01,0x52,0x22,0x72,
    0x65,0x73,0x75,0x06,0x21,0x56,0xEC,0x9E,0xAC,0xEA,0xB0,0xA4,
    0x07,0x12,0x70,0xA6,0x34,0x03,0xC0,0x2C,0x04,0xD4,0x00,0x42,
    0x22,0x70,0x61,0x75,0x44,0x08,0xC5,0xEC,0x9D,0xBC,0xEC,0x8B,
    0x9C,0xEC,0xA0,0x95,0xEC,0xA7,0x80,0x1E,0x00,0x03,0x59,0x60,
    0x1D,0x22,0x17,0x00,0x21,0x65,0x70,0x54,0x02,0x01,0x1F,0x06,
    0x05,0x45,0x02,0x02,0xD1,0x28,0x75,0x20,0xEC,0xA7,0x84,0xED,
    0x96,0x89,0x44,0x00,0x71,0x6F,0x70,0x74,0x69,0x6F,0x6E,0x73,
    0x21,0x05,0x01,0x7C,0x00,0x47,0x20,0xEC,0x98,0xB5,0x8F,0x1C,
    0x02,0xA3,0x03,0x05,0x20,0x0B,0x02,0xA0,0x00,0x7B,0x20,0xEC,
    0x83,0x81,0xED,0x83,0x9C,0x02,0x04,0x03,0x53,0x0A,0x0D,0x15,
    0x81,0xB4,0x22,0x63,0x6F,0x6E,0x74,0x65,0x6E,0x74,0x44,0x72,
    0x61,0xA6,0x02,0x06,0x8D,0x42,0x55,0x84,0x9C,0xEB,0x9E,0x8D,
    0x8E,0x00,0x02,0x9C,0x04,0x13,0x54,0xE1,0x03,0x07,0x99,0x04,
    0x0A,0xD9,0x03,0x65,0x22,0x67,0x72,0x61,0x70,0x68,0x27,0x00,
    0x07,0x1F,0x03,0x09,0x00,0x04,0x06,0xF6,0x1C,0x04,0x0A,0x01,
    0x05,0x37,0x63,0x0B,0x6D,0x07,0x05,0x29,0x00,0x06,0xA9,0x32,
    0x0F,0xF8,0x3E,0x13,0x05,0xBA,0x00,0x0F,0xEA,0x05,0x16,0x04,
    0x25,0x05,0x0F,0x7A,0x06,0x19,0x06,0x2D,0x00,0x08,0xCF,0x8E,
    0x06,0x26,0x24,0x07,0xB3,0x08,0x07,0xA4,0x1C,0x05,0x9C,0x00,
    0x04,0x42,0x46,0x01,0xE6,0x01,0x05,0x05,0x45,0x05,0x1F,0x00,
    0x02,0x58,0x29,0x13,0x50,0x25,0x00,0x01,0x04,0x09,0x02,0x0C,
    0x45,0x0E,0x2B,0x00,0x16,0x73,0xC4,0x46,0x13,0x22,0xED,0x06,
    0x07,0xF1,0x02,0x0C,0xF8,0x05,0x0F,0xCE,0x17,0x0B,0x0F,0xCC,
    0x17,0x0B,0x08,0xCA,0x17,0x02,0x51,0x62,0x03,0x9C,0x4D,0x01,
    0x3B,0x07,0x02,0xDB,0x17,0x04,0x4B,0x01,0x0F,0x6A,0x0B,0x06,
    0x04,0x3B,0x66,0xA5,0x22,0x41,0x49,0x20,0xEC,0xB1,0x84,0xED,
    0x8C,0x85,0xF5,0x00,0x0C,0x89,0x72,0x09,0xA9,0x4F,0x45,0xED,
    0x84,0xB0,0x20,0x55,0x02,0x05,0x33,0x00,0x09,0xB0,0x6A,0x76,
    0x22,0xEC,0xBD,0x94,0xEB,0x93,0x9C,0xB0,0x46,0x07,0x27,0x00,
    0x0F,0xB8,0x51,0x04,0x04,0x08,0x03,0x11,0x42,0x96,0x0D,0x02,
    0x41,0x5A,0x05,0x09,0x03,0x08,0xF8,0x22,0x05,0x4B,0x00,0x0F,
    0x50,0x06,0x19,0x08,0x41,0x81,0x01,0x64,0x25,0x11,0x9E,0x2E,
    0x06,0x05,0x4C,0x00,0x06,0xC0,0x35,0xC5,0x22,0xED,0x9E,0x88,
    0xEC,0x8A,0xA4,0xED,0x86,0xA0,0xEB,0xA6,0x57,0x50,0x04,0x5C,
    0x14,0x01,0x79,0x0F,0x31,0x22,0xEC,0x9D,0x02,0x4D,0x28,0x8E,
    0x99,0xD9,0x00,0x0F,0x08,0x07,0x08,0x05,0x66,0x00,0x02,0x08,
    0x06,0x04,0xDE,0x73,0x12,0x22,0x97,0x3A,0x0F,0x4C,0x01,0x00,
    0x01,0x4E,0x2F,0x18,0x48,0x67,0xD7,0x31,0xEC,0x94,0xAC,0xC1,
    0x60,0x86,0xB8,0xB5,0x20,0xEA,0xB5,0xAC,0xEC,0xA1,0x2A,0x03,
    0x01,0x2C,0x00,0x03,0x1B,0x82,0x01,0xC6,0x09,0x08,0xD7,0x00,
    0x0F,0x00,0x07,0x0A,0x04,0x21,0x02,0x04,0xCF,0x5D,0x06,0x98,
    0x00,0x51,0xA8,0xB8,0xED,0x8B,0xB0,0x38,0x83,0x17,0xBC,0x9E,
    0x00,0x07,0xCC,0x02,0x06,0x2F,0x01,0x12,0x7B,0xDA,0x05,0x0C,
    0x5E,0x06,0x08,0x45,0x01,0x01,0x19,0x12,0x0D,0x31,0x3D,0x04,
    0x12,0x16,0x15,0x2E,0x1E,0x01,0x32,0x75,0x6E,0x64,0xBD,0x0D,
    0x03,0xAD,0x21,0x01,0x31,0x0E,0x85,0x20,0x28,0x43,0x74,0x72,
    0x6C,0x2B,0x5A,0x17,0x38,0x32,0x22,0x72,0x65,0x27,0x00,0x05,
    0x9B,0x66,0x01,0x89,0x48,0x02,0x27,0x00,0x58,0x53,0x68,0x69,
    0x66,0x74,0x2D,0x00,0x04,0x48,0x1A,0x88,0x22,0xEC,0x95,0x84,
    0xEC,0xA7,0x81,0x20,0x98,0x00,0x01,0xD4,0x1E,0x0F,0x4B,0x21,
    0x01,0x03,0x13,0x31,0x01,0xEC,0x03,0x76,0xB6,0x88,0xEB,0x9F,
    0xAC,0xEC,0x98,0x2E,0x01,0x03,0x7D,0x0A,0x0B,0x6B,0x0A,0x03,
    0x85,0x12,0x0F,0x07,0x91,0x0E,0x48,0x20,0xEC,0x83,0x9D,0x50,
    0x4A,0xD4,0x69,0x6E,0x73,0x74,0x61,0x6E,0x74,0x69,0x61,0x74,
    0x65,0x41,0x73,0x07,0x0E,0x03,0xB6,0x14,0x02,0x66,0x02,0x88,
    0x84,0xB4,0xEC,0x8A,0xA4,0xED,0x99,0x94,0x16,0x0C,0x01,0xD9,
    0x0B,0x16,0x20,0x8E,0x05,0x0A,0x37,0x38,0x01,0xD8,0x01,0x03,
    0x24,0x00,0x04,0x94,0x9A,0x48,0xEC,0x94,0xAC,0x20,0x45,0x0E,
    0x51,0x22,0x4E,0x65,0x77,0x20,0x23,0x00,0x01,0xDC,0x06,0x17,
    0x83,0x1C,0x0C,0x01,0x1B,0x00,0x01,0xF3,0x16,0x0A,0x21,0x00,
    0x09,0x41,0x0C,0xB3,0x22,0x41,0x64,0x64,0x20,0x43,0x6F,0x6D,
    0x70,0x6F,0x6E,0xD2,0x47,0x9C,0xEC,0xBB,0xB4,0xED,0x8F,0xAC,
    0xEB,0x84,0x8C,0x82,0x19,0x12,0x22,0xC7,0x90,0x0F,0x2E,0x00,
    0x09,0x07,0x10,0x0F,0x6F,0x22,0x55,0x70,0x64,0x61,0x74,0x2E,
    0x00,0x0A,0x58,0x97,0x85,0xEB,0x8D,0xB0,0x47,0xAC,0x21,0x22,
    0x52,0xC4,0x0F,0x1F,0x20,0x6F,0x83,0x01,0x02,0x7B,0x0E,0x09,
    0xD5,0x0F,0x53,0x22,0x45,0x64,0x69,0x74,0x2D,0x00,0x01,0x39,
    0x74,0x01,0x0B,0x46,0x15,0x22,0x36,0xDF,0x04,0xC0,0x07,0x09,
    0x30,0x01,0x53,0x41,0x6C,0x69,0x67,0x6E,0x78,0xDF,0x01,0x33,
    0x01,0x05,0xCF,0x93,0x53,0xEC,0xA0,0x95,0xEB,0xA0,0x2A,0x04,
    0x02,0x5B,0x00,0xA4,0x52,0x65,0x63,0x74,0x20,0x54,0x72,0x61,
    0x6E,0x73,0x9A,0x4C,0x45,0x52,0x65,0x63,0x74,0x11,0x00,0x0A,
    0x89,0x01,0x01,0x8D,0x00,0x05,0x1C,0x00,0x45,0x22,0x3A,0x20,
    0x22,0x0D,0x00,0x0F,0x29,0x00,0x00,0x05,0xF4,0xEA,0x03,0x6C,
    0x0C,0x2F,0x96,0xB4,0x25,0x00,0x00,0x51,0x43,0x61,0x6E,0x76,
    0x61,0xCF,0x06,0x05,0x76,0x85,0x0F,0x26,0x00,0x00,0x71,0x55,
    0x49,0x20,0x50,0x61,0x6E,0x65,0x87,0x1B,0x9F,0x55,0x49,0x20,
    0xED,0x8C,0xA8,0xEB,0x84,0x90,0x28,0x00,0x03,0x23,0x49,0x6D,
    0x44,0x26,0x08,0x09,0xDD,0x0F,0x2B,0x00,0x03,0x43,0x54,0x65,
    0x78,0x74,0x2A,0x00,0x02,0xCE,0x13,0x3F,0xED,0x8A,0xB8,0x2A,
    0x00,0x03,0x0F,0x1B,0xDD,0x00,0x0F,0x29,0x00,0x03,0x0F,0x24,
    0xDD,0x00,0x0F,0x29,0x00,0x03,0x42,0x53,0x6C,0x69,0x64,0xE9,
    0x0B,0x71,0x55,0x49,0x20,0xEC,0x8A,0xAC,0xEB,0xB9,0x1B,0x3F,
    0xEB,0x8D,0x94,0x2F,0x00,0x03,0x13,0x50,0x71,0x2C,0x21,0x20,
    0x42,0x9B,0x0F,0x33,0x22,0x55,0x49,0xFF,0x09,0xAF,0x20,0xED,
    0x91,0x9C,0xEC,0x8B,0x9C,0xEC,0xA4,0x84,0x39,0x00,0x03,0x06,
    0xF2,0x0D,0x33,0x55,0x49,0x20,0x89,0x01,0x02,0xF5,0x0D,0x09,
    0x33,0x02,0x01,0xDA,0x01,0x48,0x4D,0x65,0x73,0x68,0x26,0x14,
    0x07,0xC9,0x11,0x02,0x2D,0x02,0x02,0x11,0x57,0x03,0x59,0x06,
    0x0B,0x66,0x07,0x0E,0x4F,0x00,0x13,0x47,0xAE,0xF3,0x41,0x20,
    0x53,0x70,0x6C,0xF8,0x6D,0xD5,0x22,0xEA,0xB0,0x80,0xEC,0x9A,
    0xB0,0xEC,0x8B,0x9C,0xEC,0x95,0x88,0x89,0x57,0x1F,0xAB,0x69,
    0x00,0x00,0x83,0x45,0x6E,0x76,0x69,0x72,0x6F,0x6E,0x6D,0xB0,
    0x03,0x6F,0xED,0x99,0x98,0xEA,0xB2,0xBD,0x28,0x00,0x00,0x33,
    0x52,0x65,0x66,0xF7,0x61,0x52,0x20,0x50,0x72,0x6F,0x62,0x83,
    0x0C,0xB1,0xA6,0xAC,0xED,0x94,0x8C,0xEB,0xA0,0x89,0xEC,0x85,
    0x98,0x89,0x0C,0x5F,0xA1,0x9C,0xEB,0xB8,0x8C,0x3D,0x00,0x00,
    0x1D,0x4C,0x57,0x57,0x0F,0x25,0x00,0x00,0x13,0x50,0x0F,0xDD,
    0x1F,0x20,0x10,0xDD,0x0B,0x0F,0x3A,0x00,0x00,0x6F,0x52,0x69,
    0x67,0x69,0x64,0x20,0x19,0xDD,0x04,0x0F,0x30,0x00,0x00,0x82,
    0x42,0x6F,0x78,0x20,0x53,0x68,0x61,0x70,0xC5,0x00,0x53,0xB0,
    0x95,0xEC,0x8A,0xA4,0xA4,0x6F,0x0C,0x57,0xD1,0x02,0x8D,0x01,
    0x02,0x4C,0x83,0x06,0x33,0x00,0x9F,0xEC,0x8A,0xA4,0xED,0x94,
    0xBC,0xEC,0x96,0xB4,0x36,0x00,0x0A,0x12,0x43,0x33,0xDD,0x07,
    0x37,0x00,0x0B,0x34,0xDD,0x0F,0xC9,0x01,0x00,0x11,0x43,0x1A,
    0x98,0x0A,0x4A,0x04,0x0E,0x26,0x00,0x34,0x58,0x52,0x20,0xDB,
    0x07,0x5F,0x58,0x52,0x20,0xEB,0xB7,0x13,0x02,0x01,0x11,0x53,
    0x6A,0x65,0x01,0x4A,0x00,0x8D,0x8A,0xA4,0xED,0x81,0xAC,0xEB,
    0xA6,0xBD,0x74,0x03,0x06,0x76,0x09,0x04,0xB0,0x07,0x0F,0x96,
    0x17,0x08,0x01,0x50,0x56,0x32,0x63,0x72,0x6F,0xF8,0x0F,0x04,
    0xDA,0x25,0x02,0x5C,0x00,0x15,0xA1,0xFF,0x84,0x41,0x22,0x6C,
    0x65,0x76,0x3D,0x04,0x03,0x52,0x00,0x03,0x69,0xD7,0x01,0x6A,
    0x01,0x62,0xEC,0xB6,0x94,0xEC,0xA0,0x81,0x89,0x06,0x01,0x1A,
    0x00,0x05,0x89,0x57,0x02,0x1F,0x0F,0x06,0x19,0x00,0x31,0x77,
    0x61,0x72,0x42,0x15,0x67,0xEA,0xB2,0xBD,0xEA,0xB3,0xA0,0x32,
    0x00,0x14,0x65,0xEE,0x3F,0x3A,0xEC,0x98,0xA4,0x81,0xF3,0x63,
    0x63,0x72,0x69,0x74,0x69,0x63,0x3F,0x20,0x48,0x8B,0xAC,0xEA,
    0xB0,0x69,0x00,0x61,0x75,0x6E,0x6B,0x6E,0x6F,0x77,0x53,0x00,
    0x07,0xCF,0xC5,0x0F,0xAE,0x8A,0x00,0x66,0x63,0x6F,0x6C,0x75,
    0x6D,0x6E,0x7D,0x0E,0x0F,0x97,0x14,0x06,0x02,0x07,0x18,0x13,
    0x73,0x01,0x05,0x02,0xED,0x17,0x31,0xEC,0xA7,0x80,0x8F,0x07,
    0x0A,0xD2,0x0E,0x0A,0x6D,0x10,0x03,0x17,0x01,0xA1,0x22,0x6C,
    0x69,0x76,0x65,0x57,0x6F,0x72,0x6C,0x64,0x91,0x05,0x02,0x90,
    0x14,0x12,0x20,0x89,0x10,0x01,0x1A,0x0F,0x03,0x0C,0x01,0x45,
    0x22,0x65,0x6E,0x74,0x4F,0x71,0x05,0x8B,0x06,0x0A,0x22,0x00,
    0x51,0x73,0x74,0x43,0x70,0x75,0xE9,0x01,0x9A,0x98,0x88,0xEC,
    0x83,0x81,0x20,0x43,0x50,0x55,0x21,0x00,0x65,0x78,0x70,0x61,
    0x6E,0x64,0x50,0x20,0x0E,0x08,0x92,0x07,0xA8,0xED,0x92,0x80,
    0x20,0xED,0x8E,0xBC,0xEC,0xB9,0x98,0x14,0x16,0x05,0x1A,0x23,
    0x08,0x97,0x00,0x73,0x20,0xEC,0x99,0xB8,0xEC,0x9D,0x98,0xA5,
    0x00,0x01,0x6A,0x32,0x83,0x9D,0xBC,0xEB,0xB0,0x98,0xEC,0xA0,
    0x81,0xF9,0x1A,0x0A,0x98,0x7F,0x12,0x98,0x22,0x52,0x21,0xAF,
    0xB8,0x7E,0x46,0x02,0x15,0x73,0x51,0x85,0x8C,0xEC,0x9D,0xB4,
    0x20,0x29,0x01,0x7E,0x3F,0xCC,0xEB,0xA5,0xBC,0x20,0xEB,0x82,
    0x98,0xED,0x83,0x80,0xEB,0x83,0x80,0x2B,0x07,0xDB,0x6C,0xF5,
    0x02,0x7B,0x7D,0x20,0x20,0x23,0x7B,0x7D,0x7B,0x7D,0x20,0x20,
    0x2D,0x20,0x20,0x7B,0x7D,0x20,0x09,0x01,0x97,0x2C,0x20,0x7B,
    0x7D,0x20,0xED,0x92,0x80,0x2C,0x40,0x20,0x07,0x35,0xFE,0x22,
    0x20,0x28,0x59,0x01,0x06,0x26,0x0A,0x25,0x6E,0x6F,0x9E,0x08,
    0x01,0x79,0x01,0x3A,0x20,0x20,0x28,0xA2,0x08,0x01,0x16,0x02,
    0x06,0x30,0x00,0x0F,0x10,0x02,0x00,0x1F,0x63,0xDF,0x08,0x05,
    0x07,0xA7,0x02,0x41,0x63,0x6F,0x75,0x6E,0xF0,0x06,0x37,0xEA,
    0xB0,0x9C,0xE2,0x51,0x0F,0xAE,0x01,0x04,0x12,0x22,0x2D,0x0B,
    0x17,0x7D,0x4A,0x0B,0x07,0x98,0x0C,0x04,0x32,0x02,0x25,0x6E,
    0x6F,0x1D,0x04,0x03,0x13,0x00,0x08,0x2D,0x12,0x02,0xEF,0x16,
    0x17,0x20,0x80,0x08,0x01,0xCA,0x00,0x07,0x94,0x00,0x07,0xAF,
    0x02,0x84,0xEA,0xB2,0x8C,0xEC,0x9E,0x84,0xEC,0x9D,0xEE,0x81,
    0x43,0x20,0xEB,0xB3,0xB4,0x43,0x70,0x02,0x64,0x00,0x05,0x25,
    0x01,0x01,0xA2,0x01,0x02,0xE1,0x18,0x05,0x10,0x25,0x33,0xEB,
    0xB3,0xB8,0xF1,0x01,0x6F,0xEC,0xA7,0x80,0xEC,0xA0,0x95,0x00,
    0x25,0x0D,0x02,0x53,0x00,0x01,0xA1,0x02,0x05,0x9E,0x00,0x05,
    0x78,0x1D,0x04,0xA1,0x00,0x03,0x14,0x9D,0x52,0x43,0x72,0x65,
    0x61,0x74,0x64,0x0B,0x0F,0xD2,0x00,0x00,0x03,0x8A,0x09,0x06,
    0x95,0x00,0x3F,0xEC,0x97,0x88,0x32,0x0C,0x00,0x36,0x78,0x72,
    0x44,0xCE,0x17,0x0F,0x2C,0x01,0x00,0x62,0x58,0x52,0x20,0xEB,
    0xB9,0x84,0x1B,0x02,0x07,0x04,0x18,0x0A,0xD3,0x03,0xF2,0x07,
    0x4F,0x70,0x65,0x6E,0x58,0x52,0xEB,0xA5,0xBC,0x20,0xEC,0xB4,
    0x88,0xEA,0xB8,0xB0,0xED,0x99,0x94,0xED,0x95,0xA0,0x0F,0x29,
    0x08,0xA8,0x0C,0x06,0xFF,0x2B,0x74,0x2F,0xED,0x97,0xA4,0xEB,
    0x93,0x9C,0x60,0x29,0x01,0xDB,0x0C,0x03,0x70,0x13,0x63,0xED,
    0x95,0x9C,0xEC,0xA7,0x80,0x2D,0x59,0x06,0xC4,0x28,0x71,0x2D,
    0x2D,0x6E,0x6F,0x2D,0x78,0x72,0x86,0x2B,0x01,0xDE,0x0C,0x03,
    0x18,0xA6,0x21,0x58,0x52,0x9C,0x01,0x07,0xA4,0x00,0x0F,0x64,
    0x01,0x07,0x81,0x72,0x65,0x71,0x75,0x65,0x73,0x74,0x58,0x1B,
    0x0F,0x23,0x58,0x52,0x19,0x2F,0x65,0x20,0xEC,0x9A,0x94,0xEC,
    0xB2,0x95,0x67,0x63,0x22,0x78,0x72,0x57,0x61,0x69,0x8C,0x28,
    0x0F,0x12,0x01,0x04,0x6F,0xAF,0xB8,0xEB,0x9F,0xAC,0x20,0xBE,
    0x13,0x02,0x07,0x3B,0x02,0x26,0x58,0x52,0xF1,0x00,0x01,0x4A,
    0x26,0x02,0x37,0x00,0x02,0xD5,0x09,0x31,0xEC,0xB2,0x98,0x31,
    0x01,0x53,0x83,0x9D,0xEC,0x84,0xB1,0x76,0x65,0x05,0x15,0x01,
    0x42,0x20,0xEB,0xB7,0xB0,0x5C,0x0D,0x13,0xAC,0x70,0x1F,0x02,
    0x50,0x09,0x05,0x3A,0x2C,0x14,0x2E,0x08,0x03,0x04,0xFC,0x04,
    0x7F,0x6D,0x65,0x74,0x72,0x69,0x63,0x73,0xB3,0x00,0x03,0x22,
    0xEB,0xA9,0xFE,0x7E,0x05,0xE4,0x00,0x0A,0x05,0x48,0x03,0x01,
    0x00,0x55,0x7B,0x3A,0x2E,0x31,0x66,0x4E,0x05,0x04,0x1E,0x10,
    0x04,0x95,0x16,0x02,0x66,0x16,0x01,0x2A,0x00,0x88,0x7B,0x3A,
    0x2E,0x32,0x66,0x7D,0x20,0x6D,0x58,0x7C,0x35,0x63,0x70,0x75,
    0x13,0x14,0x47,0x43,0x50,0x55,0x20,0x33,0x00,0x0F,0x2F,0x00,
    0x01,0x17,0x67,0x2F,0x00,0x1F,0x47,0x2F,0x00,0x0F,0x41,0x64,
    0x72,0x61,0x77,0x84,0x04,0x91,0xEB,0x93,0x9C,0xEB,0xA1,0x9C,
    0xEC,0x9A,0xB0,0x89,0x00,0x07,0xCA,0x04,0xA2,0x20,0x20,0x22,
    0x64,0x69,0x73,0x70,0x61,0x74,0x63,0x2C,0x0A,0xBD,0x94,0x94,
    0xEC,0x8A,0xA4,0xED,0x8C,0xA8,0xEC,0xB9,0x98,0x29,0x00,0x63,
    0x76,0x72,0x61,0x6D,0x4C,0x6F,0x00,0x07,0x53,0x56,0x52,0x41,
    0x4D,0x20,0x5B,0x34,0x0B,0x51,0x00,0x72,0x77,0x61,0x72,0x6D,
    0x69,0x6E,0x67,0x1F,0xEA,0x02,0xF4,0x18,0x02,0x24,0x1A,0x3B,
    0xEB,0x9F,0xAC,0xB1,0x33,0x03,0x87,0x01,0x01,0xD6,0xC7,0x32,
    0x6D,0x55,0x73,0x96,0x03,0x34,0x52,0x41,0x4D,0xDB,0x02,0x0C,
    0x83,0x00,0x53,0x72,0x61,0x6D,0x41,0x76,0xD9,0x3E,0x07,0x27,
    0x00,0x0F,0x22,0x49,0x01,0x62,0x72,0x61,0x6D,0x54,0x6F,0x74,
    0xAD,0x07,0x01,0x2B,0x00,0x5D,0xA0,0x84,0xEC,0xB2,0xB4,0xD5,
    0x00,0x51,0x73,0x70,0x6C,0x61,0x74,0x24,0x01,0x01,0x72,0x09,
    0x44,0x8C,0xEB,0x9E,0xAB,0x24,0x01,0x02,0x31,0x49,0x03,0x39,
    0x05,0x03,0xAA,0x00,0x42,0x22,0x7A,0x6F,0x6F,0xF2,0x4F,0xC5,
    0x99,0x95,0xEB,0x8C,0x80,0x2F,0xEC,0xB6,0x95,0xEC,0x86,0x8C,
    0x62,0x04,0x21,0x72,0x65,0x4B,0x00,0xE6,0xED,0x95,0xB4,0xEC,
    0x83,0x81,0xEB,0x8F,0x84,0x3A,0x20,0x7B,0x7D,0x78,0x42,0x24,
    0x0F,0xB0,0xA2,0x05,0x61,0x22,0x66,0x72,0x65,0x65,0x41,0x44,
    0x26,0x01,0xC4,0x04,0xE9,0x9E,0x90,0xEC,0x9C,0xA0,0x20,0xEC,
    0xA2,0x85,0xED,0x9A,0xA1,0xEB,0xB9,0x00,0x11,0x03,0xB4,0x15,
    0x06,0xAC,0x12,0x03,0x6B,0x03,0x33,0x22,0x6E,0x6F,0xE7,0x27,
    0x03,0x11,0x00,0x08,0xBA,0x05,0x03,0xD8,0x0F,0x02,0x34,0x28,
    0x01,0x5C,0x04,0x0F,0xB7,0x05,0x05,0x03,0x07,0x7A,0x02,0x31,
    0x00,0x01,0x27,0x49,0x47,0x83,0x90,0xEC,0x83,0x0F,0x34,0x02,
    0xD0,0x01,0x02,0xAE,0x15,0x01,0x89,0x03,0x23,0x97,0xB4,0x2E,
    0x2D,0x01,0x70,0x05,0x14,0x9C,0x78,0x7A,0x0B,0x37,0x01,0x73,
    0x6D,0x69,0x73,0x73,0x69,0x6E,0x67,0xA3,0x00,0x12,0x22,0x60,
    0x00,0x03,0x84,0x28,0x01,0x47,0x00,0x0F,0xCC,0x21,0x03,0x37,
    0x3A,0x5C,0x6E,0x3E,0x01,0x0A,0xFE,0x20,0x09,0xAB,0x00,0x0F,
    0x05,0x21,0x03,0x0F,0xB3,0x96,0x09,0x15,0x3A,0xB5,0x01,0x03,
    0x9C,0x00,0x3F,0x44,0x69,0x72,0x07,0x04,0x04,0x08,0xD3,0x23,
    0x0F,0xF4,0x06,0x09,0x04,0x8A,0x29,0x18,0x9C,0xD7,0x28,0x02,
    0x5A,0x27,0x35,0xEC,0x83,0x81,0xF2,0x26,0x0D,0x9B,0x28,0x0D,
    0x2E,0x01,0x11,0x69,0x04,0x44,0x04,0x09,0xAE,0x02,0x3D,0x03,
    0x09,0x7C,0x22,0x05,0xBC,0x00,0x03,0x2A,0x00,0x01,0x62,0x29,
    0x01,0x73,0x04,0x01,0x79,0x00,0x0F,0x2C,0x00,0x09,0x0F,0xD2,
    0x36,0x02,0x0F,0x5C,0x00,0x02,0x11,0x63,0x29,0x07,0x0D,0x5C,
    0x00,0x01,0xE8,0x01,0x0F,0xA5,0x1F,0x00,0x0F,0x59,0x00,0x02,
    0x08,0x03,0x17,0x0B,0xB5,0x00,0x02,0xBF,0x1A,0x07,0x36,0x00,
    0x02,0x11,0x00,0x02,0xFF,0x3A,0x01,0xDC,0x36,0x0F,0x96,0x00,
    0x02,0x02,0x73,0x17,0x02,0x2C,0x00,0x0F,0x3D,0x00,0x09,0x0F,
    0x7A,0x00,0x02,0x02,0x46,0x2A,0x06,0x29,0x01,0x05,0x93,0x00,
    0x43,0x73,0x6F,0x75,0x72,0xDA,0x50,0x01,0x02,0x03,0x05,0x19,
    0x00,0x04,0xE7,0x30,0x42,0x51,0x75,0x65,0x75,0x9F,0x04,0x0A,
    0x78,0x02,0x0A,0x45,0x7F,0x05,0x1E,0x42,0x02,0xA2,0x1A,0x0F,
    0x55,0xBA,0x06,0x15,0x2E,0x60,0x00,0x02,0xC1,0x01,0x44,0x69,
    0x6E,0x67,0x4D,0x4C,0x62,0x72,0xED,0x95,0x98,0xEC,0x9C,0x84,
    0x20,0x23,0x03,0x01,0x83,0x03,0x01,0xC4,0x06,0x0A,0x29,0x49,
    0x96,0xEB,0xAA,0xA8,0xEB,0x8D,0xB8,0xEC,0x9D,0x84,0xEB,0x01,
    0x01,0x2F,0x0B,0x02,0x08,0x39,0x04,0xAD,0x04,0x03,0xF6,0x29,
    0x31,0x53,0x75,0x62,0xE3,0x13,0x04,0x44,0xE8,0x06,0x61,0x88,
    0x09,0x6C,0x00,0x5E,0x20,0x55,0x55,0x49,0x44,0xA6,0x36,0x06,
    0xA3,0x00,0x01,0x45,0x00,0x04,0x4F,0x06,0x51,0x9E,0x98,0xEA,
    0xB7,0xB8,0x56,0x05,0x27,0x97,0x90,0xAD,0x00,0x05,0xB4,0x01,
    0x0F,0x8F,0x00,0x00,0x0B,0x45,0xBE,0x04,0xE2,0x00,0x15,0xB4,
    0x50,0x3E,0x02,0x78,0x25,0x56,0x99,0x80,0xEC,0xA7,0x80,0x7B,
    0x25,0x0F,0x7E,0x09,0x00,0x02,0x92,0x00,0x15,0x46,0xCE,0x37,
    0x05,0x75,0x00,0x08,0xEF,0x41,0x07,0x39,0x04,0x67,0x63,0x6F,
    0x70,0x69,0x65,0x64,0xC3,0x01,0x01,0x10,0x05,0x01,0x01,0x09,
    0x58,0xB3,0xB5,0xEC,0x82,0xAC,0x8B,0x2B,0x14,0x2E,0x87,0x00,
    0x01,0x4E,0x00,0x01,0x08,0x0A,0x0F,0xCC,0x01,0x15,0x12,0x70,
    0x5B,0x03,0x12,0x49,0xBE,0x03,0x05,0x9E,0x00,0x04,0xB3,0x35,
    0x0A,0xD1,0x02,0x01,0x8F,0x09,0x03,0x90,0x3E,0x04,0xB0,0x01,
    0x09,0x41,0x00,0x02,0x6E,0x02,0x05,0x3D,0x00,0x07,0x99,0x26,
    0x07,0x50,0x82,0x12,0x3A,0x33,0x90,0x03,0x5F,0x2B,0x13,0x2C,
    0x6E,0x14,0x03,0xE3,0x05,0x03,0x1C,0x00,0x96,0xEA,0xB1,0xB4,
    0xEB,0x84,0x88,0xEB,0x9C,0x80,0x19,0x02,0x03,0x69,0x00,0x11,
    0x45,0x86,0x3D,0x06,0x48,0x01,0x05,0x6D,0x00,0x0A,0xBB,0x1A,
    0x02,0x2D,0x39,0x09,0x52,0x01,0x03,0x41,0x00,0xAF,0x56,0x61,
    0x6C,0x69,0x64,0x61,0x74,0x69,0x6F,0x6E,0x45,0x00,0x01,0x02,
    0x45,0xA1,0x0F,0xE9,0x00,0x08,0x02,0x80,0x00,0x0F,0xE9,0x00,
    0x00,0x03,0xBD,0x03,0x16,0x83,0x7B,0x0B,0x02,0x9D,0x3A,0x08,
    0xED,0x00,0x16,0x29,0xCF,0x00,0x11,0x72,0x86,0x15,0x11,0x64,
    0x3C,0x07,0x01,0xDB,0x01,0x03,0x7D,0x15,0x02,0xE2,0x01,0x49,
    0x80,0xEA,0xB2,0xBD,0xE2,0x01,0x05,0x7D,0x03,0x02,0x38,0x00,
    0x06,0xBB,0x00,0x02,0x36,0x00,0x05,0x45,0x01,0x0E,0xA1,0x01,
    0x02,0x40,0x04,0x11,0x43,0x19,0x05,0x01,0x6F,0x00,0x02,0xE9,
    0x05,0x01,0x26,0x02,0x01,0xC3,0x0C,0x0F,0x2E,0x0C,0x03,0x11,
    0x63,0x31,0x00,0x02,0x4A,0x05,0x06,0x6E,0x00,0x02,0x3C,0x00,
    0x03,0x39,0x00,0x0F,0xBA,0x02,0x04,0x02,0x3D,0x26,0x01,0x6B,
    0x00,0x04,0x2F,0x03,0x13,0x84,0xE9,0x88,0x0F,0xD3,0x00,0x03,
    0x02,0x31,0x00,0x06,0x65,0x00,0x02,0x74,0x26,0x0F,0xCC,0x00,
    0x01,0x0F,0x78,0x0E,0x00,0x13,0x70,0xB3,0x66,0x6C,0xEA,0xB2,
    0xBD,0xEB,0xA1,0x9C,0xC4,0x07,0x01,0x7B,0x08,0x01,0x64,0x15,
    0x06,0x63,0x08,0x03,0x9E,0x1A,0x04,0x82,0x25,0x06,0x13,0x26,
    0x03,0x43,0x26,0x1B,0x53,0x58,0x05,0x09,0x6A,0x12,0x01,0x26,
    0x00,0x04,0x61,0x05,0x01,0x58,0x04,0x0E,0x4D,0x05,0x0C,0x85,
    0x00,0x13,0x73,0xCC,0x04,0x09,0xAB,0x07,0x13,0x6D,0xEB,0x14,
    0x03,0xCF,0x04,0x02,0x2B,0x11,0x04,0xE6,0x01,0x01,0x28,0x32,
    0x14,0x78,0xD3,0x20,0x03,0x23,0x00,0x05,0x4D,0x0C,0x07,0x26,
    0x00,0x62,0x73,0x6B,0x65,0x6C,0x65,0x74,0x7F,0x25,0x03,0x27,
    0x00,0xC7,0xEC,0x8A,0xA4,0xEC,0xBC,0x88,0xEB,0xA0,0x88,0xED,
    0x86,0xA4,0x2A,0x00,0x36,0x61,0x6E,0x69,0xAA,0x66,0x04,0x2B,
    0x00,0x07,0x42,0x15,0x07,0xA8,0x1F,0x04,0xED,0x48,0x01,0x74,
    0x06,0x08,0xDA,0x05,0x0C,0xD9,0x00,0x03,0xD2,0x27,0x06,0x5B,
    0x01,0xE1,0x6D,0x61,0x74,0x65,0x72,0x69,0x61,0x6C,0x4F,0x75,
    0x74,0x73,0x69,0x64,0xDE,0x12,0x0F,0x1F,0x1B,0x03,0x01,0x84,
    0x09,0x07,0x51,0x04,0x05,0x96,0x22,0x02,0x0B,0x0D,0x02,0xE3,
    0x55,0x02,0x37,0x4A,0x6B,0xEB,0xB0,0x96,0xEC,0x97,0x90,0x6D,
    0x37,0x03,0x7E,0x04,0x07,0x73,0x00,0x01,0x8C,0x01,0x0F,0x6C,
    0x00,0x05,0x13,0xAC,0xDA,0x05,0x08,0x10,0x04,0x01,0x1D,0x1B,
    0x48,0x6E,0x64,0x65,0x72,0xAD,0x00,0x02,0xF7,0xFF,0x05,0x8E,
    0x00,0x0F,0xA7,0x00,0x37,0x02,0x6B,0x00,0x01,0xA5,0x00,0x0E,
    0x64,0x00,0x0F,0x9F,0x00,0x04,0x02,0xB3,0x01,0x18,0x6F,0xA1,
    0x00,0x0F,0x5A,0x1E,0x06,0x0F,0xAA,0x00,0x37,0x04,0x76,0x00,
    0x01,0x9A,0x04,0x07,0x21,0x02,0x09,0xC9,0x1E,0x07,0x4D,0x57,
    0x0B,0x54,0x01,0x22,0x63,0x6F,0xF8,0x01,0x0C,0xD4,0x1E,0x03,
    0x47,0x2F,0x01,0x5F,0x08,0x0A,0x23,0x05,0x07,0xA5,0x02,0x01,
    0x9F,0x1D,0x07,0x90,0x01,0x3C,0xEC,0x94,0xAC,0xD9,0x00,0x05,
    0xD6,0x3D,0x0F,0x24,0x02,0x18,0x01,0x57,0x00,0x01,0xD0,0x00,
    0x01,0x50,0x00,0x09,0x6F,0x01,0x0B,0x31,0x04,0x02,0x5F,0x05,
    0x04,0x36,0x08,0x06,0xDA,0x02,0x06,0x75,0x26,0x08,0xAD,0x05,
    0x03,0x77,0x05,0x0C,0x18,0x03,0x08,0x3C,0x05,0x0F,0xE7,0x36,
    0x09,0x0C,0x4E,0x05,0x0C,0x48,0x00,0x02,0x19,0x05,0x0F,0x8D,
    0x00,0x10,0x09,0xA5,0x2B,0x02,0xF7,0x04,0x22,0x66,0x69,0x20,
    0x1B,0x01,0xAC,0x08,0x01,0x20,0x0A,0x07,0xF2,0x08,0x02,0x31,
    0x00,0x3F,0xED,0x95,0x98,0xF2,0x5E,0x0D,0x02,0xCA,0x00,0x0F,
    0x82,0x00,0x0F,0x0D,0x61,0x0B,0x06,0x5E,0x16,0x14,0x54,0xC0,
    0x2A,0x02,0x39,0x01,0x05,0x2A,0x00,0x05,0xE0,0x05,0x07,0x7B,
    0x16,0x01,0xA7,0x03,0x02,0x28,0x00,0x02,0xEF,0x2A,0x0E,0xDB,
    0x09,0x66,0x20,0x20,0x22,0x65,0x6E,0x74,0x8C,0x6D,0x04,0x09,
    0x02,0x01,0xCB,0x06,0x08,0x92,0x06,0x03,0x83,0x0C,0x02,0x20,
    0x07,0x01,0x83,0x06,0x48,0x9E,0x85,0xEB,0xA0,0x96,0x61,0x06,
    0x45,0x04,0x12,0x6F,0xB0,0x04,0x0C,0xEB,0x0D,0x0D,0x54,0x00,
    0x61,0xEB,0x8C,0x80,0xEC,0x83,0x81,0x53,0x01,0x02,0xA6,0x00,
    0x03,0x9F,0x0E,0x0F,0xA4,0x04,0x0C,0x15,0x65,0x60,0x34,0x0F,
    0xAE,0x00,0x0C,0x01,0x5A,0x00,0x0F,0x6C,0x34,0x02,0x08,0xAE,
    0x00,0x33,0x65,0x72,0x72,0x9F,0x03,0x03,0x85,0x00,0x0D,0xA8,
    0x00,0x09,0x55,0x03,0x02,0xD1,0x4D,0x05,0x50,0x99,0x0F,0x34,
    0x00,0x05,0x02,0x30,0x01,0x01,0x29,0x01,0x2E,0x97,0xB4,0xD1,
    0x13,0x07,0xA6,0x03,0x02,0x51,0x00,0x41,0x57,0x72,0x69,0x74,
    0xE2,0x05,0x0F,0xD4,0x00,0x0E,0x5F,0x84,0x20,0xEC,0x93,0xB8,
    0x52,0x00,0x0B,0x01,0x6D,0x08,0x04,0x10,0x78,0x05,0x90,0x4F,
    0x01,0xD8,0x00,0x08,0x2F,0x04,0x08,0x06,0x01,0x02,0x9B,0x02,
    0x32,0x64,0x4E,0x6F,0xBC,0x0A,0x0F,0x3C,0x00,0x06,0x55,0xA7,
    0x80,0xEB,0xA7,0x8C,0xB0,0x01,0x0B,0xF9,0x5E,0x08,0x86,0x0B,
    0x01,0x7B,0x06,0x05,0x05,0x48,0x0F,0xCC,0x0B,0x08,0x01,0x61,
    0x03,0x83,0x6D,0x70,0x75,0x74,0x65,0x53,0x68,0x61,0x44,0x1D,
    0x05,0xC3,0xDC,0x03,0xFC,0x1A,0x07,0xA9,0x0D,0x01,0x2A,0x12,
    0x46,0x79,0x67,0x65,0x6E,0x2E,0x00,0x87,0xEB,0xA0,0x88,0xEC,
    0x9D,0xB4,0xEC,0xA0,0x49,0xE2,0x07,0x60,0x01,0x04,0xB2,0xDD,
    0x06,0x30,0x00,0x32,0xED,0x94,0x84,0xBD,0x0C,0x3F,0xEB,0xA8,
    0xBC,0x64,0x00,0x05,0x22,0x6E,0x6F,0xE4,0x04,0x05,0xDA,0x32,
    0x03,0xDA,0x04,0x07,0x3F,0x17,0x0C,0x54,0x2A,0x03,0xDF,0x04,
    0x0F,0x57,0x09,0x01,0x31,0x6B,0x69,0x6E,0x8F,0x01,0x3A,0xEC,
    0xA2,0x85,0x51,0x1A,0x04,0xC6,0x3F,0x03,0xC0,0x2B,0x25,0xEB,
    0xB8,0x36,0x30,0x41,0x20,0x20,0x22,0x69,0x34,0x00,0x27,0x49,
    0x64,0xCD,0x00,0x14,0x73,0x0F,0x33,0x02,0xE8,0x27,0x07,0x1A,
    0x00,0x31,0x72,0x65,0x66,0x7A,0x12,0x37,0xEC,0xB0,0xB8,0xA3,
    0x23,0x01,0x5A,0x12,0x02,0xB0,0x12,0x02,0xF6,0x41,0x07,0x32,
    0x00,0x11,0x74,0xF2,0x22,0x28,0xEB,0x81,0xAA,0xD8,0x26,0x72,
    0x65,0x08,0x0F,0x32,0xEB,0xA6,0xAC,0xEA,0x0E,0x0C,0x49,0x05,
    0x02,0x7D,0x0D,0x01,0xF2,0x09,0x02,0xB0,0x0D,0x01,0x29,0x0D,
    0x04,0x5A,0x00,0x04,0x3D,0x2B,0x01,0x9E,0x07,0x04,0x33,0x2B,
    0x05,0x1D,0x00,0x04,0xC1,0x00,0x03,0x2D,0x01,0x01,0xDF,0x24,
    0x06,0x4C,0x19,0x05,0x32,0x17,0x04,0x30,0x00,0x34,0x20,0x20,
    0x22,0xFB,0x08,0x5C,0xEC,0x82,0xAC,0xEC,0x9D,0xAF,0xA2,0x05,
    0x86,0x19,0x02,0x69,0x17,0x0C,0xAA,0x00,0x43,0x70,0x61,0x73,
    0x73,0x91,0x13,0x28,0x8C,0xA8,0xD5,0x0F,0x62,0x6E,0x6F,0x50,
    0x61,0x73,0x73,0x60,0x33,0x02,0x7E,0x0C,0x02,0xBB,0x11,0x02,
    0x0E,0xE4,0x41,0xA8,0xEC,0x8A,0xA4,0xC0,0x02,0x2F,0x97,0x86,
    0x7C,0x0E,0x01,0x0F,0x68,0xDE,0x04,0x03,0x4F,0x41,0x02,0x86,
    0x01,0x02,0xB4,0x41,0x03,0x14,0x05,0x04,0x9A,0x2A,0x05,0xE9,
    0x15,0x06,0xE5,0x15,0x0A,0x50,0x2B,0x04,0x29,0x00,0x63,0x52,
    0x65,0x71,0x75,0x65,0x73,0xC4,0x03,0x05,0xA3,0x2B,0x03,0x2D,
    0x00,0x01,0x2E,0x13,0x01,0x7A,0x17,0x0F,0x01,0x0C,0x03,0x45,
    0x6F,0x70,0x65,0x6E,0x34,0x00,0x0B,0x41,0x00,0x02,0xF1,0x3E,
    0x0B,0x97,0x00,0x01,0xB2,0x00,0x03,0xA3,0x00,0x46,0x73,0x3D,
    0x7B,0x7D,0xF0,0x04,0x03,0x90,0x00,0x63,0x69,0x6E,0x67,0x53,
    0x75,0x66,0x90,0x88,0x13,0x2C,0x87,0x00,0x08,0x9A,0x2B,0x75,
    0x22,0x66,0x72,0x6F,0x7A,0x65,0x6E,0xE0,0x00,0x02,0xEE,0x75,
    0x06,0xCC,0x16,0x04,0xCF,0x01,0x32,0x22,0x6C,0x69,0x87,0x32,
    0x11,0xEB,0x9E,0x05,0x35,0xEB,0xB8,0x8C,0x1A,0x00,0x65,0x66,
    0x72,0x65,0x65,0x7A,0x65,0x42,0x00,0x06,0x22,0x01,0x02,0x4C,
    0x00,0x05,0x28,0x00,0x25,0x6E,0x6F,0x2C,0x26,0x07,0x24,0x00,
    0x09,0xF1,0x0A,0x02,0x6F,0x25,0x07,0x02,0xBC,0x0F,0x80,0x04,
    0x0A,0xC1,0x22,0x6E,0x6F,0x74,0x50,0x61,0x72,0x73,0x65,0x61,
    0x62,0x6C,0x82,0x05,0x0F,0x57,0x00,0x00,0x06,0x1A,0x59,0x01,
    0x8F,0x11,0x5F,0x8C,0x8C,0xEC,0x8B,0xB1,0xA9,0x19,0x02,0x05,
    0xA7,0x00,0x01,0x1D,0x04,0x0F,0xAA,0x00,0x09,0x05,0x2A,0x00,
    0x42,0x63,0x6F,0x75,0x6E,0x80,0x16,0x02,0xAE,0x02,0x44,0x3D,
    0x7B,0x7D,0x20,0x87,0x03,0x81,0x73,0x3D,0x7B,0x7D,0x20,0x65,
    0x64,0x67,0x16,0x00,0x05,0x32,0x00,0x02,0x06,0x15,0x02,0x50,
    0x0C,0x18,0x84,0x08,0x28,0x02,0x19,0x00,0x22,0x48,0x69,0x17,
    0x1C,0x02,0xC8,0x02,0x15,0x2F,0xC7,0x03,0x48,0x2F,0xEC,0x97,
    0xA3,0xA5,0x2C,0x39,0x74,0x61,0x62,0x44,0x0D,0x51,0x70,0x61,
    0x73,0x73,0x49,0x14,0x04,0x02,0x3A,0x00,0x34,0x20,0x49,0x4F,
    0x73,0x00,0x06,0x42,0x0D,0x01,0x2C,0x02,0x0F,0x3C,0x0D,0x01,
    0x32,0x6E,0x6F,0x64,0x6A,0x03,0x02,0x36,0xA1,0x07,0x3A,0x00,
    0x01,0xC0,0x00,0x01,0x30,0x0A,0x09,0x80,0x00,0x01,0xC9,0x05,
    0x11,0x77,0xA0,0x02,0x24,0x61,0x77,0x5F,0x05,0x04,0x9A,0x02,
    0x06,0x3F,0x01,0x12,0x54,0xBA,0x0D,0x02,0x78,0x00,0x05,0x1C,
    0x19,0x05,0xF1,0x01,0x1D,0x20,0x8C,0x00,0x38,0x22,0x6E,0x6F,
    0x34,0x00,0x04,0x0E,0x02,0x01,0x68,0x03,0x01,0xDF,0x03,0x0F,
    0x45,0x00,0x09,0x0F,0xF6,0x03,0x07,0x0F,0x1D,0xB9,0x0A,0x55,
    0x22,0x72,0x69,0x67,0x68,0x1F,0x00,0x5B,0x98,0xA4,0xEB,0xA5,
    0xB8,0x3F,0xB9,0x66,0x22,0x61,0x72,0x72,0x61,0x79,0x43,0x25,
    0x51,0xB0,0xB0,0xEC,0x97,0xB4,0x41,0x07,0x45,0x9D,0xB4,0xEC,
    0x96,0x97,0x20,0x24,0x22,0x6C,0x65,0x25,0x36,0x7B,0x7D,0x20,
    0x1F,0x00,0x05,0x8C,0x18,0x04,0x20,0x01,0x02,0x83,0x05,0x23,
    0x65,0x64,0xEA,0x00,0x08,0x8C,0x05,0x1F,0xA8,0xE2,0x00,0x0B,
    0x04,0x99,0x01,0x04,0xF5,0x9E,0x16,0x55,0x9B,0x2F,0x42,0x53,
    0x61,0x6D,0x70,0x03,0x03,0x08,0x65,0x1F,0x01,0x6F,0x04,0x01,
    0x68,0x1C,0x0F,0xF2,0x02,0x01,0x16,0x3A,0x81,0x01,0x01,0x04,
    0x11,0x98,0x94,0x94,0xEB,0xB2,0x84,0xEA,0xB7,0xB8,0x20,0x43,
    0x00,0x12,0x20,0x51,0x02,0x04,0xB5,0x0C,0x8F,0x83,0x98,0xED,
    0x94,0x8C,0xEB,0xA7,0x81,0x50,0x00,0x01,0x05,0x94,0x08,0x01,
    0x5B,0x77,0x09,0xA0,0x02,0x06,0x2C,0x07,0x2A,0xAA,0xA8,0x62,
    0x02,0x33,0x63,0x6F,0x6C,0xC3,0x09,0x0C,0xED,0x85,0x17,0x72,
    0x2F,0xBD,0x95,0x52,0x61,0x77,0x20,0xEA,0xB9,0x8A,0xEC,0x9D,
    0x6E,0x01,0x4F,0x20,0x20,0x22,0x6C,0x28,0xBD,0x13,0x9A,0x69,
    0x6E,0x76,0x65,0x72,0x74,0x65,0x64,0x4C,0x2F,0x00,0x01,0x9A,
    0x20,0x0F,0x24,0xBD,0x07,0x1F,0x61,0x20,0xBD,0x06,0x33,0x6E,
    0x6F,0x72,0x86,0x42,0x6C,0xEB,0x85,0xB8,0xEB,0xA9,0x80,0x00,
    0x03,0x02,0xA9,0x1E,0x11,0x5A,0x36,0x03,0x05,0xD0,0x1E,0x0F,
    0xBD,0xBB,0x07,0x04,0x46,0xC1,0x51,0x43,0x6C,0x61,0x6D,0x70,
    0x79,0x07,0x07,0xC1,0x01,0x03,0x77,0x01,0x07,0x52,0xBC,0xB5,
    0x9E,0x90,0xEB,0x8F,0x99,0x20,0xEB,0xA7,0x9E,0xEC,0xB6,0xD5,
    0x10,0x02,0x4F,0x30,0x05,0x41,0x00,0x05,0x2E,0x00,0x81,0xEB,
    0xA5,0xBC,0x20,0x30,0x2E,0x2E,0x31,0x40,0x1E,0x0D,0x25,0x38,
    0x02,0x8C,0xBC,0x21,0x69,0x6E,0x8D,0x04,0x06,0x61,0x00,0x28,
    0xB5,0x9C,0x14,0x1B,0x02,0x25,0x00,0x02,0x85,0xA9,0x05,0x58,
    0x00,0x12,0x20,0x25,0x46,0x05,0x8F,0x02,0x0F,0x19,0x1B,0x05,
    0x83,0x6E,0x6F,0x43,0x68,0x61,0x6E,0x6E,0x65,0x9F,0x67,0x05,
    0xA6,0x07,0x9A,0xEC,0xB1,0x84,0xEB,0x84,0x90,0xEC,0x9D,0xB4,
    0xB0,0x03,0x09,0x78,0x02,0x22,0xEA,0xB0,0x83,0x14,0x53,0x9D,
    0x80,0xEC,0x83,0x89,0x4F,0x20,0x02,0x31,0x10,0x37,0xEB,0xA7,
    0x81,0x13,0x1E,0x04,0x56,0x03,0x0E,0x13,0x03,0x01,0xD8,0x00,
    0x04,0x77,0x1E,0x09,0x5C,0x00,0x0F,0x17,0x03,0x0B,0x0D,0x54,
    0x00,0x46,0x4E,0x65,0x78,0x74,0xDD,0x06,0x0F,0x52,0x00,0x03,
    0x3C,0x8A,0x94,0x20,0x70,0x33,0x01,0xAC,0x11,0x07,0x75,0x2A,
    0x0F,0xB5,0x00,0x12,0x17,0x52,0xC5,0x09,0x01,0x3F,0x1F,0x04,
    0xC9,0x09,0x36,0xEC,0x9D,0x98,0xAF,0x03,0x0F,0xCE,0x00,0x22,
    0x72,0x66,0x69,0x74,0x54,0x6F,0x56,0x69,0x00,0xA2,0x21,0xEB,
    0xB7,0x44,0x3E,0x01,0x48,0x02,0x18,0x94,0x02,0x0A,0xC4,0x6E,
    0x61,0x74,0x69,0x76,0x65,0x52,0x65,0x73,0x6F,0x6C,0x75,0xCF,
    0x38,0x03,0x6A,0x21,0x05,0x19,0x1D,0x02,0x2E,0x30,0x14,0xB4,
    0x63,0x37,0x03,0xA3,0x32,0x07,0xCA,0x2E,0x03,0x22,0x0A,0x32,
    0x22,0x6E,0x6F,0x98,0x04,0x0B,0x02,0x06,0x02,0x46,0x04,0x0D,
    0x00,0x02,0x05,0x50,0x02,0x0B,0x15,0x2E,0x02,0xF7,0x01,0x01,
    0x1B,0x05,0x07,0x8D,0x1E,0x0F,0xC5,0x01,0x15,0x0F,0xD1,0x1E,
    0x1F,0x87,0x22,0x62,0x61,0x63,0x6B,0x65,0x6E,0x64,0x5F,0x05,
    0x01,0x98,0x03,0x01,0x7E,0x02,0x42,0x20,0xEB,0xB0,0xB1,0x54,
    0x7C,0x0F,0x81,0x00,0x15,0x03,0x9E,0x09,0x01,0x10,0x04,0x0A,
    0x32,0x0A,0x0F,0x89,0x34,0x0B,0x51,0x61,0x75,0x74,0x6F,0x45,
    0xFD,0x80,0x01,0x3B,0x00,0x02,0xF9,0x03,0x02,0x2C,0x0B,0x07,
    0x95,0x22,0x02,0x6F,0x07,0x32,0x54,0x69,0x6D,0xA8,0x07,0x06,
    0x01,0x09,0x38,0xED,0x83,0x80,0xBE,0x09,0x46,0x61,0x78,0x69,
    0x73,0xC5,0x02,0x04,0xA9,0x20,0x05,0x73,0x01,0x74,0x74,0x72,
    0x61,0x63,0x6B,0x65,0x64,0x7F,0x02,0x01,0xB1,0x01,0x02,0x8F,
    0x27,0x76,0x20,0xEC,0xA4,0x91,0xEC,0x9D,0xB8,0x8A,0x02,0x08,
    0x55,0x0F,0x04,0x43,0xEE,0x43,0x73,0x42,0x79,0x74,0x81,0x00,
    0x05,0x20,0x03,0x07,0xF3,0x06,0x66,0x62,0x75,0x66,0x66,0x65,
    0x72,0x25,0x00,0x67,0xEB,0xB2,0x84,0xED,0x8D,0xBC,0x79,0x20,
    0xA1,0x22,0x76,0x72,0x61,0x6D,0x42,0x75,0x64,0x67,0x65,0xFF,
    0x08,0x01,0xA0,0x20,0x6D,0xEC,0x98,0x88,0xEC,0x82,0xB0,0x3F,
    0x07,0x0F,0xB5,0x36,0x07,0x0C,0x50,0x00,0x64,0x45,0x78,0x68,
    0x61,0x75,0x73,0xC5,0x02,0x07,0x54,0x00,0x01,0xBE,0x4C,0xFB,
    0x09,0xB3,0xA0,0xEA,0xB0,0x88,0xEC,0x97,0x90,0x20,0xEA,0xB0,
    0x80,0xEA,0xB9,0x8C,0xEC,0x9B,0x8C,0xEC,0xA7,0x80,0xEA,0xB3,
    0xA0,0xCD,0x4C,0x04,0x60,0x04,0x85,0x76,0x72,0x61,0x6D,0x48,
    0x65,0x61,0x70,0x4B,0x00,0x3C,0xED,0x9E,0x99,0x71,0x00,0x0B,
    0x31,0x02,0x01,0xC0,0x03,0x04,0x2E,0x02,0x72,0x2F,0xEC,0x9E,
    0xA5,0xEC,0xB9,0x98,0xD1,0x05,0x36,0xEB,0x8A,0x94,0x26,0x23,
    0x19,0x20,0x9A,0x00,0x04,0x91,0x9E,0x0F,0x61,0x07,0x0B,0x0F,
    0x6D,0x00,0x03,0x05,0xD2,0x87,0x0F,0x66,0x00,0x01,0x06,0x99,
    0x21,0x3F,0xEB,0x9F,0x89,0x68,0x00,0x15,0x81,0x70,0x72,0x6F,
    0x63,0x65,0x73,0x73,0x52,0x1C,0xA0,0x01,0x37,0x02,0x11,0xA1,
    0x25,0x20,0x3A,0x8A,0xA4,0x20,0x0A,0x6B,0x73,0x22,0x73,0x79,
    0x73,0x74,0x65,0x6D,0x29,0x00,0x93,0xEC,0x8B,0x9C,0xEC,0x8A,
    0xA4,0xED,0x85,0x9C,0x26,0x00,0x0A,0x01,0x09,0x05,0x2B,0x00,
    0x0A,0xA1,0x01,0x09,0x35,0x00,0x0F,0xA3,0x01,0x21,0x0F,0x8F,
    0x23,0x07,0x0D,0x8E,0x23,0x42,0x22,0x63,0x70,0x75,0x68,0x0D,
    0x83,0x22,0x3A,0x20,0x22,0x43,0x50,0x55,0x20,0x65,0x04,0x0E,
    0x2A,0x00,0x12,0x67,0x3C,0x29,0x3F,0x47,0x50,0x55,0x1D,0x00,
    0x03,0x11,0x4E,0xC3,0xC4,0x75,0x47,0x50,0x55,0x20,0x6E,0x2F,
    0x61,0x50,0x03,0x61,0x76,0x73,0x79,0x6E,0x63,0x4F,0x5C,0x07,
    0xA6,0x56,0x53,0x79,0x6E,0x63,0x20,0xEC,0xBC,0x9C,0xEC,0x0A,
    0x3A,0x03,0x20,0x00,0x21,0x66,0x66,0x4F,0x02,0x01,0x21,0x00,
    0x38,0xEA,0xBA,0xBC,0x21,0x00,0x0F,0xFE,0x23,0x00,0x07,0x51,
    0x03,0x0F,0xF7,0x23,0x06,0x07,0x24,0x00,0x43,0x75,0x70,0x64,
    0x61,0x95,0x03,0x08,0xA7,0xA9,0x08,0xB5,0x02,0x51,0x67,0x70,
    0x75,0x4D,0x65,0x12,0x23,0xD8,0x47,0x50,0x55,0x20,0xEB,0xA9,
    0x94,0xEB,0xAA,0xA8,0xEB,0xA6,0xAC,0x23,0x00,0x03,0xAB,0x6C,
    0x0B,0xEE,0x01,0x32,0x72,0x61,0x6D,0xF8,0x00,0x39,0x52,0x41,
    0x4D,0xF8,0x00,0x0F,0xE4,0x23,0x15,0x05,0x29,0x00,0x06,0x47,
    0x00,0x02,0xA9,0x0A,0x03,0x11,0x27,0x0C,0x55,0x00,0x0A,0x0E,
    0x24,0x5B,0xB4,0x9D,0xED,0x95,0xA9,0xA6,0x00,0x01,0x22,0x00,
    0x07,0x4E,0x00,0x02,0x24,0x00,0x08,0x94,0x01,0x0F,0xE7,0x6D,
    0x0E,0x43,0x22,0x72,0x65,0x73,0xA5,0x15,0x12,0x7B,0xD5,0x09,
    0x05,0xBC,0x04,0x01,0x01,0x06,0x01,0xB6,0x04,0x04,0xE3,0x01,
    0x06,0xFD,0x04,0x09,0x69,0x08,0x07,0x1F,0x00,0x04,0x0A,0x0E,
    0x01,0x3C,0x00,0x04,0xC8,0x07,0x0C,0x2E,0x0A,0x42,0x72,0x65,
    0x73,0x4B,0x62,0x12,0x06,0x73,0x00,0x35,0x67,0x70,0x75,0xAB,
    0x25,0x01,0x99,0x01,0x01,0xAA,0x25,0x07,0x5A,0x00,0x84,0x68,
    0x6F,0x73,0x74,0x56,0x69,0x73,0x69,0xF6,0x0E,0x05,0x7E,0x61,
    0x3A,0xEA,0xB0,0x80,0x3D,0x1B,0x61,0x6D,0x65,0x6D,0x6F,0x72,
    0x79,0x82,0x00,0x04,0xDE,0x01,0x0C,0x82,0x00,0x0F,0xF4,0x12,
    0x00,0x0F,0xD6,0x45,0x03,0x0F,0x0D,0x13,0x09,0x35,0x64,0x65,
    0x74,0x87,0x71,0x54,0x84,0xB8,0xEB,0xB6,0x80,0xD3,0x3C,0x03,
    0x40,0x05,0x63,0x20,0x20,0x22,0x73,0x63,0x6F,0x51,0x2F,0x57,
    0xB2,0x94,0xEC,0x9C,0x84,0xCF,0x00,0x62,0x74,0x6F,0x74,0x61,
    0x6C,0x4D,0x74,0x06,0x2A,0xB4,0x9D,0x64,0x27,0x43,0x73,0x65,
    0x6C,0x66,0x1B,0x00,0x5A,0x9E,0x90,0xEC,0xB2,0xB4,0x1E,0x00,
    0x41,0x63,0x61,0x6C,0x6C,0x38,0x00,0x6C,0xED,0x98,0xB8,0xEC,
    0xB6,0x9C,0xDB,0x00,0x0D,0x27,0x0F,0x22,0x6C,0x6F,0xAF,0x0F,
    0x67,0xED,0x94,0x8C,0xEB,0xA1,0xAF,0x83,0x00,0x12,0x63,0xE6,
    0x03,0x37,0x43,0x50,0x55,0x15,0x00,0x06,0xFB,0x03,0x07,0x15,
    0x00,0x0F,0x52,0x01,0x08,0x07,0x61,0x14,0x04,0x69,0x19,0x03,
    0xD5,0x01,0x03,0xA4,0x15,0x0F,0x6A,0x34,0x01,0x05,0x07,0x18,
    0x04,0x64,0x00,0x03,0x18,0x43,0x04,0x0B,0x10,0x06,0x60,0x34,
    0x02,0x26,0x43,0x09,0x7E,0x47,0x0F,0xB0,0x6D,0x04,0x04,0xB9,
    0x82,0x0F,0xA3,0x08,0x15,0x62,0x77,0x6F,0x72,0x6C,0x64,0x53,
    0x4D,0x00,0x0B,0xF6,0x08,0x02,0x73,0x2E,0x01,0x53,0x3C,0x0F,
    0x53,0x00,0x1A,0xC1,0x65,0x6E,0x74,0x69,0x74,0x79,0x4C,0x6F,
    0x63,0x6B,0x65,0x64,0xC0,0x08,0x04,0xC7,0x00,0x01,0xA7,0x0F,
    0x5F,0x9E,0xA0,0xEA,0xB2,0xA8,0x6A,0x07,0x04,0x3C,0x63,0x6D,
    0x64,0x84,0x00,0x05,0x4B,0x41,0x04,0x36,0x9A,0x01,0x9D,0x16,
    0x0F,0xCA,0x0B,0x0E,0x05,0x52,0x01,0x27,0x63,0x6D,0x31,0xB0,
    0x0C,0x4E,0x00,0x31,0xEC,0x9D,0xB4,0x51,0x00,0x28,0x8C,0xA8,
    0x94,0x13,0x05,0x3C,0x00,0x61,0x74,0x6F,0x67,0x67,0x6C,0x65,
    0x6E,0x03,0x23,0x69,0x6C,0x4A,0x94,0x02,0x99,0x2A,0x7B,0x20,
    0xEC,0xA0,0x84,0xED,0x99,0x98,0x2A,0x00,0x31,0x4C,0x6F,0x63,
    0x74,0x46,0x6C,0xEC,0x9E,0xA0,0xEA,0xB8,0x88,0x24,0x00,0x0F,
    0x6D,0x03,0x00,0x02,0x2A,0x01,0x09,0x24,0x01,0x04,0x53,0x00,
    0x08,0x6A,0x9D,0x04,0x37,0x16,0x02,0x99,0x04,0x13,0x7D,0x58,
    0x03,0x41,0x22,0x65,0x6D,0x70,0x3D,0x00,0x03,0x69,0x02,0x0A,
    0x39,0x28,0x71,0x94,0xED,0x8B,0xB0,0xED,0x8B,0xB0,0x67,0x0D,
    0x27,0x9D,0x8C,0x56,0x00,0x07,0xB1,0x2B,0x61,0xEB,0xA7,0x88,
    0xEC,0x9A,0xB0,0xE2,0x32,0x06,0xFD,0x10,0x51,0xB2,0x84,0xED,
    0x8A,0xBC,0x30,0x13,0x65,0x81,0xB4,0xEB,0xA6,0xAD,0xED,0x44,
    0x49,0x01,0xCE,0x37,0x04,0xCB,0x01,0x03,0x98,0x18,0x01,0xAC,
    0x9F,0x8F,0x9C,0x20,0xEC,0xB6,0x94,0xEA,0xB0,0x80,0x89,0x2C,
    0x07,0x0F,0x82,0x20,0x01,0x02,0x17,0x03,0x23,0x43,0x68,0x1E,
    0x80,0x66,0xEC,0x9E,0x90,0xEC,0x8B,0x9D,0x57,0x00,0x0C,0xD0,
    0x03,0x02,0x94,0x1C,0x0F,0xEE,0x00,0x0E,0x0F,0x92,0x1C,0x09,
    0x07,0x3A,0x39,0x0F,0x48,0x00,0x04,0x5A,0x84,0x9C,0xEB,0xB8,
    0x8C,0x59,0x49,0x0D,0x55,0x39,0x03,0x7E,0x01,0x78,0x20,0x20,
    0x22,0x6B,0x65,0x65,0x70,0xE6,0x0E,0x04,0x48,0x19,0x71,0xA8,
    0x20,0xED,0x8A,0xB8,0xEB,0x9E,0x08,0x09,0x23,0x8F,0xBC,0xF3,
    0x0E,0x03,0xF0,0xF7,0x05,0xBE,0x28,0x01,0x43,0x17,0x05,0xCA,
    0x39,0x01,0x03,0x02,0x02,0x24,0x3C,0x09,0xBE,0x39,0x07,0xEE,
    0x01,0x02,0x30,0x01,0x09,0xB9,0x00,0x04,0x01,0x02,0x19,0x22,
    0x9B,0x01,0x07,0xEC,0x01,0xA3,0x62,0x61,0x73,0x69,0x63,0x47,
    0x65,0x6F,0x6D,0x65,0x18,0xAC,0x03,0xCF,0x0D,0x64,0xEC,0xA7,
    0x80,0xEC,0x98,0xA4,0x27,0x2D,0x03,0x8A,0x38,0x01,0x94,0x00,
    0x41,0x71,0x75,0x61,0x64,0x8D,0x00,0x2B,0xBF,0xBC,0xAD,0x11,
    0x22,0x75,0x62,0x67,0x15,0x27,0x81,0x90,0x00,0x16,0x81,0x20,
    0x20,0x22,0x73,0x70,0x68,0x65,0x72,0x1B,0x00,0x0C,0xB1,0xDC,
    0x22,0x22,0x63,0xE6,0x34,0x01,0x50,0x00,0x45,0xBA,0xA1,0xEC,
    0x8A,0x62,0x3E,0x0F,0x4E,0x8D,0x0D,0xB6,0x64,0x69,0x72,0x65,
    0x63,0x74,0x69,0x6F,0x6E,0x61,0x6C,0x1F,0x36,0xF8,0x00,0x94,
    0x94,0xEB,0xA0,0x89,0xEC,0x85,0x94,0xEB,0x84,0x90,0x20,0xEB,
    0x9D,0xBC,0xCF,0x39,0x01,0x52,0x00,0x01,0xF8,0x89,0x05,0x2F,
    0x00,0x0F,0x43,0xA3,0x00,0x07,0x19,0x01,0x36,0x73,0x70,0x6F,
    0x2B,0x00,0x6F,0xEC,0x8A,0xA4,0xED,0x8F,0xAC,0x2B,0x00,0x05,
    0x46,0x61,0x72,0x65,0x61,0x2B,0x00,0x51,0x97,0x90,0xEC,0x96,
    0xB4,0xE8,0x3C,0x1F,0xB4,0x85,0x00,0x02,0x02,0xE3,0x20,0x03,
    0x0C,0x43,0x02,0x59,0x0A,0x37,0xEB,0xA7,0x81,0x7A,0x00,0x8F,
    0x70,0x61,0x72,0x74,0x69,0x63,0x6C,0x65,0xC9,0x36,0x0B,0x07,
    0x31,0x00,0x02,0x54,0x12,0x01,0x44,0x01,0x78,0xB9,0xB4,0xEB,
    0xA9,0x94,0xEB,0x9D,0x0E,0x74,0x35,0x78,0x72,0x43,0x20,0x00,
    0x26,0x58,0x52,0xE4,0x31,0x07,0x41,0x00,0x1F,0x65,0xC6,0x37,
    0x01,0x07,0x20,0x00,0x22,0x75,0x69,0xCB,0x38,0x07,0x13,0x00,
    0x1E,0x63,0x0F,0x3A,0x07,0x1E,0x00,0x0F,0x8F,0x90,0x23,0x14,
    0x69,0x12,0x3A,0x02,0x61,0x5F,0x07,0xD3,0x16,0x01,0x6A,0x09,
    0x04,0xDA,0x39,0x02,0x80,0x04,0x07,0x6E,0x00,0x02,0x85,0x05,
    0x01,0x69,0x09,0x45,0x86,0xA0,0xEA,0xB8,0xAE,0x43,0x91,0x20,
    0x20,0x22,0x73,0x6C,0x69,0x64,0x65,0x72,0x1B,0x01,0x07,0xBB,
    0x39,0x07,0x3C,0x00,0x04,0x21,0x66,0x03,0xAF,0x39,0xF8,0x03,
    0xED,0x94,0x84,0xEB,0xA1,0x9C,0xEA,0xB7,0xB8,0xEB,0xA0,0x88,
    0xEC,0x8A,0xA4,0x20,0xEB,0xB0,0xCF,0x03,0x42,0x70,0x68,0x79,
    0x73,0x53,0x30,0x4A,0x22,0xEB,0xAC,0xBC,0x17,0x03,0x91,0x73,
    0x74,0x61,0x74,0x69,0x63,0x42,0x6F,0x78,0x6D,0x00,0x97,0xA0,
    0x95,0xEC,0xA0,0x81,0x20,0xEB,0xB0,0x95,0x9C,0x1A,0xA2,0x20,
    0x20,0x22,0x64,0x79,0x6E,0x61,0x6D,0x69,0x63,0x12,0x38,0x01,
    0x78,0x09,0x51,0x8F,0x99,0xEC,0xA0,0x81,0x7F,0x3F,0x18,0xB2,
    0x0F,0x09,0x03,0x18,0x03,0x54,0x52,0x69,0x67,0x69,0x64,0x9A,
    0x38,0x02,0x21,0x03,0xF4,0x01,0x20,0xEB,0xA6,0xAC,0xEC,0xA7,
    0x80,0xEB,0x93,0x9C,0xEB,0xB0,0x94,0xEB,0x94,0x94,0xF3,0x05,
    0x08,0x5F,0x08,0x06,0x33,0x42,0x03,0xF9,0x05,0x05,0x64,0x8A,
    0x01,0x9D,0x00,0x01,0x5D,0x8A,0xB0,0x22,0x0D,0x0A,0x20,0x20,
    0x7D,0x0D,0x0A,0x7D,0x0D,0x0A
};
inline constexpr size_t ko_json_lz4_size = sizeof(ko_json_lz4);
inline constexpr size_t ko_json_size = 78676; // uncompressed
