// Auto-generated from zh-CN.json (lz4 block-compressed)
#pragma once

#include <cstddef>
#include <cstdint>

inline constexpr unsigned char zh_CN_json_lz4[] = {
    0xF0,0x0A,0x7B,0x0A,0x22,0x69,0x6E,0x73,0x70,0x65,0x63,0x74,
    0x6F,0x72,0x22,0x3A,0x20,0x7B,0x0A,0x20,0x20,0x22,0x66,0x69,
    0x65,0x6C,0x64,0x0D,0x00,0xF0,0x14,0x20,0x22,0x61,0x63,0x74,
    0x69,0x76,0x65,0x22,0x3A,0x20,0x22,0xE6,0xBF,0x80,0xE6,0xB4,
    0xBB,0x22,0x2C,0x20,0x22,0x61,0x6C,0x6C,0x6F,0x77,0x53,0x6C,
    0x65,0x65,0x70,0x69,0x6E,0x67,0x1B,0x00,0xC1,0xE5,0x85,0x81,
    0xE8,0xAE,0xB8,0xE4,0xBC,0x91,0xE7,0x9C,0xA0,0x21,0x00,0x91,
    0x6D,0x62,0x69,0x65,0x6E,0x74,0x43,0x6F,0x6C,0x54,0x00,0xF7,
    0x01,0x22,0xE7,0x8E,0xAF,0xE5,0xA2,0x83,0xE5,0x85,0x89,0xE9,
    0xA2,0x9C,0xE8,0x89,0xB2,0x23,0x00,0x90,0x49,0x6E,0x74,0x65,
    0x6E,0x73,0x69,0x74,0x79,0x47,0x00,0x05,0x27,0x00,0x61,0xE5,
    0xBC,0xBA,0xE5,0xBA,0xA6,0x27,0x00,0x80,0x6E,0x63,0x68,0x6F,
    0x72,0x4D,0x61,0x78,0x20,0x00,0xF7,0x00,0xE9,0x94,0x9A,0xE7,
    0x82,0xB9,0xE6,0x9C,0x80,0xE5,0xA4,0xA7,0xE5,0x80,0xBC,0x20,
    0x00,0x2A,0x69,0x6E,0x20,0x00,0x29,0xB0,0x8F,0x20,0x00,0xB4,
    0x65,0x64,0x50,0x6F,0x73,0x69,0x74,0x69,0x6F,0x6E,0x50,0x49,
    0x00,0xF2,0x06,0xE5,0xAE,0x9A,0xE4,0xBD,0x8D,0xE7,0xBD,0xAE,
    0xEF,0xBC,0x88,0xE5,0x83,0x8F,0xE7,0xB4,0xA0,0xEF,0xBC,0x89,
    0x52,0x00,0x84,0x67,0x75,0x6C,0x61,0x72,0x44,0x61,0x6D,0xDE,
    0x00,0x83,0xE8,0xA7,0x92,0xE9,0x98,0xBB,0xE5,0xB0,0x71,0x00,
    0x01,0x1F,0x00,0x53,0x56,0x65,0x6C,0x6F,0x63,0xB7,0x00,0x00,
    0x20,0x00,0x25,0x80,0x9F,0xB1,0x00,0x30,0x69,0x6D,0x61,0x6A,
    0x00,0x00,0x91,0x00,0x51,0xE5,0x8A,0xA8,0xE7,0x94,0x33,0x01,
    0xC2,0x62,0x6C,0x65,0x6E,0x64,0x44,0x69,0x73,0x74,0x61,0x6E,
    0x63,0x4E,0x01,0xA2,0xB7,0xB7,0xE5,0x90,0x88,0xE8,0xB7,0x9D,
    0xE7,0xA6,0x21,0x00,0xB2,0x6F,0x72,0x64,0x65,0x72,0x52,0x61,
    0x64,0x69,0x75,0x73,0xA5,0x00,0xCC,0xE8,0xBE,0xB9,0xE6,0xA1,
    0x86,0xE5,0x9C,0x86,0xE8,0xA7,0x92,0xA5,0x00,0x61,0x62,0x6F,
    0x78,0x53,0x69,0x7A,0x49,0x00,0xC0,0xE7,0x9B,0x92,0xE5,0xAD,
    0x90,0xE5,0xB0,0xBA,0xE5,0xAF,0xB8,0xC0,0x00,0xE1,0x62,0x75,
    0x69,0x6C,0x74,0x69,0x6E,0x47,0x65,0x6F,0x6D,0x65,0x74,0x72,
    0x58,0x01,0xF0,0x00,0xE5,0x86,0x85,0xE7,0xBD,0xAE,0xE5,0x87,
    0xA0,0xE4,0xBD,0x95,0xE4,0xBD,0x93,0x26,0x00,0xB0,0x63,0x61,
    0x73,0x74,0x73,0x53,0x68,0x61,0x64,0x6F,0x77,0xA9,0x00,0xC1,
    0xE6,0x8A,0x95,0xE5,0xB0,0x84,0xE9,0x98,0xB4,0xE5,0xBD,0xB1,
    0x1F,0x00,0x30,0x65,0x6C,0x6C,0x61,0x00,0x02,0x8A,0x00,0x92,
    0xE5,0x8D,0x95,0xE5,0x85,0x83,0xE6,0xA0,0xBC,0x66,0x00,0x0C,
    0x8D,0x00,0x55,0x63,0x68,0x65,0x63,0x6B,0xEC,0x01,0x57,0xE5,
    0x8B,0xBE,0xE9,0x80,0xE9,0x01,0x01,0x1E,0x00,0x10,0x65,0x4E,
    0x02,0x42,0x22,0xE5,0xB7,0xB2,0x1E,0x00,0x01,0x63,0x00,0x45,
    0x6C,0x65,0x61,0x72,0x36,0x00,0x66,0xE6,0xB8,0x85,0xE9,0x99,
    0xA4,0x1F,0x02,0x01,0x1E,0x00,0x31,0x4D,0x6F,0x64,0xE3,0x00,
    0x02,0x1D,0x00,0x61,0xE6,0xA8,0xA1,0xE5,0xBC,0x8F,0x3B,0x00,
    0x04,0x58,0x02,0x07,0x30,0x00,0x00,0x13,0x00,0x41,0x56,0x61,
    0x6C,0x75,0x31,0x00,0x02,0x18,0x00,0x03,0x03,0x02,0xB0,0x63,
    0x75,0x6C,0x6C,0x69,0x6E,0x67,0x4D,0x61,0x73,0x6B,0xEB,0x00,
    0xC0,0xE5,0x89,0x94,0xE9,0x99,0xA4,0xE6,0x8E,0xA9,0xE7,0xA0,
    0x81,0x4D,0x00,0xB1,0x65,0x6D,0x69,0x73,0x73,0x69,0x6F,0x6E,
    0x52,0x61,0x74,0x3C,0x00,0x30,0xE5,0x8F,0x91,0x0B,0x01,0x51,
    0x80,0x9F,0xE7,0x8E,0x87,0x20,0x00,0x81,0x6E,0x61,0x62,0x6C,
    0x65,0x49,0x42,0x4C,0x3D,0x00,0x60,0x90,0xAF,0xE7,0x94,0xA8,
    0x20,0x0E,0x00,0x05,0x1B,0x00,0x02,0xDB,0x00,0x01,0x19,0x00,
    0x02,0x30,0x00,0x15,0x64,0xD6,0x00,0x62,0xE7,0xBB,0x93,0xE6,
    0x9D,0x9F,0x8E,0x00,0x03,0x1C,0x00,0x00,0x56,0x01,0x00,0x4A,
    0x00,0x02,0x1B,0x00,0x02,0x51,0x01,0x02,0x1B,0x00,0xC1,0x76,
    0x69,0x72,0x6F,0x6E,0x6D,0x65,0x6E,0x74,0x4D,0x61,0x70,0x22,
    0x00,0x01,0x0E,0x03,0x60,0xE8,0xB4,0xB4,0xE5,0x9B,0xBE,0x22,
    0x00,0xC0,0x66,0x61,0x6C,0x6C,0x62,0x61,0x63,0x6B,0x4D,0x6F,
    0x6E,0x6F,0x20,0x00,0xF3,0x00,0xE5,0x90,0x8E,0xE5,0xA4,0x87,
    0xE5,0x8D,0x95,0xE8,0x89,0xB2,0xE5,0xAD,0x97,0xD9,0x01,0x45,
    0x66,0x69,0x6C,0x6C,0x80,0x00,0x66,0xE5,0xA1,0xAB,0xE5,0x85,
    0x85,0x80,0x00,0x34,0x66,0x69,0x74,0x54,0x01,0x66,0xE9,0x80,
    0x82,0xE9,0x85,0x8D,0x54,0x01,0x55,0x66,0x6C,0x6F,0x61,0x74,
    0x41,0x01,0x63,0xE6,0xB5,0xAE,0xE7,0x82,0xB9,0x41,0x01,0x40,
    0x66,0x6F,0x6E,0x74,0xB7,0x00,0x03,0x0D,0x02,0x01,0x6B,0x00,
    0x00,0x82,0x03,0x2C,0xB0,0x8F,0x0A,0x02,0xB1,0x66,0x6F,0x76,
    0x59,0x44,0x65,0x67,0x72,0x65,0x65,0x73,0xA2,0x00,0xE3,0x9E,
    0x82,0xE7,0x9B,0xB4,0xE8,0xA7,0x86,0xE9,0x87,0x8E,0xE8,0xA7,
    0x92,0x22,0x03,0x44,0x66,0x72,0x69,0x63,0x21,0x03,0x90,0xE6,
    0x91,0xA9,0xE6,0x93,0xA6,0xE5,0x8A,0x9B,0xE1,0x00,0xD0,0x67,
    0x61,0x75,0x73,0x73,0x69,0x61,0x6E,0x53,0x70,0x6C,0x61,0x74,
    0x40,0x00,0xC1,0xE9,0xAB,0x98,0xE6,0x96,0xAF,0xE6,0xBA,0x85,
    0xE5,0xB0,0x84,0x21,0x00,0x20,0x70,0x75,0x17,0x00,0x31,0x47,
    0x50,0x55,0x0E,0x00,0x40,0x72,0x61,0x70,0x68,0x10,0x00,0x63,
    0xE5,0x9B,0xBE,0xE8,0xA1,0xA8,0x13,0x00,0x13,0x76,0x95,0x03,
    0x34,0xE9,0x87,0x8D,0x57,0x00,0x02,0x15,0x00,0x23,0x46,0x61,
    0xE2,0x04,0x03,0x1B,0x00,0x62,0xE7,0xB3,0xBB,0xE6,0x95,0xB0,
    0x36,0x00,0x42,0x6F,0x75,0x6E,0x64,0xA3,0x02,0x51,0xE6,0x8E,
    0xA5,0xE5,0x9C,0x16,0x00,0x91,0x68,0x61,0x6C,0x66,0x48,0x65,
    0x69,0x67,0x68,0x8B,0x00,0x60,0xE5,0x8D,0x8A,0xE9,0xAB,0x98,
    0x2E,0x00,0x06,0x18,0x00,0x90,0x4F,0x66,0x43,0x79,0x6C,0x69,
    0x6E,0x64,0x65,0x38,0x05,0x78,0x22,0xE5,0x9C,0x86,0xE6,0x9F,
    0xB1,0x28,0x00,0x45,0x6E,0x64,0x6C,0x65,0x8B,0x01,0x66,0xE6,
    0x89,0x8B,0xE6,0x9F,0x84,0x8B,0x01,0x15,0x68,0x5B,0x00,0x33,
    0xE9,0xAB,0x98,0x1A,0x01,0xF0,0x00,0x68,0x6F,0x72,0x69,0x7A,
    0x6F,0x6E,0x74,0x61,0x6C,0x41,0x6C,0x69,0x67,0x6E,0xDC,0x00,
    0xC1,0xE6,0xB0,0xB4,0xE5,0xB9,0xB3,0xE5,0xAF,0xB9,0xE9,0xBD,
    0x90,0x7E,0x00,0x56,0x6F,0x76,0x65,0x72,0x65,0x62,0x02,0x66,
    0xE6,0x82,0xAC,0xE5,0x81,0x9C,0x57,0x00,0x26,0x69,0x62,0xFE,
    0x01,0x49,0x49,0x42,0x4C,0x20,0x1A,0x00,0x09,0x6D,0x05,0x00,
    0x1E,0x00,0x06,0x68,0x05,0x98,0x69,0x6E,0x6E,0x65,0x72,0x43,
    0x6F,0x6E,0x65,0xBF,0x01,0x56,0x86,0x85,0xE9,0x94,0xA5,0xB9,
    0x01,0x72,0x69,0x6E,0x70,0x75,0x74,0x4D,0x6F,0x0E,0x06,0xB1,
    0xE8,0xBE,0x93,0xE5,0x85,0xA5,0xE7,0xA7,0xBB,0xE5,0x8A,0x7B,
    0x01,0x18,0x69,0xC9,0x05,0x08,0x58,0x00,0x60,0x74,0x65,0x72,
    0x61,0x63,0x74,0x44,0x03,0x00,0xD0,0x00,0x90,0xE5,0x8F,0xAF,
    0xE4,0xBA,0xA4,0xE4,0xBA,0x92,0xCD,0x00,0x62,0x69,0x73,0x53,
    0x65,0x6E,0x73,0x23,0x06,0xB1,0xE6,0x98,0xAF,0xE4,0xBC,0xA0,
    0xE6,0x84,0x9F,0xE5,0x99,0x50,0x00,0xB2,0x6A,0x75,0x6D,0x70,
    0x52,0x65,0x71,0x75,0x65,0x73,0x74,0x9A,0x01,0xC0,0xE8,0xAF,
    0xB7,0xE6,0xB1,0x82,0xE8,0xB7,0xB3,0xE8,0xB7,0x83,0x3D,0x00,
    0x00,0x21,0x00,0x33,0x53,0x70,0x65,0x1D,0x00,0x01,0x17,0x00,
    0x06,0x86,0x05,0x31,0x6B,0x69,0x6E,0x97,0x03,0x60,0xE7,0xB1,
    0xBB,0xE5,0x88,0xAB,0x2F,0x00,0x71,0x6C,0x69,0x66,0x65,0x74,
    0x69,0x6D,0xE3,0x03,0xC8,0xE7,0x94,0x9F,0xE5,0x91,0xBD,0xE5,
    0x91,0xA8,0xE6,0x9C,0x9F,0x1C,0x00,0x44,0x56,0x61,0x72,0x69,
    0xA0,0x05,0x08,0x24,0x00,0x62,0xE5,0x8F,0x98,0xE5,0x8C,0x96,
    0x2A,0x00,0x29,0x6E,0x65,0x1C,0x06,0x66,0xE7,0xBA,0xBF,0xE6,
    0x80,0xA7,0x1F,0x06,0x02,0x21,0x00,0x08,0x1E,0x06,0x36,0xE7,
    0xBA,0xBF,0x98,0x00,0x24,0x6C,0x6F,0x0C,0x05,0x61,0xE9,0x94,
    0x81,0xE5,0xAE,0x9A,0x54,0x00,0x21,0x6F,0x6F,0xF0,0x03,0x60,
    0xE5,0xBE,0xAA,0xE7,0x8E,0xAF,0x12,0x00,0x53,0x6D,0x61,0x72,
    0x67,0x69,0xAB,0x06,0x9C,0xE5,0xA4,0x96,0xE8,0xBE,0xB9,0xE8,
    0xB7,0x9D,0x6C,0x03,0x13,0x6D,0xD0,0x04,0x06,0xCA,0x04,0x31,
    0x6D,0x61,0x73,0x77,0x03,0x51,0xE8,0xB4,0xA8,0xE9,0x87,0x29,
    0x05,0x80,0x6D,0x61,0x74,0x65,0x72,0x69,0x61,0x6C,0x7A,0x01,
    0x51,0xE6,0x9D,0x90,0xE8,0xB4,0x5B,0x01,0x04,0x16,0x00,0x14,
    0x47,0x41,0x03,0x02,0x1B,0x00,0x06,0x47,0x03,0x04,0x21,0x00,
    0x72,0x4F,0x76,0x65,0x72,0x72,0x69,0x64,0xCD,0x03,0x02,0x25,
    0x00,0x51,0xE8,0xA6,0x86,0xE7,0x9B,0x0B,0x01,0x4E,0x6D,0x61,
    0x78,0x41,0x0C,0x07,0x02,0x9D,0x07,0x09,0x12,0x07,0x41,0x6D,
    0x61,0x78,0x4C,0x37,0x01,0x08,0x16,0x01,0x02,0x28,0x00,0x09,
    0x1C,0x01,0xA3,0x6D,0x61,0x78,0x50,0x61,0x72,0x74,0x69,0x63,
    0x6C,0x71,0x00,0x01,0xE8,0x07,0x63,0xE7,0xB2,0x92,0xE5,0xAD,
    0x90,0xAA,0x03,0xC8,0x6D,0x61,0x78,0x53,0x6C,0x6F,0x70,0x65,
    0x41,0x6E,0x67,0x6C,0xAA,0x02,0x02,0x4E,0x00,0x66,0xE5,0x9D,
    0xA1,0xE5,0xBA,0xA6,0xB0,0x02,0x36,0x6D,0x61,0x78,0xD1,0x04,
    0x01,0x4D,0x00,0x03,0xD1,0x04,0x31,0x6D,0x65,0x73,0x39,0x04,
    0x51,0xE7,0xBD,0x91,0xE6,0xA0,0xD6,0x07,0x39,0x6D,0x69,0x6E,
    0x2B,0x00,0x05,0x40,0x08,0x14,0x6D,0x83,0x06,0x05,0x7D,0x06,
    0x20,0x6D,0x6F,0xBD,0x04,0x43,0x51,0x75,0x61,0x6C,0x6A,0x04,
    0x67,0xE8,0xBF,0x90,0xE5,0x8A,0xA8,0x75,0x01,0x01,0x21,0x00,
    0x31,0x54,0x79,0x70,0x6C,0x02,0x02,0x1E,0x00,0x00,0x88,0x02,
    0x20,0x9E,0x8B,0xDC,0x01,0x22,0x6E,0x61,0x84,0x02,0x51,0xE5,
    0x90,0x8D,0xE7,0xA7,0x69,0x04,0x56,0x6E,0x6F,0x72,0x6D,0x61,
    0xB6,0x03,0x66,0xE6,0xAD,0xA3,0xE5,0xB8,0xB8,0xB8,0x03,0x93,
    0x6F,0x62,0x6A,0x65,0x63,0x74,0x4C,0x61,0x79,0x67,0x04,0x80,
    0xAF,0xB9,0xE8,0xB1,0xA1,0xE5,0xB1,0x82,0x4D,0x00,0x35,0x6F,
    0x66,0x66,0x61,0x04,0x67,0xE5,0x85,0xB3,0xE9,0x97,0xAD,0x38,
    0x00,0x16,0x6E,0x1B,0x00,0x57,0xBC,0x80,0xE5,0x90,0xAF,0x1B,
    0x00,0x50,0x72,0x74,0x68,0x6F,0x67,0xFE,0x01,0x26,0x69,0x63,
    0xE3,0x04,0x66,0xE6,0xAD,0xA3,0xE4,0xBA,0xA4,0x8E,0x04,0x3E,
    0x6F,0x75,0x74,0x13,0x04,0x29,0xA4,0x96,0x13,0x04,0x00,0x8E,
    0x04,0x00,0x22,0x02,0x14,0x4D,0x7B,0x02,0x01,0x1F,0x02,0x06,
    0x0C,0x01,0x73,0x70,0x61,0x64,0x64,0x69,0x6E,0x67,0x3A,0x06,
    0x2F,0x86,0x85,0xCB,0x02,0x03,0xD5,0x70,0x61,0x72,0x61,0x6C,
    0x6C,0x61,0x78,0x43,0x6F,0x72,0x72,0x65,0x1C,0x06,0xC0,0xE8,
    0xA7,0x86,0xE5,0xB7,0xAE,0xE6,0xA0,0xA1,0xE6,0xAD,0xA3,0xED,
    0x00,0x51,0x70,0x69,0x76,0x6F,0x74,0xCA,0x02,0x52,0x9E,0xA2,
    0xE8,0xBD,0xB4,0x13,0x00,0xA2,0x78,0x65,0x6C,0x73,0x50,0x65,
    0x72,0x55,0x6E,0x69,0x1B,0x00,0x82,0xAF,0x8F,0xE5,0x8D,0x95,
    0xE4,0xBD,0x8D,0xD3,0x09,0x03,0x37,0x02,0xA1,0x70,0x6C,0x61,
    0x79,0x4F,0x6E,0x53,0x74,0x61,0x72,0x25,0x00,0xE1,0xE5,0x90,
    0xAF,0xE5,0x8A,0xA8,0xE6,0x97,0xB6,0xE6,0x92,0xAD,0xE6,0x94,
    0x5C,0x07,0x00,0x22,0x00,0x03,0xCC,0x0A,0x02,0x15,0x00,0x31,
    0xE4,0xB8,0xAD,0x61,0x00,0x03,0x37,0x0A,0x00,0x77,0x00,0x02,
    0x2F,0x0A,0x01,0x16,0x00,0x48,0x72,0x65,0x73,0x73,0x85,0x05,
    0x56,0x8C,0x89,0xE4,0xB8,0x8B,0x60,0x01,0x52,0x70,0x72,0x69,
    0x6D,0x61,0x7B,0x09,0x51,0xE4,0xB8,0xBB,0xE8,0xA6,0x68,0x08,
    0x53,0x70,0x72,0x69,0x6F,0x72,0x32,0x0A,0x92,0xE4,0xBC,0x98,
    0xE5,0x85,0x88,0xE7,0xBA,0xA7,0x4E,0x00,0x10,0x6F,0xE2,0x01,
    0x03,0x66,0x00,0x00,0x8A,0x09,0x02,0x84,0x09,0x91,0x70,0x72,
    0x6F,0x70,0x65,0x72,0x74,0x69,0x65,0xD5,0x03,0x51,0xE5,0xB1,
    0x9E,0xE6,0x80,0x30,0x00,0x11,0x72,0x24,0x0A,0x00,0x92,0x00,
    0x51,0xE5,0x8D,0x8A,0xE5,0xBE,0x1A,0x07,0x42,0x72,0x61,0x6E,
    0x67,0x6F,0x02,0x41,0x8C,0x83,0xE5,0x9B,0x1C,0x01,0xF0,0x00,
    0x72,0x65,0x66,0x65,0x72,0x65,0x6E,0x63,0x65,0x52,0x65,0x73,
    0x6F,0x6C,0x75,0xB5,0x02,0x03,0x87,0x01,0xEC,0x8F,0x82,0xE8,
    0x80,0x83,0xE5,0x88,0x86,0xE8,0xBE,0xA8,0xE7,0x8E,0x87,0x58,
    0x04,0x20,0x72,0x65,0xD2,0x06,0x04,0x27,0x08,0x66,0xE6,0xB8,
    0xB2,0xE6,0x9F,0x93,0x27,0x08,0x02,0x1E,0x00,0x41,0x65,0x72,
    0x4B,0x65,0x5A,0x0A,0x02,0x1F,0x00,0x60,0xE5,0x99,0xA8,0xE9,
    0x94,0xAE,0xCC,0x00,0x61,0x72,0x65,0x73,0x74,0x69,0x74,0x6D,
    0x00,0x01,0xA1,0x00,0x24,0xBC,0xB9,0xB5,0x00,0x25,0x6F,0x74,
    0x16,0x0B,0x61,0xE6,0x97,0x8B,0xE8,0xBD,0xAC,0x2F,0x00,0x03,
    0x16,0x00,0x07,0x75,0x06,0x02,0x1D,0x00,0x06,0x2E,0x08,0x32,
    0x73,0x63,0x61,0x3A,0x06,0x33,0xE7,0xBC,0xA9,0xAD,0x01,0x01,
    0x13,0x00,0x04,0xA1,0x00,0x02,0x17,0x00,0x06,0xA1,0x00,0x90,
    0x73,0x63,0x72,0x69,0x70,0x74,0x55,0x72,0x69,0x80,0x00,0xA0,
    0xE8,0x84,0x9A,0xE6,0x9C,0xAC,0x20,0x55,0x52,0x49,0x6E,0x00,
    0x49,0x73,0x65,0x6C,0x65,0x8A,0x06,0x61,0xE9,0x80,0x89,0xE6,
    0x8B,0xA9,0x1B,0x00,0x22,0x68,0x61,0xAF,0x03,0x61,0xE5,0xBD,
    0xA2,0xE7,0x8A,0xB6,0x13,0x00,0x83,0x69,0x7A,0x65,0x44,0x65,
    0x6C,0x74,0x61,0x36,0x01,0x01,0x61,0x0B,0x5D,0xE5,0xA2,0x9E,
    0xE9,0x87,0xF7,0x08,0x62,0x73,0x6B,0x65,0x6C,0x65,0x74,0xF3,
    0x00,0x51,0xE9,0xAA,0xA8,0xE9,0xAA,0x54,0x04,0x51,0x73,0x6B,
    0x79,0x62,0x6F,0x6F,0x0C,0x81,0xE5,0xA4,0xA9,0xE7,0xA9,0xBA,
    0xE7,0x9B,0xF5,0x06,0x23,0x73,0x6C,0xC6,0x02,0x51,0x8F,0x92,
    0xE6,0xA7,0xBD,0x6A,0x00,0x40,0x6F,0x72,0x74,0x4F,0xFE,0x0B,
    0x00,0xB3,0x00,0xB1,0xE6,0x8E,0x92,0xE5,0xBA,0x8F,0xE9,0xA1,
    0xBA,0xE5,0xBA,0xC3,0x05,0x45,0x73,0x70,0x61,0x63,0x42,0x03,
    0x3F,0xE9,0x97,0xB4,0x0A,0x06,0x00,0x52,0x73,0x70,0x61,0x77,
    0x6E,0x3A,0x0C,0x00,0x42,0x00,0x66,0xE7,0x94,0x9F,0xE6,0x88,
    0x90,0x1C,0x02,0x14,0x73,0x25,0x07,0x06,0x87,0x06,0x46,0x73,
    0x74,0x61,0x72,0x9E,0x0D,0x57,0xE8,0xB5,0xB7,0xE5,0xA7,0xBF,
    0x02,0x01,0x1E,0x00,0x00,0xF1,0x09,0x00,0x4E,0x00,0x02,0x1D,
    0x00,0x06,0xA8,0x0A,0x01,0x1D,0x00,0x08,0xCA,0x05,0x02,0x21,
    0x00,0x08,0x5C,0x00,0x26,0x65,0x70,0x55,0x04,0x66,0xE5,0x8F,
    0xB0,0xE9,0x98,0xB6,0x55,0x04,0x61,0x73,0x74,0x65,0x72,0x65,
    0x6F,0x7A,0x06,0x05,0xC2,0x01,0x52,0xAB,0x8B,0xE4,0xBD,0x93,
    0x7E,0x06,0x06,0xC8,0x01,0x61,0x74,0x61,0x72,0x67,0x65,0x74,
    0x29,0x00,0x20,0x69,0x63,0x89,0x00,0xC0,0xE7,0x9B,0xAE,0xE6,
    0xA0,0x87,0xE5,0x9B,0xBE,0xE5,0xBD,0xA2,0x36,0x01,0x31,0x74,
    0x65,0x78,0xCE,0x03,0x51,0xE6,0x96,0x87,0xE6,0x9C,0x4E,0x02,
    0x00,0x12,0x00,0x22,0x75,0x72,0x07,0x03,0x05,0x36,0x0B,0x03,
    0x15,0x00,0x04,0x11,0x02,0x01,0x18,0x00,0x04,0x11,0x02,0x04,
    0x10,0x08,0x51,0xE6,0x97,0xB6,0xE9,0x97,0x35,0x03,0x31,0x74,
    0x69,0x6E,0x55,0x00,0x51,0xE8,0x89,0xB2,0xE8,0xB0,0x67,0x08,
    0x37,0x74,0x72,0x61,0xDD,0x0C,0x66,0xE8,0xBD,0xA8,0xE9,0x81,
    0x93,0xEA,0x03,0x01,0x1E,0x00,0x72,0x69,0x6E,0x67,0x4F,0x72,
    0x69,0x67,0x84,0x0E,0xC1,0xE8,0xB7,0x9F,0xE8,0xB8,0xAA,0xE5,
    0x8E,0x9F,0xE7,0x82,0xB9,0xA7,0x00,0x43,0x77,0x6F,0x53,0x69,
    0x5D,0x0A,0x52,0xE5,0x8F,0x8C,0xE9,0x9D,0xBD,0x00,0x03,0x1E,
    0x06,0x06,0x18,0x06,0x31,0x75,0x75,0x69,0xB2,0x08,0x40,0x55,
    0x55,0x49,0x44,0x38,0x00,0x14,0x76,0xCC,0x0C,0x03,0xB4,0x06,
    0x17,0x76,0x71,0x0E,0x06,0x6D,0x01,0x04,0x16,0x00,0x08,0xBA,
    0x08,0x02,0x1E,0x00,0x06,0xB4,0x08,0x20,0x76,0x65,0x55,0x07,
    0x07,0x54,0x0A,0x02,0x97,0x0B,0x06,0x54,0x0A,0x52,0x76,0x69,
    0x73,0x69,0x62,0x65,0x03,0x51,0xE5,0x8F,0xAF,0xE8,0xA7,0xAF,
    0x04,0x41,0x77,0x69,0x64,0x74,0x25,0x07,0x33,0xE5,0xAE,0xBD,
    0x9F,0x0A,0x82,0x77,0x6F,0x72,0x6C,0x64,0x53,0x70,0x61,0xC1,
    0x0E,0x93,0xE4,0xB8,0x96,0xE7,0x95,0x8C,0xE7,0xA9,0xBA,0x3B,
    0x01,0x31,0x7A,0x46,0x61,0x08,0x0B,0x93,0xE8,0xBF,0x9C,0xE8,
    0xA3,0x81,0xE5,0x89,0xAA,0xEB,0x00,0x34,0x7A,0x4E,0x65,0x19,
    0x00,0x16,0x91,0x19,0x00,0x30,0x20,0x7D,0x2C,0x69,0x10,0x70,
    0x70,0x72,0x65,0x76,0x69,0x65,0x77,0xE0,0x01,0x71,0xE9,0xA2,
    0x84,0xE8,0xA7,0x88,0x22,0x17,0x00,0x52,0x75,0x6E,0x73,0x61,
    0x76,0xDA,0x09,0x92,0xE6,0x9C,0xAA,0xE4,0xBF,0x9D,0xE5,0xAD,
    0x98,0x1A,0x00,0x51,0x72,0x65,0x6C,0x6F,0x61,0x29,0x01,0xC2,
    0xE9,0x87,0x8D,0xE6,0x96,0xB0,0xE5,0x8A,0xA0,0xE8,0xBD,0xBD,
    0x1C,0x00,0x01,0x34,0x0E,0x00,0x4B,0x00,0x02,0x30,0x0E,0x02,
    0x15,0x00,0xA1,0x64,0x69,0x61,0x67,0x6E,0x6F,0x73,0x74,0x69,
    0x63,0x47,0x05,0xC2,0xE8,0xAF,0x8A,0xE6,0x96,0xAD,0xE4,0xBF,
    0xA1,0xE6,0x81,0xAF,0x21,0x00,0x32,0x6E,0x6F,0x6E,0x50,0x08,
    0x00,0x3A,0x00,0x52,0x3C,0xE6,0x97,0xA0,0x3E,0x18,0x00,0x02,
    0x2E,0x04,0x06,0x1A,0x00,0x02,0x2D,0x04,0x03,0x1D,0x00,0x00,
    0x35,0x00,0x41,0x50,0x61,0x72,0x65,0xA4,0x0B,0x52,0x28,0xE6,
    0x97,0xA0,0x29,0x35,0x00,0xA2,0x61,0x64,0x64,0x43,0x6F,0x6D,
    0x70,0x6F,0x6E,0x65,0x48,0x02,0xC3,0xE6,0xB7,0xBB,0xE5,0x8A,
    0xA0,0xE7,0xBB,0x84,0xE4,0xBB,0xB6,0x22,0x00,0x00,0x9F,0x0D,
    0x03,0x22,0x00,0x54,0x73,0x50,0x72,0x65,0x73,0x2A,0x00,0x83,
    0x89,0x80,0xE6,0x9C,0x89,0xE5,0x8F,0xAF,0x33,0x00,0x22,0x9A,
    0x84,0x36,0x00,0x30,0xE5,0x9D,0x87,0x37,0x0F,0x82,0xAD,0x98,
    0xE5,0x9C,0xA8,0xE3,0x80,0x82,0x45,0x00,0xA0,0x66,0x69,0x74,
    0x54,0x6F,0x4D,0x65,0x73,0x68,0x42,0xBA,0x0C,0x61,0x73,0x53,
    0x75,0x66,0x66,0x69,0x6A,0x04,0x00,0xCD,0x05,0x40,0xA6,0x82,
    0xE5,0x8F,0xA6,0x0E,0x32,0xE5,0x88,0x99,0xE5,0x0D,0x02,0xE7,
    0x08,0x91,0xE5,0x8C,0x85,0xE5,0x9B,0xB4,0xE7,0x9B,0x92,0xE8,
    0x10,0x00,0x7D,0x01,0x60,0x78,0x72,0x56,0x69,0x65,0x77,0x65,
    0x0B,0xA0,0x69,0x72,0x65,0x73,0x43,0x61,0x6D,0x65,0x72,0x61,
    0x05,0x01,0xF2,0x06,0xE5,0x8F,0xAA,0xE8,0x83,0xBD,0xE5,0x90,
    0x91,0xE5,0xB8,0xA6,0xE6,0x9C,0x89,0xE7,0x9B,0xB8,0xE6,0x9C,
    0xBA,0x8E,0x00,0x92,0xE7,0x9A,0x84,0xE5,0xAE,0x9E,0xE4,0xBD,
    0x93,0xA6,0x00,0x40,0x20,0x58,0x52,0x20,0xA7,0x07,0x25,0x9B,
    0xBE,0x9B,0x00,0xF4,0x00,0x73,0x65,0x72,0x76,0x69,0x63,0x65,
    0x73,0x55,0x6E,0x61,0x76,0x61,0x69,0x6C,0xF8,0x0B,0x92,0xE6,
    0x9C,0x8D,0xE5,0x8A,0xA1,0xE4,0xB8,0x8D,0x9C,0x00,0x05,0x2F,
    0x00,0x02,0x54,0x02,0x02,0x34,0x00,0x0B,0x33,0x00,0x02,0x61,
    0x02,0x0F,0x39,0x00,0x05,0x5F,0x61,0x73,0x73,0x65,0x74,0x39,
    0x00,0x03,0x6F,0xE8,0xB5,0x84,0xE4,0xBA,0xA7,0x39,0x00,0x05,
    0x91,0x65,0x6E,0x74,0x69,0x74,0x79,0x47,0x6F,0x6E,0x29,0x04,
    0x62,0xE6,0x89,0x80,0xE9,0x80,0x89,0xD4,0x00,0x30,0xE5,0xB7,
    0xB2,0xA1,0x00,0x0A,0x6B,0x01,0x14,0x63,0xCF,0x01,0x24,0x41,
    0x64,0xC6,0x03,0x22,0xB7,0xB2,0xFE,0x00,0x02,0x13,0x01,0x52,
    0xEF,0xBC,0x9A,0x7B,0x7D,0x51,0x01,0x05,0x2C,0x00,0x43,0x52,
    0x65,0x6D,0x6F,0xC0,0x02,0x9F,0xE5,0xB7,0xB2,0xE7,0xA7,0xBB,
    0xE9,0x99,0xA4,0x2E,0x00,0x07,0x00,0x53,0x0D,0x22,0x64,0x55,
    0x04,0x0C,0x00,0x83,0x00,0x4F,0x8A,0xE7,0xA7,0xBB,0x2E,0x00,
    0x0C,0x31,0x44,0x6F,0x77,0x7B,0x02,0x01,0xB3,0x00,0x1F,0x8B,
    0x30,0x00,0x0A,0x00,0xC7,0x13,0xB3,0x0A,0x20,0x20,0x20,0x20,
    0x22,0x67,0x65,0x6E,0x65,0x72,0x4D,0x05,0x06,0x92,0x02,0x11,
    0x20,0xC6,0x04,0x62,0x6E,0x73,0x66,0x6F,0x72,0x6D,0xFE,0x01,
    0x41,0x98,0xE6,0x8D,0xA2,0xD1,0x00,0x01,0x70,0x03,0x38,0x63,
    0x74,0x54,0x1F,0x00,0x6A,0xE7,0x9F,0xA9,0xE5,0xBD,0xA2,0x25,
    0x00,0x15,0x6C,0x9D,0x0A,0x21,0x9B,0xBE,0x9A,0x0A,0x02,0x70,
    0x00,0x51,0x63,0x61,0x6E,0x76,0x61,0x76,0x03,0x64,0xE7,0x94,
    0xBB,0xE5,0xB8,0x83,0x18,0x00,0x61,0x75,0x69,0x50,0x61,0x6E,
    0x65,0x95,0x0C,0x96,0x55,0x49,0x20,0xE9,0x9D,0xA2,0xE6,0x9D,
    0xBF,0x1C,0x00,0x32,0x49,0x6D,0x61,0xCB,0x08,0x30,0x55,0x49,
    0x20,0xEE,0x05,0x26,0x83,0x8F,0x1C,0x00,0x13,0x54,0xF4,0x05,
    0x34,0x55,0x49,0x20,0xF7,0x05,0x02,0x6B,0x00,0x53,0x75,0x69,
    0x42,0x75,0x74,0x82,0x07,0x00,0x1D,0x00,0x56,0x8C,0x89,0xE9,
    0x92,0xAE,0x1D,0x00,0x33,0x54,0x6F,0x67,0xE1,0x03,0x00,0x55,
    0x00,0x56,0xBC,0x80,0xE5,0x85,0xB3,0x1D,0x00,0x33,0x53,0x6C,
    0x69,0xC3,0x0F,0x00,0x3A,0x00,0x56,0xBB,0x91,0xE5,0x9D,0x97,
    0x1D,0x00,0x40,0x50,0x72,0x6F,0x67,0xEE,0x09,0x12,0x42,0x5A,
    0x04,0xC6,0x55,0x49,0x20,0xE8,0xBF,0x9B,0xE5,0xBA,0xA6,0xE6,
    0x9D,0xA1,0x25,0x00,0x51,0x4C,0x61,0x79,0x6F,0x75,0x38,0x06,
    0x00,0x5F,0x00,0x54,0xB8,0x83,0xE5,0xB1,0x80,0x1D,0x00,0x43,
    0x73,0x74,0x61,0x74,0x97,0x07,0x54,0x8A,0xB6,0xE6,0x80,0x81,
    0x18,0x00,0x81,0x68,0x69,0x65,0x72,0x61,0x72,0x63,0x68,0x46,
    0x09,0x31,0xE5,0xB1,0x82,0x0C,0x0A,0x02,0xCC,0x00,0x0C,0x9E,
    0x0C,0x02,0x16,0x00,0x02,0x58,0x14,0x02,0x2C,0x0F,0x02,0x57,
    0x14,0x61,0xE6,0x8E,0xA7,0xE5,0x88,0xB6,0x2F,0x0F,0x02,0x23,
    0x00,0x0F,0x40,0x11,0x0C,0x02,0x25,0x00,0x15,0x63,0xE7,0x03,
    0x02,0xD8,0x03,0x04,0x18,0x00,0x02,0x0D,0x04,0x00,0x01,0x02,
    0x05,0xD4,0x03,0x04,0x1B,0x00,0x07,0x9B,0x12,0x00,0x20,0x00,
    0x02,0x98,0x12,0x04,0x1D,0x00,0x42,0x72,0x65,0x66,0x6C,0xB4,
    0x0B,0x41,0x50,0x72,0x6F,0x62,0x54,0x03,0xB2,0xE5,0x8F,0x8D,
    0xE5,0xB0,0x84,0xE6,0x8E,0xA2,0xE9,0x92,0xD0,0x05,0x44,0x20,
    0x20,0x22,0x6C,0x49,0x11,0x64,0xE7,0x81,0xAF,0xE5,0x85,0x89,
    0x3E,0x00,0x20,0x70,0x61,0x9C,0x06,0x72,0x6C,0x65,0x45,0x6D,
    0x69,0x74,0x74,0x01,0x09,0x02,0xF1,0x0D,0x02,0x86,0x13,0x07,
    0xDD,0x00,0x82,0x72,0x69,0x67,0x69,0x64,0x42,0x6F,0x64,0x31,
    0x01,0x21,0x88,0x9A,0xEF,0x12,0x02,0xD3,0x00,0x00,0x0D,0x15,
    0x04,0xC0,0x09,0x30,0xE7,0x9B,0x92,0x4D,0x08,0x03,0xC6,0x09,
    0x02,0x20,0x00,0x66,0x73,0x70,0x68,0x65,0x72,0x65,0x23,0x00,
    0x2D,0x90,0x83,0x23,0x00,0x66,0x63,0x61,0x70,0x73,0x75,0x6C,
    0x24,0x00,0x64,0xE8,0x83,0xB6,0xE5,0x9B,0x8A,0x0D,0x0A,0x03,
    0x47,0x00,0x01,0x5A,0x0A,0x00,0x02,0x01,0x02,0x57,0x0A,0x04,
    0x18,0x00,0x60,0x70,0x72,0x65,0x66,0x61,0x62,0x18,0x00,0x67,
    0xE9,0xA2,0x84,0xE5,0x88,0xB6,0x9A,0x00,0x0F,0x80,0x0F,0x00,
    0x23,0x0A,0x20,0xFB,0x06,0x61,0x63,0x61,0x74,0x65,0x67,0x6F,
    0x26,0x0C,0x12,0x7B,0x61,0x00,0x22,0x63,0x6F,0xBD,0x08,0x57,
    0xE6,0xA0,0xB8,0xE5,0xBF,0x2E,0x03,0x00,0x5B,0x00,0x24,0x55,
    0x49,0x6F,0x00,0x02,0x82,0x0B,0x03,0x79,0x17,0x02,0x80,0x0B,
    0x04,0x1B,0x00,0x02,0x24,0x02,0x03,0x49,0x0C,0x02,0x25,0x02,
    0x04,0x1B,0x00,0x01,0x80,0x01,0x03,0x35,0x00,0x64,0xE5,0x85,
    0x89,0xE7,0x85,0xA7,0x1A,0x00,0x43,0x70,0x68,0x79,0x73,0x1D,
    0x07,0x64,0xE7,0x89,0xA9,0xE7,0x90,0x86,0x19,0x00,0x0F,0x2A,
    0x02,0x05,0x02,0x62,0x0B,0x03,0x4C,0x00,0x03,0x0B,0x01,0x05,
    0xD6,0x00,0x03,0xCD,0x0C,0x06,0x75,0x04,0x32,0x74,0x69,0x74,
    0x7A,0x03,0x55,0xE9,0xA1,0xB9,0xE7,0x9B,0x94,0x03,0x0A,0x07,
    0x0F,0x06,0x44,0x05,0x00,0x73,0x04,0x13,0x6F,0x21,0x0B,0x10,
    0xA0,0x31,0x00,0x39,0xE5,0xBD,0x95,0x1E,0x00,0x01,0xF8,0x05,
    0x13,0x52,0x23,0x00,0x03,0xEA,0x05,0x0F,0x29,0x00,0x02,0xA2,
    0x64,0x65,0x66,0x61,0x75,0x6C,0x74,0x53,0x63,0x65,0xEA,0x05,
    0xC9,0xE9,0xBB,0x98,0xE8,0xAE,0xA4,0xE5,0x9C,0xBA,0xE6,0x99,
    0xAF,0x52,0x00,0x32,0x6E,0x6F,0x50,0x82,0x0D,0x00,0x68,0x01,
    0x62,0xEF,0xBC,0x88,0xE6,0x97,0xA0,0xAC,0x00,0x00,0x29,0x07,
    0x05,0xD9,0x00,0x02,0x37,0x06,0x0F,0xD8,0x00,0x00,0x02,0x10,
    0x07,0x04,0x35,0x01,0x08,0xC7,0x09,0x02,0x66,0x00,0x05,0x42,
    0x00,0x08,0xF3,0x03,0x04,0xF2,0x01,0x43,0x68,0x69,0x6C,0x64,
    0x46,0x08,0x92,0xE5,0xAD,0x90,0xE8,0x8A,0x82,0xE7,0x82,0xB9,
    0x37,0x00,0x00,0x08,0x09,0x02,0x21,0x03,0x43,0x65,0x6E,0x74,
    0x55,0x1D,0x0A,0x32,0xE7,0x88,0xB6,0x24,0x00,0x10,0x20,0x27,
    0x0A,0x0F,0x29,0x00,0x00,0x01,0xEE,0x00,0x04,0x1E,0x01,0x05,
    0x2E,0x00,0x42,0xEF,0xBC,0x9A,0x3C,0xF9,0x00,0x46,0xE6,0xA0,
    0xB9,0x3E,0x92,0x00,0x17,0x74,0xD9,0x05,0x03,0x92,0x00,0x20,
    0x64,0x69,0xF2,0x05,0x03,0x43,0x02,0x66,0xE6,0x96,0xB9,0xE5,
    0x90,0x91,0x30,0x00,0x00,0x1B,0x00,0x08,0x0D,0x06,0x03,0x34,
    0x00,0x02,0xA4,0x19,0x01,0xE9,0x05,0x02,0xA2,0x19,0x04,0x0D,
    0x01,0x13,0x73,0xA3,0x18,0x04,0x3E,0x0C,0x02,0xE7,0x02,0x02,
    0x2F,0x00,0x12,0x4D,0x2F,0x0B,0x02,0x31,0x00,0x00,0xC0,0x11,
    0x15,0xB0,0xE8,0x05,0x03,0x21,0x00,0x0E,0xF4,0x19,0x04,0x42,
    0x00,0x07,0x0A,0x10,0x10,0x9A,0x0A,0x10,0x05,0xD1,0x00,0x01,
    0xE6,0x02,0x06,0xA4,0x01,0x00,0x06,0x14,0x32,0x4C,0x61,0x62,
    0x6B,0x06,0x04,0x6B,0x0B,0x02,0x85,0x00,0x00,0x1B,0x00,0x05,
    0x29,0x00,0x08,0xF8,0x00,0x11,0x61,0x98,0x06,0x02,0xFA,0x00,
    0x06,0xA9,0x04,0x00,0x8A,0x01,0x13,0x6F,0x1C,0x0C,0x39,0xE7,
    0x82,0xB9,0x19,0x00,0x22,0x73,0x70,0xB0,0x02,0x39,0xE8,0x81,
    0x9A,0x18,0x00,0x00,0x2E,0x01,0x10,0x61,0xA9,0x12,0x31,0x41,
    0x72,0x65,0x58,0x09,0x02,0x3B,0x07,0x30,0xE9,0x9D,0xA2,0x27,
    0x00,0x01,0x87,0x00,0x01,0x05,0x0B,0x01,0xFA,0x03,0x03,0x29,
    0x1B,0x04,0x20,0x1B,0x01,0x1E,0x00,0x01,0x3D,0x15,0x05,0x1D,
    0x1B,0x04,0x54,0x15,0x02,0x1B,0x00,0x0D,0xF1,0x0F,0x04,0x17,
    0x00,0x22,0x64,0x69,0x6F,0x06,0x04,0x1C,0x10,0x02,0x18,0x00,
    0x05,0xDF,0x15,0x00,0xE4,0x02,0x0A,0xD8,0x15,0x02,0x21,0x00,
    0x05,0xED,0x11,0x01,0x21,0x00,0x09,0xE6,0x11,0x02,0x21,0x00,
    0x0D,0x10,0x0C,0x02,0x17,0x00,0x0E,0xC7,0x16,0x02,0x18,0x00,
    0x0F,0x60,0x1A,0x0A,0x02,0x23,0x00,0x0F,0x1A,0x0D,0x00,0x05,
    0xC9,0x01,0x05,0x8E,0x06,0x03,0x63,0x02,0x0A,0x68,0x0D,0x05,
    0xD4,0x01,0x0A,0x6D,0x0D,0x03,0x57,0x00,0x00,0xB1,0x0D,0x08,
    0x93,0x0D,0x11,0x7B,0x77,0x15,0x03,0xD8,0x01,0x23,0x9C,0xAC,
    0xDF,0x17,0x23,0x73,0x74,0x67,0x08,0x72,0xE8,0x88,0x9E,0xE5,
    0x8F,0xB0,0x22,0x96,0x05,0x10,0x20,0x19,0x00,0x05,0xA2,0x0E,
    0x06,0x3C,0x02,0x04,0xA3,0x0E,0x04,0x65,0x00,0x07,0x25,0x00,
    0x00,0x46,0x02,0x00,0xEB,0x02,0x00,0xEA,0x01,0x01,0xAF,0x0E,
    0x11,0x53,0xE3,0x0E,0x01,0x48,0x01,0x52,0x8D,0x95,0xE5,0x9B,
    0xBE,0x3D,0x00,0x06,0x61,0x00,0x0D,0xC8,0x19,0x87,0x9B,0x9E,
    0xE9,0x80,0x80,0xE5,0x8D,0x95,0x1F,0x05,0x34,0x72,0x75,0x6E,
    0x9D,0x0E,0x82,0xE8,0xBF,0x90,0xE8,0xA1,0x8C,0xE6,0x97,0x40,
    0x0C,0x81,0x20,0x20,0x22,0x6F,0x70,0x65,0x6E,0x78,0x6B,0x0D,
    0x69,0x4F,0x70,0x65,0x6E,0x58,0x52,0x07,0x04,0x42,0x6D,0x69,
    0x72,0x72,0x25,0x08,0x69,0xE9,0x95,0x9C,0xE5,0x83,0x8F,0x1D,
    0x00,0x12,0x72,0x50,0x17,0x43,0x53,0x65,0x73,0x73,0xE2,0x03,
    0x02,0x55,0x17,0x00,0xC7,0x0B,0x65,0xE4,0xBC,0x9A,0xE8,0xAF,
    0x9D,0xE0,0x00,0x02,0x23,0x00,0x13,0x48,0xF3,0x02,0x32,0xE5,
    0xBD,0x93,0xE1,0x1A,0x30,0xE7,0x9A,0x84,0x2D,0x00,0x02,0x3B,
    0x08,0x02,0x11,0x1E,0x32,0xE6,0x97,0xB6,0x3C,0x00,0x90,0xE5,
    0xB0,0x86,0xE5,0xBC,0x80,0xE5,0xA7,0x8B,0xDD,0x0B,0x05,0xCA,
    0x01,0x07,0x1E,0x09,0x03,0xCC,0x01,0x15,0x6C,0x2E,0x09,0x0A,
    0x2B,0x09,0x0F,0x2C,0x14,0x11,0x02,0xE3,0x01,0x0F,0x20,0x17,
    0x10,0x02,0x29,0x00,0x0F,0x3D,0x11,0x0E,0x02,0x27,0x00,0x0F,
    0xEE,0x1C,0x18,0x02,0x31,0x00,0x0C,0x3E,0x04,0x06,0xB9,0x19,
    0x00,0xF7,0x01,0x02,0xB4,0x19,0x03,0x2C,0x00,0x16,0x20,0x81,
    0x0F,0x00,0x1C,0x00,0x02,0x7C,0x0F,0x06,0x1C,0x00,0x22,0x67,
    0x72,0xF7,0x0F,0x02,0xA4,0x0D,0x00,0x6B,0x05,0x35,0x20,0x20,
    0x7D,0x3D,0x01,0x02,0xD1,0x07,0x01,0xD0,0x01,0x03,0x3D,0x01,
    0x00,0x90,0x16,0x05,0x97,0x02,0x04,0x2E,0x11,0x02,0x95,0x00,
    0x0F,0x86,0x12,0x01,0x02,0x1A,0x00,0x01,0xEB,0x15,0x01,0x7E,
    0x00,0x06,0xC2,0x02,0x02,0x5B,0x00,0x12,0x69,0xB5,0x12,0x0A,
    0x2C,0x08,0x00,0x0D,0x15,0x0F,0x2F,0x15,0x09,0x02,0x55,0x00,
    0x00,0x26,0x00,0x04,0x86,0x08,0x01,0x48,0x15,0x01,0x33,0x15,
    0x02,0x1C,0x00,0x0C,0xD3,0x18,0x02,0x16,0x00,0x0D,0x89,0x12,
    0x02,0x17,0x00,0x04,0xE9,0x02,0x04,0x86,0x11,0x02,0x16,0x00,
    0x00,0x1A,0x0F,0x23,0x74,0x54,0xB1,0x19,0x20,0xE9,0x87,0xAA,
    0x1F,0x0A,0x21,0x00,0x41,0x65,0x64,0x69,0x74,0x70,0x03,0x00,
    0xD9,0x00,0x61,0xE7,0xBC,0x96,0xE8,0xBE,0x91,0x29,0x1D,0x02,
    0x3F,0x00,0x01,0x0C,0x10,0x13,0x53,0x98,0x13,0x04,0xC8,0x18,
    0x00,0x2A,0x00,0x02,0x1C,0x10,0x02,0xA6,0x13,0x02,0xAE,0x16,
    0x04,0x33,0x00,0x04,0xCC,0x16,0x04,0x36,0x00,0x00,0x2E,0x00,
    0x02,0x22,0x00,0x02,0x2E,0x00,0x04,0x28,0x00,0x40,0x66,0x72,
    0x6F,0x6D,0x7C,0x0F,0x00,0x20,0x00,0x00,0x2F,0x08,0x52,0x9D,
    0xA5,0xE8,0x87,0xAA,0xC0,0x01,0x00,0x32,0x08,0x03,0xB9,0x07,
    0x40,0x6E,0x6F,0x53,0x6B,0x76,0x05,0x18,0x64,0x2B,0x00,0x8F,
    0x97,0xA0,0xE8,0x92,0x99,0xE7,0x9A,0xAE,0x2E,0x00,0x00,0x01,
    0xCB,0x00,0x02,0x44,0x07,0x01,0x29,0x09,0x92,0xE4,0xB8,0xAD,
    0xE6,0xB2,0xA1,0xE6,0x9C,0x89,0x9C,0x01,0x07,0x63,0x0F,0x03,
    0x06,0x02,0x00,0x78,0x04,0x01,0xEC,0x00,0x00,0xB4,0x04,0x01,
    0x7E,0x04,0x32,0x43,0x6C,0x69,0x45,0x0E,0xB3,0x8D,0x95,0xE4,
    0xB8,0xAA,0xE7,0x89,0x87,0xE6,0xAE,0xB5,0xB5,0x00,0x00,0xFE,
    0x0D,0x00,0xF0,0x17,0x00,0xB4,0x00,0x00,0x26,0x01,0x01,0x39,
    0x00,0x06,0x68,0x02,0x02,0xD3,0x09,0x05,0x52,0x00,0x01,0xDF,
    0x10,0x00,0x2B,0x00,0xA2,0xE6,0x97,0xA0,0xEF,0xBC,0x88,0x4C,
    0x75,0x61,0x20,0xE8,0x09,0x07,0xE0,0x00,0x75,0x64,0x69,0x61,
    0x6C,0x6F,0x67,0x54,0xDE,0x09,0x01,0x4B,0x15,0x16,0x20,0x2B,
    0x00,0x03,0x79,0x00,0x82,0x22,0x63,0x68,0x6F,0x6F,0x73,0x65,
    0x54,0x9A,0x00,0x00,0x3B,0x07,0x22,0x87,0xBB,0x4A,0x11,0x37,
    0x20,0x2E,0x6C,0x58,0x00,0xA7,0x8C,0xE6,0x88,0x96,0xE6,0x8B,
    0x96,0xE6,0x94,0xBE,0x44,0x00,0x02,0xDF,0x09,0x90,0xE5,0x88,
    0xB0,0xE6,0xAD,0xA4,0xE5,0xA4,0x84,0x58,0x04,0x03,0x5E,0x01,
    0x02,0x9D,0x11,0x03,0x56,0x00,0x03,0x50,0x00,0x06,0x7C,0x00,
    0x07,0x29,0x00,0x91,0x64,0x72,0x6F,0x70,0x4E,0x6F,0x74,0x4C,
    0x75,0x82,0x07,0x02,0x62,0x00,0x32,0xE7,0x9A,0x84,0x5A,0x00,
    0x67,0xE4,0xB8,0x8D,0xE6,0x98,0xAF,0x71,0x00,0x07,0x39,0x00,
    0x84,0x6D,0x75,0x73,0x74,0x42,0x65,0x49,0x6E,0x4D,0x09,0x02,
    0x01,0x01,0xC2,0xE5,0xBF,0x85,0xE9,0xA1,0xBB,0xE4,0xBD,0x8D,
    0xE4,0xBA,0x8E,0x25,0x0A,0x02,0x4A,0x00,0x05,0xAC,0x0A,0x30,
    0xE5,0x86,0x85,0x45,0x00,0x06,0xC2,0x03,0x00,0xA7,0x10,0x03,
    0x0C,0x1A,0x04,0xC3,0x03,0x03,0x3C,0x02,0x02,0x05,0x02,0x04,
    0x28,0x01,0x0F,0xBE,0x03,0x07,0x0F,0xAA,0x03,0x08,0x0F,0xF2,
    0x0D,0x12,0x03,0x02,0x15,0x00,0xD0,0x01,0x37,0xE7,0xBA,0xB9,
    0xE1,0x0B,0x01,0x4B,0x0B,0x00,0x17,0x00,0x02,0xC4,0x00,0x00,
    0x7D,0x04,0x01,0x91,0x08,0x02,0xB5,0x00,0x14,0x46,0x04,0x24,
    0x01,0x2C,0x02,0x0B,0x13,0x02,0x28,0x7B,0x7D,0x0B,0x02,0x33,
    0x72,0x6F,0x70,0x8B,0x01,0x32,0xE5,0x9C,0xA8,0xAC,0x01,0x02,
    0x6A,0x01,0x42,0x20,0x7B,0x7D,0x20,0x5D,0x00,0x00,0x15,0x01,
    0x0F,0xBC,0x01,0x08,0x0F,0x28,0x00,0x01,0x01,0xC3,0x03,0x03,
    0x58,0x00,0x02,0xB6,0x03,0x37,0xE5,0xBC,0x95,0x3C,0x12,0x00,
    0xB6,0x09,0x83,0x72,0x6F,0x70,0x52,0x65,0x6A,0x65,0x63,0x24,
    0x1E,0x02,0x76,0x00,0x05,0xE0,0x01,0x02,0xF3,0x09,0x60,0xE4,
    0xB8,0x8D,0xE8,0xA2,0xAB,0x97,0x00,0x50,0xAD,0x97,0xE6,0xAE,
    0xB5,0xE2,0x1F,0x20,0x8F,0x97,0x90,0x00,0x0A,0xA5,0x01,0x41,
    0x50,0x69,0x63,0x6B,0x82,0x0E,0x03,0xA7,0x01,0x02,0x63,0x02,
    0x00,0x1F,0x01,0x03,0x60,0x02,0x03,0xE6,0x11,0x01,0x0C,0x01,
    0x10,0x41,0xD7,0x01,0x10,0x73,0x1D,0x00,0x02,0xA5,0x03,0x32,
    0xE6,0xAD,0xA4,0x6D,0x00,0x66,0xE7,0x9A,0x84,0xE6,0xBA,0x90,
    0xF4,0x00,0x05,0x64,0x00,0x07,0x0B,0x0E,0x04,0x61,0x00,0x32,
    0x6F,0x75,0x72,0x4B,0x15,0x64,0xE6,0x9D,0xA5,0xE6,0xBA,0x90,
    0x0A,0x02,0x0F,0xAE,0x05,0x01,0x07,0x3E,0x00,0x03,0x89,0x1D,
    0x04,0x2E,0x00,0x0F,0xDE,0x01,0x06,0x03,0x19,0x00,0x03,0xF9,
    0x16,0x02,0xFA,0x01,0x02,0xF9,0x16,0x02,0xD1,0x01,0x04,0xEF,
    0x04,0x02,0xC6,0x00,0x01,0x1D,0x1E,0x02,0xEE,0x04,0x04,0x21,
    0x00,0x39,0x61,0x64,0x64,0x39,0x05,0x01,0xCB,0x14,0x02,0x7D,
    0x00,0x0A,0x29,0x00,0x52,0x66,0x6F,0x72,0x6B,0x42,0x76,0x24,
    0x01,0x12,0x01,0x20,0xB4,0xBE,0x3D,0x1F,0x01,0x74,0x24,0x04,
    0x4C,0x00,0x07,0x23,0x00,0x03,0xD2,0x01,0x32,0xE4,0xBB,0x8E,
    0x97,0x24,0x52,0x20,0x50,0x42,0x52,0x20,0x57,0x00,0x60,0xE5,
    0x88,0x9B,0xE5,0xBB,0xBA,0x22,0x14,0x01,0xCF,0x05,0x32,0xE7,
    0x9A,0x84,0x64,0x03,0xB0,0x20,0x2E,0x76,0x6D,0x61,0x74,0x2E,
    0x6A,0x73,0x6F,0x6E,0xB8,0x01,0x03,0x48,0x02,0x03,0x20,0x1B,
    0x20,0x79,0x42,0x55,0x1F,0x00,0x79,0x00,0x02,0x23,0x1B,0x07,
    0xBF,0x11,0x42,0x61,0x64,0x64,0x50,0x45,0x1B,0x01,0x36,0x10,
    0x02,0xC2,0x00,0x02,0x26,0x00,0x04,0x99,0x00,0x11,0x72,0xAA,
    0x13,0x08,0x26,0x00,0x02,0xAE,0x13,0x0A,0x26,0x00,0x41,0x61,
    0x64,0x64,0x53,0xAE,0x01,0x08,0x29,0x00,0x02,0x4F,0x00,0x02,
    0xBC,0x01,0x0A,0x2F,0x00,0x63,0x63,0x75,0x73,0x74,0x6F,0x6D,
    0x13,0x01,0x11,0x49,0xAE,0x16,0x30,0xE8,0x87,0xAA,0x72,0x26,
    0x23,0xB9,0x89,0xF5,0x00,0x00,0xE5,0x17,0x02,0x88,0x01,0x03,
    0xC7,0x00,0x0B,0xE7,0x1B,0x02,0x1C,0x00,0x22,0x73,0x61,0x6D,
    0x21,0x02,0x02,0x17,0x02,0x25,0x01,0x08,0x1C,0x00,0x01,0x5B,
    0x00,0x00,0x04,0x14,0x01,0x22,0x17,0x02,0x20,0x00,0x09,0xF2,
    0x09,0x00,0x41,0x00,0x33,0x46,0x61,0x69,0xA5,0x24,0x08,0x47,
    0x00,0x69,0xE5,0xA4,0xB1,0xE8,0xB4,0xA5,0x2D,0x00,0x47,0x70,
    0x61,0x72,0x73,0x2E,0x00,0x62,0xE8,0xA7,0xA3,0xE6,0x9E,0x90,
    0x55,0x00,0x02,0xD1,0x02,0x0F,0x34,0x00,0x00,0x20,0x6E,0x6F,
    0x45,0x26,0x72,0x65,0x72,0x50,0x61,0x72,0x61,0x6D,0x4B,0x02,
    0xF0,0x05,0x9C,0xAA,0xE6,0x89,0xBE,0xE5,0x88,0xB0,0xE8,0xAF,
    0xA5,0xE7,0x9D,0x80,0xE8,0x89,0xB2,0xE5,0x99,0xA8,0x38,0x16,
    0x04,0xD7,0x01,0x02,0x52,0x00,0x90,0xE5,0x8F,0x82,0xE6,0x95,
    0xB0,0xE3,0x80,0x82,0x83,0x0A,0x46,0xA3,0x80,0xE6,0x9F,0x2D,
    0x00,0x90,0xE5,0xBA,0x93,0xE6,0x98,0xAF,0xE5,0x90,0xA6,0xF9,
    0x16,0x01,0xE0,0x17,0x35,0xE4,0xB8,0x94,0x4B,0x00,0x9B,0xE5,
    0xA3,0xB0,0xE6,0x98,0x8E,0xE4,0xBA,0x86,0x48,0x00,0x04,0x18,
    0x01,0x97,0x6E,0x6F,0x45,0x78,0x70,0x6F,0x73,0x65,0x64,0x93,
    0x00,0x23,0xAD,0xA4,0xA7,0x01,0xF5,0x02,0xB0,0x9A,0xE6,0x9C,
    0xAA,0xE6,0x9A,0xB4,0xE9,0x9C,0xB2,0xE4,0xBB,0xBB,0xE4,0xBD,
    0x95,0x87,0x00,0x04,0x3F,0x00,0xB3,0x75,0x6E,0x73,0x75,0x70,
    0x70,0x6F,0x72,0x74,0x65,0x64,0xB7,0x05,0x10,0x22,0x27,0x06,
    0x50,0x94,0xAF,0xE6,0x8C,0x81,0xC6,0x00,0x01,0x64,0x02,0x02,
    0xEC,0x03,0x04,0x33,0x00,0x0C,0x0E,0x0A,0x16,0x62,0x0C,0x03,
    0x02,0xEE,0x01,0x03,0x29,0x00,0x00,0xA9,0x07,0x01,0x2D,0x01,
    0x00,0xAD,0x02,0x05,0xD0,0x00,0x06,0x1D,0x00,0x09,0xF9,0x03,
    0x01,0x01,0x02,0x01,0x8F,0x05,0x00,0x7C,0x0E,0x00,0x62,0x05,
    0x02,0x33,0x1A,0x02,0x3D,0x04,0x13,0x20,0xB1,0x25,0x00,0x4A,
    0x00,0x56,0x46,0x6C,0x6F,0x61,0x74,0x46,0x00,0x05,0x4C,0x0E,
    0x11,0x43,0x55,0x0E,0x02,0x2D,0x03,0x00,0xE5,0x15,0x80,0x65,
    0x78,0x74,0x75,0x72,0x65,0x32,0x44,0x34,0x00,0x00,0x49,0x15,
    0x02,0x0D,0x00,0x02,0x68,0x00,0x13,0x0A,0x6C,0x00,0x05,0x69,
    0x04,0x12,0x53,0xA6,0x1C,0x02,0x6E,0x00,0x22,0x22,0x73,0x0E,
    0x00,0x73,0x22,0xE6,0xA7,0xBD,0xE4,0xBD,0x8D,0x6C,0x00,0x01,
    0x16,0x00,0x22,0x30,0x44,0x67,0x11,0x00,0x55,0x00,0x02,0x1E,
    0x00,0x52,0x20,0x30,0x20,0x2D,0x20,0x6D,0x11,0x02,0xA2,0x01,
    0x09,0x2F,0x00,0x44,0x4C,0x6F,0x61,0x64,0x36,0x0A,0x01,0x4D,
    0x00,0x01,0x2F,0x00,0x00,0xF4,0x20,0x22,0x9C,0xA8,0xEC,0x01,
    0x02,0x17,0x07,0x0A,0x3B,0x00,0x04,0x96,0x00,0x11,0x4E,0x67,
    0x00,0x01,0xAC,0x04,0x07,0x8F,0x05,0x00,0x9E,0x00,0x06,0x14,
    0x0B,0x02,0x56,0x00,0x4B,0x7B,0x7D,0x20,0x2D,0x23,0x00,0x43,
    0x55,0x6E,0x6B,0x6E,0x37,0x17,0x03,0xAA,0x00,0x01,0x25,0x00,
    0x6A,0xE6,0x9C,0xAA,0xE7,0x9F,0xA5,0x70,0x00,0x43,0x6B,0x65,
    0x65,0x70,0x02,0x01,0x75,0x22,0xE4,0xBF,0x9D,0xE7,0x95,0x99,
    0x32,0x00,0x04,0xCE,0x00,0x94,0x75,0x73,0x65,0x64,0x42,0x79,
    0x53,0x75,0x62,0xAF,0x15,0x62,0xE8,0xA2,0xAB,0xE5,0xAD,0x90,
    0xBE,0x00,0x69,0xE4,0xBD,0xBF,0xE7,0x94,0xA8,0x5D,0x03,0x12,
    0x74,0x02,0x09,0x02,0x68,0x00,0x00,0xED,0x1C,0x01,0x7C,0x0A,
    0xC0,0xE4,0xBC,0x9A,0xE6,0x9B,0xBF,0xE6,0x8D,0xA2,0xE4,0xB8,
    0x80,0xB4,0x09,0x01,0x91,0x22,0x02,0x24,0x00,0x02,0x72,0x00,
    0x32,0xE3,0x80,0x82,0xB6,0x03,0x00,0x7C,0x02,0x40,0x80,0xBC,
    0xE4,0xBB,0xB2,0x08,0x65,0xE6,0x95,0xB0,0xE5,0xAD,0x97,0x21,
    0x00,0x06,0xB9,0x07,0x05,0x5F,0x02,0x03,0xB8,0x01,0x43,0x6C,
    0x69,0x62,0x72,0x89,0x20,0x34,0xE5,0xBA,0x93,0xBB,0x00,0x05,
    0x26,0x00,0x0D,0x85,0x02,0x01,0x2C,0x1C,0x20,0x65,0x78,0x66,
    0x01,0x31,0xE9,0xA1,0xB6,0xC2,0x1C,0x01,0x20,0x02,0x63,0x22,
    0x66,0x72,0x61,0x67,0x6D,0xAA,0x1A,0x55,0xE7,0x89,0x87,0xE5,
    0x85,0x9F,0x14,0x02,0x32,0x00,0x16,0x4C,0x69,0x00,0x02,0x39,
    0x00,0x07,0x6F,0x00,0x04,0x3C,0x00,0x07,0x24,0x00,0x02,0x43,
    0x00,0x07,0x24,0x00,0x00,0x3A,0x19,0x12,0x75,0x80,0x29,0x64,
    0xE8,0xAE,0xA1,0xE7,0xAE,0x97,0x79,0x00,0x42,0x72,0x61,0x79,
    0x67,0x66,0x1B,0x00,0xB6,0x14,0x22,0xBA,0xBF,0xDD,0x1E,0x04,
    0x1E,0x00,0x00,0xBB,0x29,0x00,0xAD,0x00,0x67,0xE6,0x9C,0xAA,
    0xE5,0x91,0xBD,0x81,0x0C,0x83,0x63,0x6C,0x6F,0x73,0x65,0x73,
    0x74,0x48,0x16,0x22,0x5A,0x9C,0x80,0xE8,0xBF,0x91,0x22,0x00,
    0x33,0x61,0x6E,0x79,0x1E,0x00,0x63,0xE4,0xBB,0xBB,0xE6,0x84,
    0x8F,0x1E,0x00,0x05,0x09,0x03,0x02,0x67,0x15,0x21,0x50,0x61,
    0x61,0x00,0x03,0x4F,0x01,0x05,0xCC,0x14,0x02,0x77,0x15,0x85,
    0xE5,0x9B,0xBE,0xE9,0x80,0x9A,0xE9,0x81,0x59,0x01,0x40,0x70,
    0x69,0x70,0x65,0x01,0x26,0x05,0x8D,0x02,0x55,0xE7,0xAE,0xA1,
    0xE7,0xBA,0xDC,0x18,0x51,0x69,0x6E,0x70,0x75,0x74,0x24,0x05,
    0x02,0x3D,0x27,0x04,0xC6,0x00,0x38,0x6F,0x75,0x74,0x19,0x00,
    0x24,0x87,0xBA,0x19,0x00,0xB1,0x64,0x69,0x73,0x70,0x61,0x74,
    0x63,0x68,0x42,0x79,0x4F,0x23,0x00,0x04,0x94,0x1F,0x30,0xE6,
    0x8C,0x89,0x42,0x00,0x22,0x87,0xBA,0x59,0x13,0x64,0xE6,0xB4,
    0xBE,0xE5,0x8F,0x91,0x35,0x00,0x00,0xF3,0x05,0x00,0x14,0x01,
    0x02,0x14,0x06,0x0A,0xA1,0x00,0x00,0x1C,0x00,0x0B,0x34,0x06,
    0x01,0xE0,0x21,0x05,0xCA,0x00,0x07,0x5F,0x07,0x00,0x2C,0x00,
    0x02,0x0D,0x06,0x00,0x67,0x10,0x06,0x52,0x00,0x02,0xFC,0x00,
    0x02,0x58,0x00,0x05,0x11,0x06,0xFF,0x03,0xE6,0x97,0xA0,0xE6,
    0xB3,0x95,0xE6,0x89,0x93,0xE5,0xBC,0x80,0xE6,0x96,0x87,0xE4,
    0xBB,0xB6,0x4A,0x00,0x02,0x32,0x57,0x72,0x69,0xE5,0x01,0x02,
    0x9D,0x00,0x0F,0x4B,0x00,0x08,0x6D,0xE5,0x86,0x99,0xE5,0x85,
    0xA5,0x4B,0x00,0x04,0x62,0x01,0x05,0xAB,0x0C,0x04,0xD9,0x0C,
    0x03,0xDF,0x1D,0x00,0x31,0x1A,0x00,0x1F,0x20,0x01,0xB6,0x02,
    0x00,0x7E,0x0C,0x0F,0x58,0x02,0x04,0x00,0x67,0x16,0x20,0x61,
    0x79,0x56,0x12,0x03,0x8D,0x04,0x02,0x5E,0x02,0x60,0xE8,0xBF,
    0xBD,0xE8,0xB8,0xAA,0x50,0x03,0x08,0x1E,0x0D,0x02,0x0B,0x02,
    0x04,0xF4,0x22,0x03,0x0C,0x02,0x42,0x72,0x61,0x79,0x54,0x3F,
    0x00,0x0B,0xB7,0x1C,0x62,0xE5,0xBD,0x93,0xE5,0x89,0x8D,0xDB,
    0x00,0x65,0xE8,0xAE,0xBE,0xE5,0xA4,0x87,0x40,0x06,0x08,0x65,
    0x00,0x00,0x20,0x01,0x05,0x6D,0x02,0x01,0xFA,0x05,0x12,0x4E,
    0x6B,0x26,0x03,0x60,0x00,0x06,0x6C,0x02,0x01,0xEF,0x04,0x00,
    0x32,0x04,0x01,0x1E,0x16,0x03,0xDC,0x00,0x01,0x42,0x20,0x02,
    0x5B,0x08,0x02,0x8D,0x06,0x07,0x52,0x08,0x00,0x37,0x02,0x61,
    0x6C,0x61,0x79,0x4E,0x61,0x6D,0x8F,0x19,0x64,0xE6,0x98,0xBE,
    0xE7,0xA4,0xBA,0x70,0x26,0x01,0x1A,0x01,0x0F,0x8B,0x02,0x1F,
    0x03,0x28,0x09,0x02,0xE2,0x09,0x03,0x23,0x09,0x54,0xBC,0x95,
    0xE8,0x84,0x9A,0x52,0x00,0x00,0x6C,0x09,0x02,0x1E,0x00,0x03,
    0x67,0x09,0x09,0x1E,0x00,0x12,0x64,0x26,0x06,0x06,0x93,0x07,
    0x02,0x21,0x06,0x02,0x7E,0x07,0x08,0x43,0x00,0x00,0x47,0x08,
    0x00,0x6C,0x02,0x03,0x45,0x00,0x01,0x25,0x08,0x04,0x20,0x00,
    0x00,0x27,0x26,0x10,0x6D,0xD6,0x00,0x05,0x97,0x12,0x01,0x1F,
    0x00,0x0A,0xDA,0x00,0x03,0x6A,0x00,0x03,0xF7,0x0A,0x02,0x67,
    0x00,0x08,0xF7,0x0A,0x42,0x67,0x6C,0x73,0x6C,0x4E,0x03,0x30,
    0x45,0x78,0x70,0xDA,0x1B,0x31,0x69,0x6F,0x6E,0x94,0x03,0x52,
    0x47,0x4C,0x53,0x4C,0x20,0x57,0x03,0x61,0xE8,0xA1,0xA8,0xE8,
    0xBE,0xBE,0x6D,0x2E,0x02,0x2F,0x01,0x0A,0x88,0x09,0x02,0x83,
    0x17,0x08,0x1C,0x00,0x0B,0x54,0x03,0x0A,0xB2,0x01,0x09,0x07,
    0x06,0x06,0x56,0x03,0x00,0xE6,0x00,0x03,0x07,0x03,0x0A,0x30,
    0x00,0x05,0x55,0x03,0x06,0x6D,0x06,0x0F,0x9A,0x09,0x08,0x05,
    0x19,0x02,0x08,0x37,0x00,0x05,0x59,0x02,0x04,0xE3,0x0D,0x0C,
    0x55,0x02,0x02,0xD0,0x09,0x04,0xC3,0x00,0x13,0x75,0x5F,0x18,
    0x0D,0x55,0x18,0x12,0x74,0x74,0x08,0x03,0x63,0x02,0x0A,0xC9,
    0x00,0x01,0x10,0x0B,0x00,0xC5,0x00,0x02,0x5B,0x09,0x09,0x1D,
    0x00,0x22,0x69,0x6D,0x42,0x09,0x00,0x1F,0x00,0x00,0xC5,0x09,
    0x43,0xAF,0xBC,0xE5,0x85,0x6C,0x0A,0x05,0x9B,0x00,0x07,0xF1,
    0x0E,0x0C,0x9E,0x00,0x0A,0x70,0x11,0x0F,0x2B,0x1A,0x08,0x10,
    0x6A,0x94,0x17,0x01,0xBE,0x01,0x69,0xE5,0x85,0xB3,0xE8,0x8A,
    0x82,0x85,0x00,0x34,0x70,0x61,0x79,0x2C,0x22,0x69,0xE6,0x95,
    0xB0,0xE6,0x8D,0xAE,0x1E,0x00,0x1A,0x75,0xA0,0x20,0x02,0x73,
    0x00,0x00,0xE6,0x30,0x01,0x2B,0x00,0x00,0x08,0x20,0x01,0x45,
    0x21,0x09,0xA7,0x03,0x08,0x8A,0x0F,0x0C,0xB4,0x00,0x02,0xA7,
    0x11,0x04,0x52,0x01,0x0F,0xB4,0x00,0x08,0x35,0x64,0x75,0x72,
    0x78,0x13,0x00,0xD2,0x12,0x20,0x95,0xBF,0x98,0x00,0x94,0x3A,
    0x2E,0x33,0x66,0x7D,0x20,0xE7,0xA7,0x92,0x42,0x00,0x0F,0xBE,
    0x00,0x1A,0x02,0x7D,0x00,0x0F,0xBE,0x00,0x0C,0x02,0xB2,0x01,
    0x01,0xBA,0x0E,0x05,0x3F,0x05,0x07,0x67,0x04,0x04,0xB6,0x0E,
    0x04,0x81,0x00,0x0F,0xC3,0x00,0x08,0x0F,0x17,0x02,0x08,0x40,
    0x70,0x61,0x74,0x68,0xF6,0x01,0x60,0xE8,0xB7,0xAF,0xE5,0xBE,
    0x84,0xDA,0x00,0x05,0xCB,0x1A,0x05,0x0E,0x1A,0x4A,0xA4,0xA7,
    0xE5,0xB0,0x99,0x16,0x33,0x66,0x6F,0x6C,0x17,0x0B,0x02,0xF2,
    0x05,0x34,0xE5,0xA4,0xB9,0x87,0x00,0x00,0xE7,0x13,0x22,0x41,
    0x73,0x7E,0x0D,0x00,0x59,0x00,0x92,0xE4,0xBD,0x9C,0xE4,0xB8,
    0xBA,0xE6,0xBA,0x90,0x24,0x0E,0x04,0x27,0x00,0x00,0x15,0x17,
    0x36,0x4C,0x75,0x61,0x28,0x00,0x02,0x8C,0x06,0x57,0x20,0x4C,
    0x75,0x61,0x20,0x5C,0x0F,0x00,0x27,0x00,0x92,0x49,0x6E,0x43,
    0x6F,0x64,0x65,0x45,0x64,0x69,0xF1,0x34,0xA2,0x22,0xE5,0x9C,
    0xA8,0xE4,0xBB,0xA3,0xE7,0xA0,0x81,0x52,0x00,0x30,0xE5,0x99,
    0xA8,0x7C,0x13,0x01,0x3F,0x00,0x04,0x5E,0x00,0x00,0x85,0x00,
    0x31,0x69,0x6E,0x67,0x5E,0x1B,0x00,0x85,0x00,0x02,0xB0,0x0A,
    0x03,0x30,0x00,0x01,0x52,0x1C,0x0C,0x02,0x03,0x00,0x69,0x00,
    0x47,0x65,0x64,0x49,0x6E,0x67,0x00,0x2F,0xB7,0xB2,0x6A,0x00,
    0x08,0x02,0x2A,0x01,0x06,0x1D,0x03,0x00,0xB6,0x1C,0x05,0xCD,
    0x00,0x12,0x7B,0x86,0x04,0x05,0xAC,0x01,0x03,0xCC,0x1B,0x06,
    0x33,0x10,0x57,0x73,0x65,0x74,0x41,0x73,0x8A,0x0B,0x62,0xE8,
    0xAE,0xBE,0xE4,0xB8,0xBA,0xFD,0x04,0x02,0x2D,0x00,0x04,0xCA,
    0x00,0x03,0x1F,0x05,0x11,0x53,0x04,0x02,0x18,0x22,0x22,0x00,
    0x32,0xE5,0xB7,0xB2,0x37,0x00,0x0B,0x8B,0x00,0x05,0xDF,0x1E,
    0x03,0x86,0x00,0x12,0x75,0x5B,0x29,0x32,0x55,0x52,0x49,0x29,
    0x00,0x02,0x61,0x0C,0x0F,0x44,0x04,0x00,0x05,0xCD,0x00,0x05,
    0x73,0x20,0x03,0x42,0x00,0x10,0x61,0xDD,0x30,0x41,0x57,0x69,
    0x74,0x68,0x50,0x01,0x00,0x84,0x24,0x00,0x54,0x01,0x32,0xE4,
    0xB8,0x8E,0xAB,0x00,0x02,0x51,0x24,0x04,0x9F,0x26,0x02,0xFB,
    0x00,0x0E,0x33,0x00,0x03,0x47,0x10,0x30,0xE5,0xB0,0x86,0x7C,
    0x11,0x01,0xA3,0x24,0x02,0x8A,0x1D,0x02,0x93,0x30,0x32,0xE5,
    0x88,0xB0,0x89,0x07,0x08,0x54,0x00,0x02,0xB7,0x18,0x60,0xE5,
    0xA7,0xBF,0xE6,0x80,0x81,0xD9,0x03,0x03,0xBB,0x00,0x01,0x5D,
    0x00,0x05,0x8C,0x00,0x00,0x99,0x00,0x14,0x43,0xB2,0x00,0x48,
    0x22,0xE5,0xB0,0x86,0x42,0x00,0x33,0xE4,0xB8,0x8E,0x45,0x00,
    0x03,0x92,0x31,0x07,0x9F,0x00,0x0F,0x42,0x00,0x00,0x06,0xA5,
    0x00,0x08,0x45,0x00,0x03,0x38,0x02,0x22,0x99,0xA8,0x4B,0x00,
    0x05,0xB1,0x00,0x0B,0xC9,0x00,0x07,0xA2,0x00,0x01,0x0F,0x02,
    0x00,0x29,0x01,0x0C,0x6C,0x08,0x01,0x7C,0x02,0x02,0x31,0x01,
    0x02,0x4D,0x00,0x39,0xE5,0xB0,0x9A,0xBC,0x04,0x08,0xE3,0x00,
    0x45,0x65,0x64,0x54,0x6F,0xA5,0x00,0x00,0x73,0x01,0x03,0x33,
    0x00,0x22,0xB7,0xB2,0x6D,0x01,0x00,0x34,0x01,0x07,0x51,0x00,
    0x0F,0x80,0x00,0x01,0x01,0x98,0x32,0x03,0xD8,0x05,0x07,0x2B,
    0x00,0x01,0xE4,0x05,0x03,0x43,0x00,0x02,0x55,0x00,0x00,0x3D,
    0x00,0x05,0x01,0x02,0x00,0xFE,0x11,0x16,0x4D,0x0B,0x21,0x03,
    0x07,0x02,0x03,0x46,0x13,0x04,0x61,0x15,0x02,0x37,0x12,0x02,
    0xFC,0x0C,0x05,0xCC,0x06,0x02,0x5E,0x13,0x02,0x06,0x12,0x02,
    0xB4,0x06,0x05,0x6A,0x15,0x00,0x62,0x00,0x03,0xDE,0x00,0x15,
    0x66,0xE2,0x10,0x0F,0x45,0x00,0x02,0x06,0x48,0x07,0x60,0x6E,
    0x6F,0x46,0x69,0x6C,0x65,0x43,0x08,0x00,0xFF,0x00,0x0F,0x72,
    0x00,0x08,0x00,0x84,0x12,0x01,0xEE,0x1A,0x03,0x90,0x04,0x27,
    0x90,0x8D,0x6F,0x00,0x62,0x6F,0x75,0x74,0x73,0x69,0x64,0x4A,
    0x05,0x1F,0x73,0x49,0x00,0x06,0x02,0xB0,0x2A,0x0E,0x2B,0x16,
    0x67,0xE4,0xB9,0x8B,0xE5,0xA4,0x96,0x4F,0x00,0x00,0x1E,0x01,
    0x05,0x42,0x08,0x02,0x94,0x00,0x02,0x37,0x10,0x02,0x0C,0x01,
    0x09,0x66,0x03,0x02,0x2C,0x00,0x31,0x4E,0x6F,0x49,0x61,0x07,
    0x00,0x7C,0x00,0x0F,0x34,0x00,0x04,0x43,0x8C,0xE4,0xBD,0x86,
    0x31,0x01,0x82,0xB3,0xA8,0xE5,0x86,0x8C,0xE8,0xA1,0xA8,0x86,
    0x07,0x32,0xE6,0x9C,0xAA,0x52,0x1C,0x00,0x82,0x00,0x05,0xA2,
    0x01,0x03,0x1D,0x10,0x07,0x18,0x06,0x01,0x7F,0x2B,0x10,0x46,
    0x9B,0x30,0x01,0xD9,0x24,0x02,0xCE,0x00,0x00,0x03,0x38,0x00,
    0x83,0x37,0x02,0xF6,0x02,0x33,0x73,0x75,0x62,0x0A,0x06,0x02,
    0xD2,0x01,0x00,0x06,0x04,0x34,0x69,0x53,0x70,0xE4,0x0B,0xA7,
    0x55,0x49,0x20,0x2F,0x20,0xE7,0xB2,0xBE,0xE7,0x81,0x86,0x18,
    0x02,0xED,0x30,0x03,0xE2,0x36,0x64,0xE6,0xB3,0x95,0xE7,0xBA,
    0xBF,0xE2,0x36,0x01,0x55,0x00,0x00,0xB4,0x0B,0x31,0x75,0x72,
    0x73,0xF3,0x1A,0x7C,0x22,0xE5,0x85,0x89,0xE6,0xA0,0x87,0x8F,
    0x0B,0x03,0xAC,0x00,0x05,0x03,0x01,0x02,0x7D,0x00,0x06,0xCA,
    0x06,0x02,0xEB,0x14,0x02,0xEE,0x00,0x03,0x56,0x00,0x07,0xAB,
    0x00,0x10,0x22,0xA5,0x0F,0x09,0xBF,0x11,0x02,0x18,0x07,0x05,
    0x5C,0x0D,0x2F,0xBA,0x90,0xA1,0x06,0x00,0x04,0xD1,0x08,0x04,
    0x26,0x00,0x02,0x5E,0x00,0x0F,0x29,0x00,0x00,0x00,0x92,0x0E,
    0x03,0x53,0x0C,0x64,0xE7,0xBC,0xBA,0xE5,0xA4,0xB1,0x82,0x00,
    0x32,0x6E,0x6F,0x74,0xB2,0x00,0x02,0xEB,0x01,0x00,0xB2,0x0E,
    0x01,0x90,0x01,0x04,0x20,0x00,0x01,0x9D,0x27,0xA0,0x61,0x74,
    0x65,0x4D,0x69,0x70,0x6D,0x61,0x70,0x73,0xDB,0x01,0x02,0xEC,
    0x0E,0x12,0x20,0x12,0x00,0x04,0x28,0x00,0x51,0x66,0x6C,0x69,
    0x70,0x59,0x1E,0x00,0x74,0xBF,0xBB,0xE8,0xBD,0xAC,0x20,0x59,
    0x19,0x00,0x12,0x71,0x92,0x32,0x32,0x4C,0x65,0x76,0xF0,0x20,
    0x02,0x85,0x31,0x46,0xE7,0xAD,0x89,0xE7,0xD4,0x07,0x00,0x67,
    0x0F,0x03,0xF4,0x0A,0x05,0x28,0x00,0x6F,0xE5,0x8E,0x8B,0xE7,
    0xBC,0xA9,0x28,0x00,0x03,0x50,0x4F,0x6E,0x6C,0x79,0x4C,0x0A,
    0x02,0x00,0x71,0x00,0x32,0xE4,0xBB,0x85,0x2C,0x00,0x01,0xB9,
    0x33,0x08,0x49,0x18,0x41,0x64,0x6F,0x77,0x6E,0x95,0x2F,0x05,
    0x2C,0x00,0x6F,0xE7,0xBC,0xA9,0xE5,0xB0,0x8F,0x29,0x00,0x07,
    0x60,0x4D,0x69,0x6E,0x44,0x69,0x6D,0xFA,0x3B,0x11,0x6F,0xC8,
    0x28,0x02,0x30,0x00,0x02,0x07,0x22,0x02,0xD5,0x0E,0x04,0xD7,
    0x00,0x05,0x5C,0x00,0x10,0x54,0x88,0x00,0x1F,0x74,0x36,0x00,
    0x00,0x02,0x9B,0x02,0x0A,0x36,0x00,0x50,0x62,0x61,0x6B,0x65,
    0x4E,0xBD,0x02,0x04,0x6B,0x02,0x6F,0xE7,0x83,0x98,0xE7,0x84,
    0x99,0x71,0x02,0x00,0x03,0xF2,0x22,0x19,0x58,0x2E,0x00,0x12,
    0x44,0x14,0x00,0x1F,0x20,0x30,0x00,0x01,0x20,0x72,0x65,0xF3,
    0x10,0x00,0x11,0x01,0x64,0xE8,0xBF,0x98,0xE5,0x8E,0x9F,0xA9,
    0x00,0x0A,0xDA,0x0B,0x02,0x21,0x01,0x02,0x27,0x02,0x62,0xE8,
    0xAE,0xBE,0xE7,0xBD,0xAE,0xEC,0x0B,0x02,0xDA,0x04,0x00,0x7C,
    0x03,0x03,0xBC,0x04,0x52,0x61,0x70,0x70,0x6C,0x69,0x14,0x02,
    0x00,0x46,0x05,0x5E,0xBA,0x94,0xE7,0x94,0xA8,0x3D,0x00,0x93,
    0xE5,0xB9,0xB6,0xE6,0x8E,0x92,0xE9,0x98,0x9F,0xF6,0x2C,0x01,
    0x3B,0x02,0x02,0x1A,0x04,0x05,0xC4,0x03,0x00,0x1B,0x1E,0x25,
    0x6C,0x50,0x51,0x2D,0x03,0x17,0x03,0x0F,0x90,0x2B,0x04,0x02,
    0x6E,0x2D,0x0F,0x24,0x2B,0x04,0x10,0x20,0x16,0x3B,0x12,0x70,
    0x35,0x17,0x02,0x29,0x00,0x02,0xBF,0x06,0x60,0xE4,0xB8,0xBA,
    0xE7,0xA9,0xBA,0xBD,0x00,0x05,0x75,0x00,0x01,0xFB,0x29,0x03,
    0x5B,0x3B,0x03,0x72,0x00,0x21,0x61,0x6C,0x43,0x23,0x51,0xE5,
    0x85,0xA8,0xE9,0x80,0xE8,0x22,0x01,0xC6,0x14,0x03,0x42,0x0E,
    0x04,0xAD,0x17,0x03,0x2C,0x00,0x0F,0x3C,0x27,0x00,0x02,0x81,
    0x0B,0x35,0xE7,0x94,0xB1,0x4E,0x27,0x00,0xD8,0x07,0x20,0xBE,
    0x8B,0x4C,0x11,0x20,0x90,0x86,0x7D,0x00,0x03,0x3A,0x01,0x04,
    0xF4,0x29,0x02,0x19,0x02,0x01,0x40,0x1D,0x02,0xDD,0x2A,0x00,
    0xC7,0x29,0x01,0x01,0x2A,0x00,0xAE,0x20,0x09,0x48,0x30,0x12,
    0x20,0x99,0x13,0x00,0x0C,0x1A,0x01,0x5A,0x2A,0x33,0xE3,0x80,
    0x82,0xCC,0x0E,0x82,0x89,0x8D,0xE8,0xAF,0xB7,0xE5,0x85,0x88,
    0x69,0x1A,0xCA,0xE6,0x88,0x96,0xE9,0x87,0x8D,0xE5,0xAE,0x9A,
    0xE5,0x90,0x91,0x42,0x00,0x00,0x80,0x00,0x05,0xFD,0x00,0x30,
    0x65,0x6E,0x75,0x33,0x2B,0x05,0xCC,0x00,0x01,0x46,0x26,0x02,
    0xD2,0x02,0x02,0x14,0x00,0x00,0xBB,0x15,0x55,0x65,0x72,0x73,
    0x70,0x65,0x45,0x3F,0x63,0xE9,0x80,0x8F,0xE8,0xA7,0x86,0x34,
    0x02,0x00,0xCD,0x21,0x07,0x8B,0x35,0x00,0x54,0x02,0x02,0x85,
    0x35,0x03,0xF3,0x04,0x03,0xE9,0x00,0x01,0x09,0x1B,0x03,0x2E,
    0x31,0x05,0x58,0x00,0x05,0xE7,0x15,0x09,0x33,0x24,0x00,0xEB,
    0x04,0x0F,0x77,0x32,0x00,0x01,0x5B,0x05,0x01,0x87,0x01,0x00,
    0xE3,0x15,0x08,0xA0,0x36,0x05,0x50,0x00,0x00,0xA9,0x2A,0x02,
    0x83,0x00,0x36,0xE9,0x9D,0x99,0xA9,0x2A,0x02,0xDF,0x16,0x24,
    0x65,0x6D,0x1D,0x00,0x02,0xCF,0x36,0x36,0xE5,0xAD,0xA6,0xC3,
    0x00,0x52,0x64,0x79,0x6E,0x61,0x6D,0x3B,0x00,0x00,0x57,0x35,
    0x2A,0x80,0x81,0xBE,0x00,0x0A,0xC0,0x36,0x05,0x70,0x00,0x63,
    0x6E,0x6F,0x6E,0x4D,0x6F,0x76,0x2B,0x05,0x32,0xE9,0x9D,0x9E,
    0x59,0x00,0x06,0x56,0x00,0x15,0x6D,0x1D,0x00,0x03,0x1A,0x00,
    0x0F,0xC4,0x00,0x00,0x06,0x85,0x37,0x05,0x57,0x00,0x62,0x64,
    0x69,0x73,0x63,0x72,0x65,0x65,0x12,0x66,0xE7,0xA6,0xBB,0xE6,
    0x95,0xA3,0x53,0x00,0x00,0x9B,0x13,0x52,0x61,0x72,0x43,0x61,
    0x73,0xD2,0x06,0x01,0xBA,0x39,0x6A,0xE6,0x89,0xAB,0xE6,0x8F,
    0x8F,0xB2,0x00,0x16,0x67,0x3B,0x3F,0x05,0x58,0x00,0x84,0x65,
    0x78,0x74,0x65,0x72,0x6E,0x61,0x6C,0xCE,0x1F,0x62,0xE5,0xA4,
    0x96,0xE9,0x83,0xA8,0xEE,0x15,0x06,0x62,0x00,0x22,0x71,0x75,
    0x9C,0x30,0x61,0xE5,0x9B,0x9B,0xE8,0xBE,0xB9,0xA9,0x32,0x01,
    0xB7,0x00,0x01,0xD6,0x06,0x02,0x1D,0x2B,0x66,0xE7,0xAB,0x8B,
    0xE6,0x96,0xB9,0x24,0x2A,0x00,0xB2,0x01,0x01,0xA0,0x2A,0x00,
    0xFE,0x01,0x02,0x9B,0x2A,0x07,0x35,0x00,0x02,0x97,0x2A,0x00,
    0x1B,0x00,0x02,0x92,0x2A,0x0A,0xA9,0x00,0x01,0x74,0x05,0x0E,
    0x19,0x02,0x10,0x6E,0x66,0x40,0x61,0x74,0x50,0x69,0x78,0x65,
    0x6C,0x48,0x06,0x30,0xE6,0x81,0x92,0xCB,0x02,0x56,0x83,0x8F,
    0xE7,0xB4,0xA0,0x5C,0x00,0x01,0x3D,0x00,0x00,0xED,0x0A,0x42,
    0x53,0x63,0x72,0x65,0xE1,0x13,0x93,0xE9,0x9A,0x8F,0xE5,0xB1,
    0x8F,0xE5,0xB9,0x95,0x6C,0x35,0x01,0xBC,0x00,0x04,0x37,0x02,
    0x06,0x3C,0x3E,0x05,0x15,0x01,0x61,0x73,0x74,0x72,0x65,0x74,
    0x63,0xF0,0x0D,0x66,0xE6,0x8B,0x89,0xE4,0xBC,0xB8,0x5E,0x00,
    0x10,0x63,0xC7,0x3C,0x02,0x10,0x12,0x00,0x79,0x30,0x28,0x90,
    0xAB,0x1B,0x00,0x12,0x76,0xEC,0x0D,0x03,0x46,0x1C,0x09,0x66,
    0x00,0x11,0x68,0x62,0x0A,0x05,0x88,0x08,0x00,0x3A,0x2C,0x21,
    0x65,0x66,0xB0,0x01,0x32,0xE5,0xB7,0xA6,0x64,0x0A,0x07,0x4A,
    0x00,0x23,0x65,0x6E,0x35,0x2C,0x36,0xE5,0xB1,0x85,0xFE,0x15,
    0x00,0x6D,0x04,0x04,0x6F,0x2C,0x24,0xE5,0x8F,0x3D,0x3D,0x09,
    0x67,0x00,0x1D,0x76,0x67,0x00,0x12,0x74,0x85,0x3B,0x66,0xE9,
    0xA1,0xB6,0xE9,0x83,0xA8,0x63,0x00,0x42,0x6D,0x69,0x64,0x64,
    0x81,0x01,0x31,0xE4,0xB8,0xAD,0xEA,0x32,0x01,0x48,0x00,0x01,
    0x76,0x2C,0x30,0x74,0x74,0x6F,0xFF,0x03,0x40,0x22,0xE5,0xBA,
    0x95,0x34,0x00,0x01,0x19,0x00,0x04,0x2E,0x01,0x13,0x73,0x6E,
    0x2C,0x05,0x2C,0x01,0x03,0x94,0x03,0x02,0xA0,0x2C,0x06,0x46,
    0x00,0x02,0x9C,0x2C,0x00,0xE1,0x01,0x03,0xFC,0x01,0x02,0x46,
    0x00,0x00,0x63,0x04,0x43,0x0A,0x7D,0x2C,0x0A,0x7C,0x14,0x01,
    0xDD,0x04,0x03,0x15,0x01,0x03,0x99,0x1E,0x10,0x6F,0x02,0x26,
    0x02,0x5E,0x00,0x02,0x3F,0x14,0x00,0x44,0x00,0x02,0x76,0x14,
    0x00,0xE1,0x21,0x03,0x3B,0x04,0x00,0xC9,0x21,0x11,0x53,0xF7,
    0x36,0x02,0x63,0x06,0x02,0xE0,0x32,0x00,0x5E,0x00,0x00,0x21,
    0x00,0x77,0x22,0x74,0x6F,0x6F,0x6C,0x62,0x61,0x4A,0x00,0x24,
    0x72,0x65,0x33,0x11,0x03,0x69,0x06,0x01,0x93,0x19,0x03,0xAF,
    0x00,0x91,0x22,0x6C,0x69,0x76,0x65,0x41,0x70,0x70,0x6C,0x19,
    0x06,0x62,0xE5,0xAE,0x9E,0xE6,0x97,0xB6,0xB1,0x06,0x04,0x21,
    0x00,0x46,0x74,0x6F,0x70,0x6F,0xCA,0x36,0x52,0x8B,0x93,0xE6,
    0x89,0x91,0xD0,0x36,0x04,0x21,0x00,0x55,0x61,0x75,0x74,0x6F,
    0x4C,0x00,0x26,0x00,0x15,0x1D,0x2A,0x8A,0xA8,0x06,0x26,0x59,
    0x64,0x65,0x6C,0x65,0x74,0xB4,0x00,0x30,0xE5,0x88,0xA0,0xB1,
    0x41,0x01,0xA9,0x31,0x04,0x48,0x00,0x07,0x08,0x16,0x10,0x22,
    0x19,0x06,0x06,0x65,0x17,0x03,0xAB,0x0F,0x01,0x0E,0x01,0x01,
    0x56,0x1A,0x02,0x6E,0x0D,0x07,0x0C,0x1A,0x03,0x6C,0x23,0x08,
    0x63,0x00,0x32,0xE6,0x9C,0xAA,0xE5,0x1F,0x0D,0x41,0x01,0x03,
    0xCC,0x1B,0x40,0x52,0x65,0x61,0x64,0x0D,0x09,0x0A,0x6A,0x33,
    0x01,0xE3,0x1E,0x30,0xEF,0xBC,0x8C,0x31,0x33,0x27,0xAF,0xBB,
    0x12,0x21,0x00,0xFE,0x0F,0x01,0x1F,0x0C,0x31,0x48,0x69,0x6E,
    0xBD,0x02,0x02,0x4F,0x10,0x02,0xE5,0x19,0x51,0x20,0x2E,0x76,
    0x72,0x67,0xCD,0x1E,0x15,0x20,0x7E,0x17,0x20,0xE8,0xB5,0x37,
    0x20,0x0A,0x5D,0x06,0x10,0x78,0x44,0x13,0x03,0xF5,0x01,0x00,
    0xAC,0x01,0x22,0x69,0x74,0x89,0x02,0x00,0x55,0x08,0x23,0x87,
    0xBA,0x23,0x0C,0x04,0x41,0x00,0x04,0x19,0x01,0x13,0x72,0xA9,
    0x00,0x04,0x79,0x00,0x0B,0x27,0x00,0x32,0xE4,0xB8,0xBA,0xAD,
    0x00,0x02,0x79,0x1D,0x02,0xF5,0x00,0x02,0x51,0x00,0x02,0x47,
    0x09,0x00,0x83,0x00,0x00,0x1B,0x02,0x00,0x68,0x02,0x31,0x75,
    0x67,0x67,0x7E,0x3F,0x23,0x46,0x69,0x79,0x00,0x52,0xBB,0xBA,
    0xE8,0xAE,0xAE,0x12,0x0D,0x02,0x7C,0x08,0x03,0x2A,0x00,0x02,
    0x22,0x07,0x00,0x73,0x01,0x02,0x45,0x00,0x00,0xA6,0x04,0x01,
    0x09,0x03,0x86,0x22,0x61,0x64,0x64,0x4D,0x65,0x6E,0x75,0xC6,
    0x00,0x03,0x25,0x07,0x03,0x58,0x19,0x03,0xEC,0x24,0x02,0x4D,
    0x18,0x04,0xC3,0x00,0x03,0x73,0x01,0x04,0x23,0x00,0x02,0xC2,
    0x00,0x03,0x23,0x00,0x05,0xBA,0x02,0x19,0x6D,0x56,0x00,0x00,
    0xF5,0x01,0x10,0x49,0x0C,0x04,0x22,0x6E,0x61,0xF3,0x04,0x02,
    0xF5,0x01,0x00,0xE9,0x2A,0x05,0xCD,0x03,0x03,0x5A,0x02,0x30,
    0x46,0x65,0x61,0x07,0x1D,0x00,0xAD,0x00,0x02,0x59,0x02,0x22,
    0xE7,0x89,0xA4,0x3A,0x01,0x79,0x03,0x03,0x25,0x00,0x32,0x4C,
    0x69,0x6E,0x2C,0x44,0x01,0x7B,0x02,0x6A,0xE8,0xBF,0x9E,0xE6,
    0x8E,0xA5,0x22,0x00,0x05,0x9E,0x00,0x01,0x22,0x00,0x03,0x9E,
    0x00,0x03,0x0F,0x01,0x02,0x32,0x44,0x02,0xD2,0x0D,0x01,0x36,
    0x29,0x06,0x10,0x01,0x07,0xB8,0x02,0x03,0xBC,0x03,0x02,0x2C,
    0x20,0x11,0x52,0x75,0x3B,0x04,0xE7,0x03,0x01,0x19,0x03,0x01,
    0x2E,0x20,0x05,0x21,0x02,0x04,0x7E,0x00,0x03,0x1D,0x01,0x08,
    0xC6,0x00,0x01,0x86,0x02,0x0A,0xC6,0x00,0x72,0x70,0x61,0x73,
    0x73,0x43,0x6F,0x75,0x7C,0x02,0x6A,0x7B,0x7D,0x20,0xE4,0xB8,
    0xAA,0xA3,0x00,0x41,0x64,0x6F,0x75,0x62,0x31,0x26,0x42,0x63,
    0x6B,0x45,0x64,0x25,0x1B,0x92,0xE5,0x8F,0x8C,0xE5,0x87,0xBB,
    0xE4,0xBB,0xA5,0x59,0x13,0x03,0x3C,0x01,0x05,0x71,0x01,0x11,
    0x70,0xCD,0x05,0x03,0xB5,0x00,0x01,0x0C,0x00,0x10,0x22,0x2D,
    0x17,0x06,0xC1,0x0C,0x03,0x02,0x33,0x00,0x15,0x00,0x26,0x87,
    0xBA,0xF2,0x00,0x05,0x05,0x34,0x04,0x3B,0x00,0x01,0xBA,0x0E,
    0x20,0x65,0x64,0x96,0x3C,0x04,0x00,0x23,0x00,0x81,0x02,0x22,
    0x85,0xA5,0x04,0x03,0x04,0xE9,0x00,0x05,0xCB,0x1C,0x06,0xA5,
    0x1C,0x02,0x74,0x02,0x06,0x92,0x00,0x03,0x2C,0x18,0x03,0x59,
    0x00,0x17,0x75,0xDF,0x1D,0x01,0xD3,0x1D,0x06,0x84,0x00,0x41,
    0x62,0x61,0x6E,0x6E,0x73,0x06,0x03,0x2B,0x00,0x01,0x30,0x05,
    0x52,0x49,0x6E,0x76,0x61,0x6C,0x7D,0x29,0x05,0x66,0x01,0x00,
    0xC7,0x1A,0x2B,0x95,0x88,0x68,0x00,0x0C,0xBF,0x12,0x00,0x6D,
    0x02,0x26,0x6F,0x72,0x23,0x12,0x03,0x30,0x01,0x04,0xCF,0x11,
    0x04,0xC1,0x00,0x46,0x67,0x61,0x6D,0x65,0x25,0x00,0x62,0xE6,
    0xB8,0xB8,0xE6,0x88,0x8F,0xA8,0x12,0x0E,0x22,0x00,0x00,0x92,
    0x10,0x01,0x30,0x02,0x08,0x27,0x00,0x0B,0x87,0x00,0x06,0x13,
    0x2C,0x03,0xC6,0x00,0x00,0xE8,0x0B,0x34,0x65,0x72,0x54,0x17,
    0x04,0x05,0x28,0x2C,0xC7,0xE5,0xB8,0xA7,0xE5,0x9B,0xBE,0xE6,
    0x9F,0xA5,0xE7,0x9C,0x8B,0x41,0x33,0x30,0x63,0x61,0x70,0xF9,
    0x02,0x32,0x53,0x74,0x61,0x84,0x1C,0x02,0x65,0x0C,0x30,0xEF,
    0xBC,0x9A,0x42,0x10,0x90,0x8D,0x95,0xE8,0x8E,0xB7,0x20,0x7B,
    0x7D,0x2F,0xD9,0x25,0x41,0x8C,0xE5,0x9B,0xBE,0x7D,0x00,0x16,
    0x2F,0xE3,0x03,0x00,0xB9,0x05,0x12,0x46,0x29,0x02,0x00,0x9D,
    0x02,0x22,0x8A,0xA8,0x5B,0x38,0x04,0xCB,0x00,0x01,0x4D,0x08,
    0x00,0x54,0x03,0x03,0x3A,0x08,0x03,0x0A,0x03,0x75,0x6E,0x6F,
    0x46,0x72,0x61,0x6D,0x65,0xD8,0x02,0x02,0x80,0x21,0x00,0x31,
    0x01,0x23,0xAF,0x91,0x80,0x21,0x01,0xAD,0x00,0x07,0x76,0x04,
    0x52,0x63,0x6F,0x70,0x79,0x44,0x51,0x2F,0xA4,0xE5,0xA4,0x8D,
    0xE5,0x88,0xB6,0x20,0x44,0x4F,0x54,0x67,0x00,0x03,0x1D,0x00,
    0x13,0x46,0x42,0x2D,0x04,0x5F,0x13,0x01,0x28,0x00,0x60,0xE9,
    0x87,0x8D,0xE5,0xBB,0xBA,0xF3,0x0B,0x01,0x6F,0x00,0x30,0x76,
    0x69,0x7A,0x3A,0x00,0x12,0x20,0x5E,0x2D,0x55,0xE8,0xA1,0xA8,
    0xE7,0xA4,0x58,0x1D,0x03,0x47,0x00,0x09,0x3F,0x00,0x16,0x20,
    0xAA,0x00,0x03,0x06,0x1A,0x00,0xCB,0x25,0x01,0x75,0x06,0x06,
    0x5A,0x01,0x20,0x9B,0xBE,0x54,0x00,0x04,0x8E,0x00,0x01,0x47,
    0x02,0x05,0xEC,0x1D,0x01,0x4D,0x20,0x00,0x3F,0x01,0x12,0x88,
    0x71,0x03,0x02,0x26,0x1A,0x07,0x15,0x06,0x32,0x70,0x69,0x6E,
    0x02,0x10,0x00,0x28,0x01,0x02,0xF3,0x02,0x04,0x4A,0x00,0x12,
    0x70,0x62,0x06,0x00,0x19,0x00,0x67,0xE8,0xAF,0xBB,0xE5,0x8F,
    0x96,0x19,0x00,0x20,0x49,0x6E,0x40,0x3C,0x33,0x45,0x66,0x66,
    0x8E,0x26,0x00,0x61,0x03,0xA7,0x85,0xA5,0x5C,0x6E,0xE5,0x89,
    0xAF,0xE4,0xBD,0x9C,0x7D,0x07,0x00,0x60,0x00,0x01,0x4D,0x0F,
    0x02,0x22,0x00,0x07,0x43,0x00,0x30,0x55,0x73,0x65,0x5B,0x00,
    0x02,0xFD,0x0C,0x07,0x18,0x00,0x00,0x59,0x00,0x00,0x19,0x00,
    0x0F,0x4B,0x00,0x01,0x21,0x4F,0x75,0xB9,0x06,0x00,0x4C,0x00,
    0x08,0xCF,0x03,0x03,0x7D,0x11,0x06,0xD1,0x05,0x00,0x27,0x18,
    0x04,0x16,0x11,0x86,0x7B,0x7D,0x20,0x7C,0x20,0x7B,0x7D,0x78,
    0x37,0x02,0x04,0x1E,0x00,0x06,0x49,0x12,0x06,0x24,0x00,0x01,
    0x2C,0x00,0x04,0x8E,0x00,0x02,0x9E,0x02,0x03,0x0F,0x0C,0x02,
    0x5F,0x17,0x02,0x95,0x02,0x02,0xA1,0x39,0x02,0xAD,0x02,0x02,
    0x8C,0x0E,0x24,0xE2,0x80,0x7D,0x0C,0x01,0xF3,0x0E,0x02,0xE7,
    0x22,0x0C,0x09,0x0D,0x01,0x1B,0x00,0x62,0x52,0x61,0x77,0x44,
    0x65,0x70,0x91,0x18,0x91,0xE5,0x8E,0x9F,0xE5,0xA7,0x8B,0xE6,
    0xB7,0xB1,0xCD,0x3C,0x02,0xED,0x05,0x00,0x3F,0x00,0x02,0x9B,
    0x44,0x05,0x27,0x00,0x02,0xD0,0x45,0x0E,0x27,0x00,0x20,0x49,
    0x6E,0xF6,0x0F,0x2B,0x65,0x64,0x2F,0x00,0x6F,0xE5,0x8F,0x8D,
    0xE8,0xBD,0xAC,0x35,0x00,0x05,0x41,0x41,0x6C,0x70,0x68,0x78,
    0x2A,0x02,0x09,0x00,0x03,0x15,0x03,0x00,0x76,0x00,0x02,0x6E,
    0x10,0x00,0x7C,0x01,0x02,0x63,0x10,0x08,0x92,0x00,0x43,0x54,
    0x6F,0x6F,0x6C,0x2E,0x22,0x02,0xF7,0x00,0x02,0xC1,0x1D,0x0A,
    0xED,0x2D,0x00,0x45,0x00,0x01,0x3F,0x00,0x27,0xA8,0xA1,0xA8,
    0x1C,0x41,0x67,0x61,0x6D,0x6D,0x71,0x00,0x64,0xE4,0xBC,0xBD,
    0xE9,0xA9,0xAC,0x56,0x00,0x57,0x72,0x65,0x73,0x65,0x74,0x57,
    0x00,0x02,0x4F,0x2D,0x02,0x4E,0x01,0x02,0x9D,0x10,0x04,0x2A,
    0x00,0x44,0x66,0x69,0x74,0x52,0x4B,0x42,0x02,0xE2,0x03,0x04,
    0x51,0x42,0x02,0x32,0x01,0x04,0x20,0x00,0x07,0x4D,0x00,0x53,
    0xE6,0xA0,0xB9,0xE6,0x8D,0x4D,0x00,0x00,0x7F,0x1F,0x28,0x83,
    0x8F,0x21,0x04,0x02,0x4A,0x01,0x0A,0x45,0x00,0x62,0x63,0x6C,
    0x61,0x6D,0x70,0x4D,0x44,0x06,0x00,0x38,0x43,0x15,0x99,0xC8,
    0x18,0x02,0x1A,0x00,0x02,0xF9,0x33,0x38,0xE4,0xB8,0x8A,0x1A,
    0x00,0x01,0x9E,0x3C,0x10,0x5A,0xF3,0x00,0x02,0x45,0x05,0x20,
    0x20,0x7A,0xA3,0x04,0x41,0x3A,0x2E,0x34,0x66,0xEA,0x23,0x45,
    0x3A,0x2E,0x31,0x66,0xAD,0x04,0x61,0x6C,0x65,0x66,0x74,0x45,
    0x79,0xF4,0x02,0x64,0xE5,0xB7,0xA6,0xE7,0x9C,0xBC,0xBF,0x00,
    0x45,0x72,0x69,0x67,0x68,0x1A,0x00,0x20,0x8F,0xB3,0x1A,0x00,
    0x05,0xAB,0x08,0x00,0x10,0x29,0x20,0x6C,0x61,0xDB,0x0A,0x12,
    0x7B,0xEC,0x00,0x15,0x70,0x4B,0x11,0x12,0x22,0xDE,0x00,0x04,
    0x46,0x00,0x60,0x70,0x72,0x65,0x70,0x61,0x72,0x95,0x41,0x06,
    0x22,0x00,0x02,0xB3,0x02,0x6A,0xE5,0x87,0x86,0xE5,0xA4,0x87,
    0x2E,0x00,0x00,0x5F,0x36,0x01,0x0F,0x44,0x07,0x0D,0x06,0x52,
    0x97,0xA0,0xE4,0xB8,0xBB,0xC8,0x00,0x06,0xA6,0x06,0x05,0x2B,
    0x3A,0x03,0x80,0x00,0x62,0x73,0x77,0x69,0x74,0x63,0x68,0xB8,
    0x0B,0x00,0x1B,0x12,0x55,0x88,0x87,0xE6,0x8D,0xA2,0xAB,0x06,
    0x04,0x8D,0x00,0x11,0x72,0x3A,0x08,0x60,0x65,0x72,0x49,0x6E,
    0x66,0x6F,0x1E,0x01,0x03,0x21,0x00,0x70,0x99,0xA8,0x20,0x27,
    0x7B,0x7D,0x27,0x24,0x01,0x05,0x17,0x01,0x02,0x51,0x00,0x02,
    0xD4,0x21,0x00,0x2B,0x00,0x0B,0x52,0x00,0x02,0x9B,0x12,0x04,
    0x58,0x00,0x12,0x66,0x28,0x09,0x01,0xCE,0x0B,0x43,0x55,0x70,
    0x64,0x61,0x62,0x2B,0x00,0x2D,0x06,0x52,0x9B,0xB4,0xE6,0x96,
    0xB0,0x71,0x08,0x04,0xA8,0x42,0x02,0x32,0x01,0x4F,0x6C,0x69,
    0x6E,0x6B,0xFB,0x3C,0x01,0x02,0x7C,0x08,0x00,0x4B,0x04,0x2A,
    0x85,0xA5,0x4D,0x09,0x04,0xAF,0x0A,0x22,0x45,0x64,0x64,0x14,
    0x30,0xE8,0xBF,0x99,0x09,0x4A,0x52,0xB8,0x80,0xE6,0x9D,0xA1,
    0xA9,0x0A,0x50,0xE4,0xBE,0x9D,0xE8,0xB5,0x03,0x49,0x07,0x24,
    0x06,0x00,0xDF,0x08,0x11,0x44,0x28,0x0C,0x01,0x35,0x07,0x01,
    0x1D,0x01,0x00,0x24,0x0C,0x02,0x68,0x00,0x04,0x8E,0x00,0x44,
    0x6E,0x6F,0x64,0x65,0xB8,0x0B,0x00,0xEF,0x00,0x32,0xE8,0xAF,
    0xA5,0x94,0x05,0x08,0x05,0x0B,0x04,0x2D,0x00,0x13,0x72,0x8F,
    0x08,0x0F,0x57,0x00,0x01,0x0A,0x99,0x08,0x40,0x6E,0x6F,0x74,
    0x68,0x0C,0x1C,0x07,0x56,0x0D,0x05,0x3F,0x0C,0x03,0xD4,0x06,
    0x46,0x86,0x85,0xE5,0xAE,0xC1,0x1C,0x01,0xC8,0x0B,0x03,0x72,
    0x01,0x00,0x6B,0x19,0x17,0xBC,0xE2,0x23,0x04,0x1D,0x00,0x52,
    0x44,0x65,0x74,0x61,0x69,0x37,0x13,0x04,0x23,0x00,0x02,0xF8,
    0x0A,0x03,0xCF,0x01,0x03,0x91,0x07,0x04,0xAE,0x00,0x00,0x68,
    0x0D,0x00,0x89,0x0D,0x0C,0x39,0x14,0x0F,0x73,0x0D,0x0B,0x0F,
    0x32,0x00,0x01,0x02,0xAC,0x03,0x0A,0x83,0x0D,0x00,0xDF,0x02,
    0x21,0x69,0x72,0xEC,0x04,0x11,0x6B,0x41,0x10,0x01,0x62,0x2A,
    0x10,0xAE,0x8F,0x07,0x50,0xA4,0xB1,0xE6,0x95,0x88,0x19,0x07,
    0x04,0x78,0x0C,0x0A,0xCF,0x01,0x00,0x3D,0x0E,0x23,0x65,0x64,
    0xF9,0x2A,0x00,0x74,0x01,0x00,0x9B,0x01,0x01,0x43,0x0E,0x0B,
    0xCE,0x00,0x04,0xC9,0x00,0x00,0x31,0x00,0x03,0x2F,0x00,0x07,
    0x98,0x02,0x0F,0x32,0x00,0x01,0x02,0x9E,0x02,0x09,0xD0,0x02,
    0x00,0x3D,0x00,0x06,0x58,0x01,0x01,0x35,0x00,0x08,0x58,0x00,
    0x0C,0x51,0x00,0x05,0x4B,0x01,0x0F,0x4B,0x00,0x00,0xB1,0x63,
    0x6F,0x6E,0x6E,0x65,0x63,0x74,0x54,0x6F,0x52,0x65,0x88,0x51,
    0x01,0xBC,0x00,0x22,0xB0,0x86,0xB1,0x0D,0x02,0xEB,0x02,0x00,
    0xBF,0x02,0x22,0x87,0xBA,0xF0,0x00,0x00,0x2A,0x1B,0x2C,0x8F,
    0xA6,0x1E,0x00,0x50,0x85,0xA5,0xE4,0xBB,0xA5,0x38,0x0F,0x22,
    0x8E,0x92,0x94,0x0E,0x07,0xB3,0x02,0x03,0x4F,0x03,0x0F,0x5F,
    0x02,0x01,0x02,0x2C,0x00,0x02,0x65,0x00,0x04,0xC0,0x00,0x00,
    0xE2,0x02,0x00,0x85,0x0C,0x0F,0x7A,0x03,0x01,0x02,0xE6,0x02,
    0x00,0x8F,0x00,0x0C,0x4E,0x03,0x01,0xD1,0x0A,0x01,0x5D,0x20,
    0x06,0xFC,0x00,0x6F,0xE9,0xAA,0x8C,0xE8,0xAF,0x81,0xF3,0x00,
    0x00,0x03,0x50,0x0A,0x00,0x15,0x02,0x1B,0x79,0x57,0x1C,0x06,
    0xF1,0x08,0x01,0xDE,0x0F,0x05,0x3D,0x00,0x02,0x42,0x01,0x12,
    0x2F,0x10,0x03,0x0F,0x3C,0x16,0x07,0x03,0xD3,0x16,0x70,0x49,
    0x6E,0x4D,0x65,0x6D,0x6F,0x72,0x52,0x05,0x01,0xD6,0x02,0xBA,
    0x9C,0xA8,0xE5,0x86,0x85,0xE5,0xAD,0x98,0xE4,0xB8,0xAD,0x36,
    0x10,0x0B,0x30,0x00,0x0A,0x0C,0x03,0x0D,0x36,0x00,0x02,0x85,
    0x00,0x04,0xA3,0x0A,0x04,0x31,0x01,0x03,0x18,0x0D,0x08,0xF0,
    0x03,0x0B,0x73,0x02,0x05,0xF6,0x03,0x62,0xEF,0xBC,0x9B,0xE8,
    0xAF,0xB7,0x0D,0x09,0x02,0x8E,0x03,0x07,0xA8,0x01,0x00,0xC6,
    0x17,0x04,0x55,0x04,0x02,0xB2,0x17,0x04,0x62,0x00,0x01,0x1A,
    0x00,0x09,0x9C,0x00,0x02,0x20,0x00,0x0B,0x90,0x00,0x00,0x50,
    0x06,0x01,0xBA,0x11,0x05,0xB4,0x1D,0x03,0x2C,0x09,0x01,0x6D,
    0x11,0x03,0x0C,0x00,0x00,0x5E,0x0F,0x01,0x40,0x04,0x00,0x68,
    0x02,0x02,0x85,0x0F,0x44,0x20,0x28,0x51,0x29,0x6B,0x00,0x00,
    0x93,0x2E,0x00,0x1A,0x00,0x02,0x1A,0x1E,0x35,0x20,0x28,0x57,
    0x1A,0x00,0x51,0x72,0x6F,0x74,0x61,0x74,0xD9,0x06,0x02,0x28,
    0x49,0x35,0x20,0x28,0x45,0x1C,0x00,0x0B,0x84,0x0B,0x35,0x20,
    0x28,0x52,0x1B,0x00,0x13,0x72,0x6B,0x00,0x02,0x82,0x3A,0x95,
    0xE5,0xB7,0xA5,0xE5,0x85,0xB7,0x20,0x28,0x54,0x20,0x00,0x08,
    0x09,0x3C,0x03,0x01,0x42,0x04,0x25,0x00,0x26,0x59,0x29,0xA2,
    0x06,0x40,0x63,0x6F,0x6F,0x72,0x1D,0x01,0x03,0xA1,0x06,0x05,
    0x56,0x39,0x30,0xE5,0xB1,0x80,0x01,0x13,0x03,0xE0,0x08,0x01,
    0x17,0x00,0x07,0x21,0x08,0x02,0x1E,0x00,0x94,0xE5,0x9D,0x90,
    0xE6,0xA0,0x87,0xE7,0xB3,0xBB,0xE5,0x00,0x52,0x67,0x6C,0x6F,
    0x62,0x61,0xF3,0x04,0x27,0x85,0xA8,0x32,0x41,0x02,0x18,0x00,
    0x08,0x40,0x00,0x01,0x1F,0x00,0x06,0x40,0x00,0x00,0x62,0x01,
    0x00,0x6B,0x00,0x01,0x51,0x01,0x09,0xBE,0x12,0x0B,0x4D,0x37,
    0x00,0x25,0x00,0x02,0x94,0x1C,0x12,0x6E,0x52,0x53,0x94,0x55,
    0x49,0x20,0xE5,0x90,0xB8,0xE9,0x99,0x84,0x84,0x00,0x00,0x43,
    0x0D,0x00,0x40,0x15,0x07,0x6E,0x00,0xA6,0x33,0x44,0x20,0x2F,
    0x20,0x32,0x44,0x20,0x55,0x49,0xF8,0x00,0x50,0x67,0x69,0x7A,
    0x6D,0x6F,0x0A,0x05,0x03,0xF9,0x00,0x55,0x70,0x6F,0x70,0x75,
    0x70,0x79,0x0D,0x00,0xCF,0x0C,0x01,0x00,0x0E,0x00,0x76,0x0D,
    0x24,0xA0,0x87,0x5C,0x00,0x00,0x5C,0x13,0x03,0xF5,0x2B,0x0B,
    0x22,0x00,0x32,0xEF,0xBC,0x88,0x2B,0x00,0x30,0xE3,0x80,0x81,
    0x1D,0x15,0xD0,0x9B,0xB4,0xE7,0x9B,0x92,0xE3,0x80,0x81,0xE7,
    0xA2,0xB0,0xE6,0x92,0x5D,0x45,0x00,0x0C,0x00,0x01,0x27,0x41,
    0x07,0x3E,0x0C,0x25,0x68,0x65,0x3A,0x2E,0x02,0xA0,0x0F,0x0C,
    0x70,0x00,0x10,0x69,0xF9,0x15,0x00,0x36,0x02,0x02,0x5C,0x00,
    0x04,0x87,0x00,0x00,0x17,0x00,0x04,0xA0,0x0B,0x02,0x1A,0x00,
    0x02,0xB6,0x1C,0x04,0x20,0x00,0x02,0x4E,0x14,0x32,0x69,0x6F,
    0x6E,0x4B,0x46,0x00,0x41,0x00,0x30,0xE9,0x80,0x89,0xA4,0x03,
    0x04,0x30,0x46,0x04,0x2A,0x00,0x31,0x63,0x6F,0x6C,0x2A,0x43,
    0x00,0x09,0x01,0x15,0x22,0xAC,0x00,0x04,0x1E,0x00,0x01,0x7B,
    0x3D,0x02,0xE3,0x08,0x14,0x47,0x2F,0x01,0x12,0x22,0xC6,0x00,
    0x06,0x35,0x21,0x09,0x21,0x01,0x56,0x73,0x68,0x6F,0x77,0x41,
    0x2C,0x1A,0x22,0x83,0xA8,0xE8,0x0A,0x04,0x51,0x00,0x10,0x68,
    0x63,0x1F,0x08,0x1F,0x00,0x51,0xE9,0x9A,0x90,0xE8,0x97,0xAB,
    0x17,0x02,0x5C,0x12,0x01,0x17,0x19,0x04,0xFE,0x0B,0x03,0x9A,
    0x01,0x00,0x4B,0x04,0x17,0x79,0xCE,0x01,0x02,0x69,0x04,0x10,
    0x20,0x12,0x1A,0x09,0x61,0x56,0x02,0xB0,0x08,0x0A,0xC8,0x01,
    0x00,0x0B,0x07,0x01,0x75,0x11,0x0F,0x2F,0x00,0x05,0x02,0xAB,
    0x11,0x07,0x5E,0x00,0x0F,0x32,0x00,0x0E,0x14,0x6C,0x41,0x3C,
    0x02,0x57,0x1A,0x03,0xAB,0x19,0x05,0xC1,0x02,0x00,0x23,0x10,
    0x00,0xD6,0x21,0x06,0x16,0x04,0x05,0xE3,0x23,0x02,0x30,0x10,
    0x02,0xDA,0x21,0x05,0xAF,0x00,0x00,0x99,0x07,0x0F,0x78,0x0A,
    0x2A,0x01,0x51,0x38,0x0F,0x7B,0x0A,0x00,0x0D,0xFC,0x0A,0x05,
    0xB6,0x11,0x04,0xBB,0x45,0x05,0xB4,0x00,0x42,0x68,0x69,0x73,
    0x74,0xD5,0x05,0x03,0x73,0x01,0x00,0xAD,0x04,0x34,0x55,0x69,
    0x52,0x62,0x04,0x01,0x11,0x54,0x00,0x42,0x01,0x02,0x6C,0x04,
    0x04,0xBC,0x00,0x02,0xB9,0x04,0x06,0x28,0x00,0x03,0xBF,0x04,
    0x0E,0x28,0x00,0x10,0x65,0x27,0x26,0x06,0x28,0x00,0x66,0xE8,
    0xB0,0x83,0xE6,0x95,0xB4,0x50,0x00,0x0B,0xBD,0x02,0x00,0x1D,
    0x4E,0x06,0x2D,0x00,0x02,0x7D,0x10,0x06,0x2D,0x00,0x04,0x7D,
    0x00,0x05,0xDF,0x04,0x11,0x45,0xFC,0x47,0x00,0xE4,0x02,0x03,
    0xE5,0x04,0x01,0x32,0x24,0x01,0xE9,0x03,0x01,0x6E,0x17,0x04,
    0x68,0x30,0x01,0x42,0x10,0x03,0x96,0x01,0x0F,0x67,0x04,0x01,
    0x02,0x1E,0x00,0x00,0x4F,0x3B,0x01,0x79,0x56,0x02,0x4E,0x02,
    0x11,0x6E,0xC9,0x01,0x10,0x22,0x95,0x4A,0x17,0xBB,0x6B,0x10,
    0x23,0x6D,0x70,0x3F,0x15,0x00,0x06,0x04,0x15,0xAF,0xA7,0x2D,
    0x00,0x51,0x11,0x0F,0x0A,0x17,0x0B,0x0F,0x6E,0x17,0x07,0x05,
    0x8D,0x01,0x00,0xE3,0x0A,0x0A,0x60,0x15,0x00,0x9D,0x12,0x22,
    0x4E,0x6F,0x23,0x06,0x00,0x71,0x00,0xB4,0xBE,0x91,0xE5,0xA4,
    0x87,0xE6,0xB3,0xA8,0x2E,0x2E,0x2E,0xA8,0x00,0x01,0x38,0x03,
    0x04,0x24,0x00,0x02,0x99,0x02,0x02,0x24,0x00,0x04,0x21,0x00,
    0x13,0x6E,0x40,0x00,0x03,0x16,0x00,0x05,0x6E,0x00,0x88,0x62,
    0x6C,0x61,0x63,0x6B,0x62,0x6F,0x61,0x04,0x06,0x03,0xD9,0x2B,
    0x05,0x3D,0x53,0x03,0x52,0x26,0x15,0x80,0x7E,0x05,0x03,0x21,
    0x00,0x0E,0x90,0x2B,0x05,0x57,0x00,0x0C,0x7E,0x5C,0x0C,0x6A,
    0x00,0x47,0x22,0xE9,0xBB,0x91,0x22,0x48,0x00,0x69,0x2C,0x00,
    0xFA,0x13,0x13,0x65,0xFB,0x19,0x03,0x6F,0x2C,0x01,0x0B,0x2C,
    0x06,0xC2,0x00,0x08,0x04,0x34,0x00,0x2A,0x00,0x01,0xB5,0x04,
    0x02,0x00,0x03,0x02,0xFF,0x33,0x00,0x50,0x31,0x01,0x34,0x00,
    0x07,0xFD,0x07,0x0F,0x39,0x2D,0x10,0x25,0x75,0x69,0x20,0x0F,
    0x00,0x0C,0x48,0x09,0x1D,0x0F,0x12,0x6D,0xF4,0x0A,0x03,0xC6,
    0x20,0x06,0x03,0x01,0x12,0x6D,0xD1,0x0E,0x00,0x18,0x00,0x27,
    0xA4,0xA7,0x18,0x00,0x0F,0x9B,0x4C,0x0D,0x01,0x6A,0x38,0x1A,
    0x44,0x25,0x00,0x38,0xE6,0x97,0xA0,0xC3,0x4C,0x00,0xBD,0x00,
    0x05,0x49,0x01,0x06,0xB1,0x0E,0x04,0x9B,0x03,0x21,0x65,0x73,
    0x9D,0x1B,0x02,0x91,0x0E,0x09,0xAD,0x1C,0x0F,0x27,0x1E,0x02,
    0x03,0x31,0x07,0x13,0x74,0x76,0x3D,0x00,0x9E,0x2A,0x00,0xDC,
    0x4D,0x02,0xDF,0x02,0x27,0x75,0x73,0xF6,0x0C,0x04,0x07,0x1D,
    0x02,0x5A,0x00,0x32,0xEF,0xBC,0x9A,0x4F,0x09,0x92,0xE6,0x8F,
    0x92,0xE6,0xA7,0xBD,0x20,0x30,0x20,0xDB,0x1B,0x00,0xC1,0x37,
    0x01,0x4C,0x06,0x0A,0x7B,0x00,0x02,0x4A,0x00,0x05,0xF5,0x1C,
    0x0F,0x44,0x00,0x0E,0x09,0x16,0x1D,0x01,0x5A,0x1C,0x45,0x72,
    0x6F,0x6C,0x73,0xE2,0x18,0xA0,0xB7,0xA6,0xE9,0x94,0xAE,0xE6,
    0x8B,0x96,0xE5,0x8A,0x72,0x33,0x02,0x59,0x04,0x02,0x54,0x00,
    0xB3,0x20,0x20,0xE6,0xBB,0x9A,0xE8,0xBD,0xAE,0xEF,0xBC,0x9A,
    0x1B,0x04,0xB1,0x20,0x46,0xEF,0xBC,0x9A,0xE8,0x81,0x9A,0xE7,
    0x84,0xA6,0xF6,0x03,0x00,0xF2,0x00,0x00,0xA5,0x18,0x0A,0x7C,
    0x2F,0x64,0x73,0x65,0x61,0x72,0x63,0x68,0x61,0x00,0x62,0xE6,
    0x90,0x9C,0xE7,0xB4,0xA2,0x3B,0x0E,0x04,0x0D,0x01,0x60,0x6E,
    0x6F,0x4D,0x61,0x74,0x63,0x08,0x0E,0x00,0x3A,0x00,0x07,0x5D,
    0x02,0x60,0xE5,0x8C,0xB9,0xE9,0x85,0x8D,0x82,0x3A,0x01,0xAE,
    0x2F,0x09,0xA0,0x01,0x0E,0xF2,0x47,0x0F,0x87,0x2F,0x05,0x14,
    0x70,0xE1,0x02,0x01,0x5A,0x00,0x0A,0x26,0x2F,0x13,0x6D,0x62,
    0x2B,0x01,0x05,0x34,0x05,0x0A,0x13,0x32,0x6C,0x6F,0x67,0x83,
    0x1F,0x55,0xE9,0x80,0xBB,0xE8,0xBE,0x66,0x04,0x06,0xAF,0x13,
    0x03,0x4C,0x12,0x04,0xC1,0x00,0x00,0x5F,0x17,0x03,0x6E,0x13,
    0x02,0x60,0x17,0x04,0x19,0x00,0x02,0x8D,0x32,0x00,0x23,0x05,
    0x00,0x62,0x0C,0x06,0xAA,0x0E,0x33,0x6F,0x74,0x68,0x17,0x0D,
    0x41,0x85,0xB6,0xE4,0xBB,0xB6,0x1D,0x02,0x87,0x07,0x3E,0x73,
    0x75,0x62,0xD9,0x00,0x01,0x2D,0x13,0xA1,0x78,0x41,0x74,0x74,
    0x72,0x69,0x62,0x75,0x74,0x65,0xC7,0x00,0x02,0x52,0x34,0x02,
    0xA5,0x39,0x04,0x6E,0x00,0x03,0xA0,0x00,0x01,0x20,0x00,0x03,
    0xA1,0x00,0x05,0xCF,0x02,0x0C,0x10,0x11,0x02,0xEF,0x0D,0x11,
    0x43,0x5C,0x39,0x05,0x76,0x01,0x05,0x61,0x0E,0x13,0x20,0x76,
    0x15,0x04,0x68,0x39,0x0A,0xB0,0x01,0x0D,0x3C,0x00,0x5B,0x53,
    0x6B,0x69,0x70,0x70,0x3D,0x0E,0x0F,0x43,0x00,0x03,0x30,0xEF,
    0xBC,0x8C,0x75,0x5A,0x23,0xBF,0x87,0x1F,0x00,0x04,0xBB,0x00,
    0x02,0x2B,0x1D,0x05,0x43,0x00,0x00,0xF8,0x0D,0x09,0x8F,0x50,
    0x00,0x59,0x02,0x10,0x6C,0xE0,0x10,0x14,0x79,0x40,0x33,0x00,
    0x3C,0x11,0x01,0x08,0x1C,0x04,0x43,0x00,0x07,0x20,0x00,0x43,
    0x4D,0x65,0x73,0x73,0x91,0x44,0x02,0xF7,0x27,0x00,0xD8,0x2F,
    0x25,0xA1,0xA8,0x33,0x00,0x09,0xF9,0x0E,0x00,0x5F,0x1C,0x01,
    0x84,0x03,0x04,0x33,0x00,0x05,0x27,0x00,0x08,0x3C,0x00,0x0D,
    0x33,0x00,0x02,0x15,0x0E,0x08,0x6A,0x00,0x01,0x8E,0x00,0x08,
    0x34,0x00,0x05,0xEB,0x0D,0x06,0x5A,0x0D,0x00,0x3B,0x01,0x02,
    0x3A,0x00,0x00,0x15,0x02,0x02,0xA4,0x37,0x02,0x27,0x00,0x04,
    0xC7,0x00,0x00,0x22,0x00,0x03,0x1E,0x00,0x0C,0x88,0x0F,0x46,
    0x73,0x61,0x76,0x65,0x3D,0x00,0x02,0x31,0x0D,0x0A,0x3D,0x00,
    0x00,0x22,0x00,0x00,0x54,0x0C,0x00,0x3C,0x00,0x02,0x20,0x00,
    0x04,0x57,0x00,0x03,0x3B,0x07,0x06,0x3F,0x00,0x00,0xD0,0x06,
    0x2A,0xAF,0x91,0x3F,0x00,0x10,0x77,0x6E,0x28,0x02,0x83,0x3A,
    0x06,0x29,0x00,0x02,0x3D,0x34,0x02,0x3F,0x27,0x32,0xE7,0x9A,
    0x84,0xE1,0x02,0x3A,0xE5,0x99,0xA8,0x3B,0x00,0x03,0x60,0x00,
    0x04,0x7D,0x00,0x02,0x5E,0x00,0x09,0x35,0x01,0x06,0xA4,0x07,
    0x00,0x26,0x0F,0x16,0x69,0xE4,0x00,0x01,0xA6,0x25,0x00,0xFE,
    0x09,0x0C,0xBE,0x1E,0x00,0xB4,0x07,0x03,0x83,0x25,0x08,0x35,
    0x13,0x01,0x2B,0x1F,0x02,0x94,0x04,0x00,0xAB,0x01,0x01,0x41,
    0x13,0x04,0xE7,0x00,0x00,0xB2,0x07,0x05,0x5A,0x00,0x00,0x85,
    0x00,0x06,0xBE,0x03,0x03,0xD1,0x05,0x00,0x6D,0x05,0x20,0x43,
    0x68,0x97,0x15,0x01,0xAC,0x00,0x02,0x48,0x00,0x02,0x53,0x05,
    0x03,0x4E,0x00,0x15,0x94,0x6E,0x12,0x07,0x33,0x00,0x10,0x52,
    0xF6,0x15,0x00,0xB4,0x01,0x0B,0x31,0x00,0x02,0xFE,0x15,0x00,
    0xCC,0x25,0x09,0x58,0x05,0x03,0x3A,0x00,0x11,0x53,0x3F,0x24,
    0x0D,0x6F,0x00,0x05,0xC3,0x56,0x0F,0x72,0x00,0x05,0x03,0x38,
    0x00,0x00,0xB7,0x61,0x02,0xCE,0x00,0x02,0x76,0x00,0x09,0x38,
    0x00,0x01,0x83,0x0B,0x01,0xE1,0x03,0x01,0x6E,0x09,0x02,0x4F,
    0x31,0x2F,0x6F,0x72,0x6E,0x09,0x0B,0x0F,0x57,0x09,0x02,0x00,
    0x91,0x3D,0x05,0x0A,0x0F,0x01,0x01,0x08,0x03,0x5F,0x4F,0x00,
    0x5D,0x00,0x01,0xD5,0x05,0x0C,0x3E,0x04,0x02,0x34,0x03,0x00,
    0x0F,0x01,0x00,0xC2,0x00,0x01,0xF9,0x02,0x03,0x36,0x31,0x01,
    0xC5,0x09,0x09,0xF8,0x01,0x09,0x73,0x00,0x0F,0x26,0x00,0x06,
    0x0F,0xF7,0x02,0x0C,0x01,0xAC,0x01,0x01,0x3A,0x13,0x05,0xBE,
    0x54,0x00,0x77,0x07,0x0F,0x11,0x03,0x12,0x02,0xCB,0x02,0x33,
    0x42,0x61,0x64,0x37,0x09,0x02,0x44,0x00,0x02,0xBF,0x02,0x72,
    0xEF,0xBC,0x9A,0x55,0x52,0x49,0x20,0xAB,0x1C,0x01,0x4D,0x01,
    0x01,0xF0,0x00,0x01,0x33,0x06,0x12,0x54,0xB0,0x33,0x03,0xFF,
    0x07,0x12,0x62,0x71,0x10,0x10,0x22,0xDE,0x13,0x24,0xB0,0x94,
    0x70,0x02,0x52,0x74,0x72,0x69,0x67,0x67,0xCB,0x05,0x50,0xE8,
    0xA7,0xA6,0xE5,0x8F,0x4A,0x0E,0x04,0x1C,0x00,0x11,0x66,0x4B,
    0x3C,0x00,0xC5,0x0A,0x01,0x00,0x62,0x06,0x5E,0x00,0x34,0x63,
    0x6F,0x6E,0x0F,0x3D,0x03,0x5D,0x00,0x30,0x67,0x72,0x65,0xD2,
    0x2D,0x00,0x51,0x01,0x84,0x3E,0x20,0xE5,0xA4,0xA7,0xE4,0xBA,
    0x8E,0x46,0x00,0x31,0x6C,0x65,0x73,0xD1,0x05,0x57,0x3C,0x20,
    0xE5,0xB0,0x8F,0x18,0x00,0x10,0x65,0xA3,0x2A,0x00,0x31,0x00,
    0x67,0x3D,0x3D,0x20,0xE7,0xAD,0x89,0x1A,0x00,0x44,0x6E,0x6F,
    0x74,0x45,0x1D,0x00,0x6A,0x21,0x3D,0x20,0xE4,0xB8,0x8D,0x20,
    0x00,0x42,0x69,0x73,0x54,0x72,0xDA,0x63,0x00,0xB7,0x02,0x15,
    0x9C,0x74,0x29,0x53,0x69,0x73,0x46,0x61,0x6C,0xDD,0x1A,0x46,
    0xB8,0xBA,0xE5,0x81,0x7D,0x0F,0x02,0xE5,0x00,0x03,0xE7,0x30,
    0x05,0xE8,0x00,0x30,0xE5,0xB7,0xB2,0x8A,0x29,0x26,0xBD,0x8D,
    0xDA,0x00,0x00,0x43,0x0B,0x03,0xEA,0x0B,0x00,0xB2,0x05,0x20,
    0x6E,0x79,0x21,0x1D,0x01,0x62,0x11,0x02,0x18,0x3A,0x03,0x58,
    0x02,0x00,0x64,0x01,0x02,0x20,0x00,0x03,0x19,0x1B,0x02,0x1E,
    0x00,0x22,0x20,0x2D,0x11,0x56,0x01,0x53,0x37,0x00,0xDB,0x00,
    0x21,0x2D,0x3E,0x3E,0x1C,0x06,0x7F,0x1B,0x09,0x17,0x1F,0x07,
    0x2F,0x00,0x22,0x63,0x6C,0x1C,0x10,0x02,0x5F,0x02,0x02,0xAD,
    0x45,0x07,0xA5,0x22,0x0B,0x2C,0x47,0x00,0xE1,0x18,0x38,0x32,
    0x66,0x7D,0x96,0x05,0x26,0x6F,0x70,0x8D,0x22,0x23,0x20,0x20,
    0x3D,0x60,0x05,0xFF,0x02,0x0A,0x20,0x21,0x01,0x20,0x32,0x23,
    0x45,0x6E,0x0F,0x66,0x02,0xE7,0x31,0x64,0xE5,0x85,0xA5,0xE5,
    0x8F,0xA3,0xB4,0x01,0x40,0x61,0x64,0x64,0x54,0x05,0x12,0x10,
    0x69,0x28,0x5C,0x61,0x46,0x72,0x6F,0x6D,0x48,0x65,0xE6,0x1B,
    0x40,0x22,0xE4,0xBB,0x8E,0x2F,0x29,0x22,0xA4,0x84,0x67,0x03,
    0x64,0xE8,0xBF,0x87,0xE6,0xB8,0xA1,0x36,0x00,0x11,0x64,0x85,
    0x17,0x05,0x32,0x01,0x02,0x86,0x17,0x0A,0x32,0x01,0x02,0x23,
    0x00,0x06,0x5C,0x00,0x00,0x25,0x01,0x02,0x28,0x00,0x03,0x4B,
    0x00,0x05,0xB3,0x00,0x12,0x73,0x88,0x10,0x06,0x8D,0x01,0x0F,
    0x68,0x0D,0x04,0x01,0xEA,0x02,0x05,0xD4,0x0B,0x0A,0x1D,0x09,
    0x00,0xF6,0x03,0x01,0xBD,0x01,0x0A,0x85,0x00,0x01,0x01,0x0E,
    0x01,0xDB,0x00,0x00,0x7F,0x00,0x0C,0x79,0x00,0x05,0xEE,0x68,
    0x02,0xE9,0x0A,0x14,0x65,0x28,0x01,0x0A,0x22,0x01,0x0F,0xB1,
    0x01,0x01,0x04,0x08,0x01,0x0B,0xAE,0x01,0x04,0x17,0x00,0x00,
    0xA5,0x01,0x00,0x71,0x00,0x03,0x9D,0x01,0x03,0x44,0x02,0x31,
    0x6E,0x6F,0x41,0xCC,0x53,0x36,0x69,0x6F,0x6E,0x47,0x44,0x35,
    0xEF,0xBC,0x88,0x13,0x2E,0x02,0x13,0x02,0x02,0xBE,0x2F,0x00,
    0x02,0x12,0x05,0x22,0x01,0x01,0xFA,0x00,0x06,0x20,0x01,0x21,
    0x61,0x64,0x64,0x04,0x02,0x99,0x01,0x0A,0x08,0x01,0x03,0xE5,
    0x03,0x04,0xC3,0x0A,0x35,0xEF,0xBC,0x88,0x04,0x03,0x09,0x52,
    0x00,0x09,0x19,0x01,0x03,0xDA,0x03,0x10,0x72,0x0C,0x4E,0x00,
    0xB7,0x00,0x77,0x7B,0x7D,0x20,0x20,0x2D,0x3E,0x20,0x96,0x02,
    0x09,0xBC,0x36,0x5A,0x8C,0x81,0xE7,0xBB,0xAD,0x24,0x0C,0x04,
    0x20,0x00,0x06,0xEF,0x1D,0x48,0x25,0x2E,0x32,0x66,0xD7,0x36,
    0x65,0x68,0x61,0x73,0x45,0x78,0x69,0xD9,0x49,0x02,0x56,0x4C,
    0x00,0xFF,0x4C,0x2A,0x87,0xBA,0x4B,0x00,0x17,0x65,0x26,0x00,
    0x0F,0x20,0x00,0x01,0x00,0x92,0x04,0x01,0xD2,0x01,0x05,0x09,
    0x0C,0x31,0xE6,0x9D,0xA1,0x99,0x24,0x12,0x88,0xA5,0x47,0x00,
    0x80,0x2C,0x80,0x83,0xA8,0xE6,0xBB,0xA1,0xE8,0xB6,0xB3,0xF4,
    0x00,0x03,0x7E,0x01,0x01,0x44,0x01,0x65,0x50,0x6C,0x61,0x63,
    0x65,0x68,0x75,0x36,0x00,0x34,0x00,0x01,0x0C,0x0E,0x07,0x28,
    0x00,0x01,0xCA,0x59,0x03,0x63,0x00,0x00,0x0D,0x01,0x02,0xFF,
    0x02,0x02,0x64,0x00,0x01,0x3E,0x04,0x01,0xC3,0x06,0x18,0x63,
    0x4A,0x36,0x00,0x40,0x01,0x01,0x82,0x02,0x01,0x82,0x4F,0x00,
    0x0E,0x00,0x00,0xE1,0x2B,0x05,0x79,0x09,0x01,0x46,0x00,0x01,
    0x79,0x06,0x02,0x22,0x3D,0x02,0xCF,0x05,0x00,0x22,0x0C,0x03,
    0x9B,0x00,0x0F,0xA3,0x06,0x00,0x32,0xE6,0xBA,0x90,0x2D,0x00,
    0x09,0xA0,0x06,0x00,0x34,0x09,0x02,0x23,0x06,0x00,0x54,0x00,
    0x02,0x1D,0x06,0x02,0x27,0x00,0x0D,0x54,0x00,0x00,0x2B,0x00,
    0x01,0x26,0x02,0x05,0x8A,0x06,0x0F,0x53,0x00,0x03,0x04,0x99,
    0x24,0x11,0x52,0x01,0x28,0x02,0x59,0x00,0x05,0x33,0x00,0x38,
    0xE5,0xB9,0xB6,0xDF,0x0A,0x02,0xF2,0x16,0x02,0xB7,0x18,0x07,
    0xBF,0x00,0x00,0x53,0x0C,0x2F,0x65,0x72,0x41,0x00,0x11,0x06,
    0x91,0x09,0x27,0xBA,0x93,0x41,0x00,0x24,0x72,0x65,0x67,0x31,
    0x00,0xD7,0x00,0x02,0xAA,0x08,0x00,0x4E,0x11,0x20,0xAF,0xBC,
    0x0B,0x3E,0x04,0xA0,0x38,0x07,0x31,0x00,0x22,0x6E,0x6F,0x51,
    0x21,0x02,0x02,0x2E,0x00,0x35,0x00,0x30,0xE6,0x9C,0xAA,0x1E,
    0x38,0x23,0xAD,0xA4,0x0F,0x01,0x53,0x88,0xB7,0xE6,0x96,0xB0,
    0xEA,0x43,0x01,0x47,0x00,0x02,0xA1,0x26,0x00,0x44,0x00,0x05,
    0x56,0x03,0x19,0x64,0x62,0x0F,0x03,0xB7,0x01,0x05,0x89,0x13,
    0x02,0x6E,0x0F,0x04,0xD2,0x03,0x23,0x6E,0x6F,0x01,0x38,0x0E,
    0x87,0x0F,0x03,0xC5,0x01,0x00,0x65,0x2C,0x05,0x14,0x22,0x31,
    0xE7,0xAC,0xAC,0xDB,0x48,0x22,0xA1,0x8C,0xC0,0x01,0x05,0x74,
    0x00,0x00,0x1D,0x16,0x0F,0x79,0x29,0x18,0x04,0x1A,0x01,0x00,
    0xE3,0x00,0x03,0x8A,0x01,0x01,0xCE,0x00,0x01,0x89,0x02,0x00,
    0x79,0x00,0x22,0x22,0x68,0x69,0x28,0x03,0xBE,0x00,0x00,0x4A,
    0x02,0x00,0xC5,0x05,0x20,0x43,0x6F,0x96,0x67,0x62,0x74,0x42,
    0x72,0x6F,0x77,0x73,0xAC,0x07,0x02,0x77,0x47,0x98,0xE5,0xAE,
    0xB9,0xE6,0xB5,0x8F,0xE8,0xA7,0x88,0xED,0x38,0x02,0x2D,0x61,
    0x35,0xE6,0x88,0x96,0x9F,0x01,0x00,0x27,0x01,0x00,0x5E,0x00,
    0x01,0x89,0x10,0x02,0x8E,0x38,0x11,0x53,0xB7,0x18,0x02,0xA2,
    0x01,0x05,0xF7,0x1C,0x05,0x53,0x02,0x00,0x31,0x00,0x00,0xE4,
    0x00,0x00,0x1C,0x03,0x61,0x0A,0x22,0x61,0x69,0x43,0x68,0x4F,
    0x08,0x00,0x96,0x00,0x61,0x22,0x77,0x65,0x6C,0x63,0x6F,0x79,
    0x35,0x00,0x0F,0x00,0x01,0xB6,0x2A,0x33,0x65,0x65,0x74,0x84,
    0x0E,0x61,0xE4,0xBD,0xA0,0xE5,0xA5,0xBD,0x07,0x4C,0x10,0x91,
    0x93,0x4B,0x00,0x48,0x23,0x40,0x8C,0xE4,0xBD,0xA0,0xBE,0x0B,
    0x01,0x13,0x0B,0x00,0xBE,0x0B,0x80,0x86,0x85,0xE5,0x8A,0xA9,
    0xE6,0x89,0x8B,0x66,0x00,0x03,0x97,0x00,0x84,0x63,0x61,0x70,
    0x61,0x62,0x69,0x6C,0x69,0x26,0x63,0xC0,0xE6,0x88,0x91,0xE5,
    0x8F,0xAF,0xE4,0xBB,0xA5,0xE5,0xB8,0xAE,0x54,0x00,0x52,0x88,
    0xB6,0xE4,0xBD,0x9C,0x4C,0x15,0x63,0xE2,0x80,0x94,0xE2,0x80,
    0x94,0x4E,0x00,0x01,0xBC,0x36,0x00,0x72,0x38,0x14,0xAE,0x70,
    0x17,0xF5,0x01,0xBC,0x96,0xE5,0x86,0x99,0xE5,0x92,0x8C,0xE8,
    0xB0,0x83,0xE8,0xAF,0x95,0x20,0x4C,0x9C,0x4C,0x00,0xA5,0x17,
    0x20,0x88,0x9B,0x47,0x00,0x01,0x41,0x67,0x32,0xE4,0xB8,0x8E,
    0x00,0x03,0x02,0x87,0x1B,0x00,0x2E,0x25,0xE2,0xB9,0xB6,0xE8,
    0xA7,0xA3,0xE7,0xAD,0x94,0xE5,0x85,0xB3,0xE4,0xBA,0x8E,0xAD,
    0x36,0x00,0xFB,0x10,0x57,0x97,0xAE,0xE9,0xA2,0x98,0xAD,0x00,
    0x66,0x65,0x78,0x61,0x6D,0x70,0x6C,0x1E,0x02,0x30,0xE8,0xAF,
    0x95,0x03,0x00,0x20,0xBF,0x99,0xFA,0x43,0x75,0xA4,0xBA,0xE4,
    0xBE,0x8B,0xEF,0xBC,0x50,0x3F,0x03,0x2D,0x00,0x00,0xF2,0x01,
    0xF2,0x00,0xE5,0x9C,0xA8,0xE7,0x8E,0xA9,0xE5,0xAE,0xB6,0xE4,
    0xB8,0x8A,0xE6,0x96,0xB9,0x8A,0x04,0x03,0x7D,0x1C,0x01,0x8C,
    0x54,0x01,0x7D,0x3A,0x01,0x88,0x00,0xF8,0x01,0xAE,0xA9,0xE5,
    0xAE,0x83,0xE8,0xBD,0xBB,0xE5,0xBE,0xAE,0xE9,0x97,0xAA,0xE7,
    0x83,0xE7,0x38,0x42,0x75,0x73,0x65,0x45,0x82,0x00,0x00,0x55,
    0x00,0x03,0xB1,0x11,0x22,0xAD,0xA4,0x7A,0x00,0x06,0x4A,0x02,
    0x00,0xDE,0x1E,0x13,0x6B,0x97,0x01,0x82,0xE6,0x80,0x9D,0xE8,
    0x80,0x83,0xE4,0xB8,0x00,0x03,0x30,0x22,0x79,0x6F,0xCA,0x29,
    0x32,0x22,0xE4,0xBD,0x47,0x2E,0x00,0xAD,0x15,0x04,0x54,0x65,
    0x52,0xE9,0x87,0x8D,0xE5,0x90,0xE3,0x06,0x44,0x22,0x6E,0x65,
    0x77,0xF9,0x01,0x02,0xEA,0x02,0x03,0x07,0x19,0x00,0xCC,0x03,
    0x10,0xBB,0x3A,0x39,0x30,0xE8,0xAF,0x9D,0xF0,0x06,0x01,0x0F,
    0x0C,0x60,0xE5,0x8E,0x86,0xE5,0x8F,0xB2,0x79,0x05,0x03,0xCA,
    0x02,0x12,0x73,0x8A,0x2D,0x0A,0x3B,0x00,0x55,0xE5,0x81,0x9C,
    0xE6,0xAD,0x36,0x60,0x22,0x73,0x65,0xBD,0x55,0x0A,0x23,0x00,
    0x90,0x8F,0x91,0xE9,0x80,0x81,0xEF,0xBC,0x88,0x45,0x09,0x2A,
    0x07,0x51,0x00,0x00,0xE8,0x0D,0x12,0x6F,0xFF,0x02,0x10,0x7B,
    0xC0,0x16,0x02,0x16,0x29,0x01,0x26,0x00,0x12,0x20,0x35,0x00,
    0x92,0x20,0xC2,0xB7,0x20,0x43,0x74,0x72,0x6C,0x2B,0x15,0x00,
    0x63,0xE6,0x8D,0xA2,0xE8,0xA1,0x8C,0xB1,0x53,0x07,0x3D,0x28,
    0xA0,0x20,0x22,0x61,0x67,0x65,0x6E,0x74,0x44,0x69,0x73,0xD6,
    0x5E,0x01,0x56,0x05,0xF0,0x00,0xE6,0x99,0xBA,0xE8,0x83,0xBD,
    0xE4,0xBD,0x93,0xE5,0x8A,0x9F,0xE8,0x83,0xBD,0x60,0x0A,0x22,
    0xA6,0x81,0x37,0x3E,0x00,0x50,0x32,0x53,0x9C,0xA8,0xE2,0x80,
    0x9C,0x73,0x02,0x22,0x99,0xA8,0x6B,0x23,0x30,0xE2,0x80,0x9D,
    0x5E,0x19,0x01,0x19,0x2A,0x06,0x3F,0x00,0xB0,0x90,0x8E,0xE5,
    0x86,0x8D,0xE8,0x81,0x8A,0xE5,0xA4,0xA9,0x32,0x02,0x05,0x0C,
    0x01,0x0A,0x4D,0x06,0x66,0x6C,0x61,0x75,0x6E,0x63,0x68,0xFB,
    0x05,0x00,0x05,0x0C,0x22,0xB3,0x95,0xD0,0x66,0xD2,0x20,0xE2,
    0x80,0x9C,0x63,0x6C,0x61,0x75,0x64,0x65,0xE2,0x80,0x9D,0x80,
    0x00,0x30,0xE7,0xA1,0xAE,0xF3,0x58,0xA1,0xB7,0xB2,0xE5,0xAE,
    0x89,0xE8,0xA3,0x85,0x20,0x43,0x1F,0x00,0xF0,0x05,0x20,0x43,
    0x4C,0x49,0x20,0xE5,0xB9,0xB6,0xE5,0x9C,0xA8,0x20,0x50,0x41,
    0x54,0x48,0x20,0xE4,0xB8,0xAD,0x74,0x00,0x03,0x53,0x03,0x08,
    0x64,0x00,0x07,0x62,0x0A,0x26,0x2D,0x20,0x94,0x49,0x0F,0x4E,
    0x00,0x0D,0x37,0xEF,0xBC,0x9F,0x50,0x02,0x02,0x86,0x0C,0x03,
    0xF5,0x03,0x04,0xFD,0x54,0x04,0x9D,0x42,0x02,0x67,0x1C,0x01,
    0x5F,0x02,0x01,0x44,0x0B,0x81,0x70,0x75,0x74,0x50,0x72,0x65,
    0x66,0x69,0x84,0x46,0x00,0x82,0x12,0x01,0x38,0x40,0x04,0x20,
    0x00,0x57,0x72,0x65,0x73,0x75,0x6C,0x21,0x00,0x60,0xE7,0xBB,
    0x93,0xE6,0x9E,0x9C,0x36,0x03,0x00,0x76,0x04,0x00,0xC1,0x00,
    0x00,0x70,0x33,0x01,0x84,0x37,0x01,0xB6,0x07,0x03,0x75,0x00,
    0x00,0x6E,0x05,0x04,0x84,0x02,0x04,0xB1,0x01,0x6A,0xE6,0x9D,
    0x83,0xE9,0x99,0x90,0x55,0x25,0x20,0x68,0x65,0xC2,0x06,0x00,
    0x1E,0x03,0x0F,0x1E,0x00,0x01,0x02,0x8D,0x01,0x07,0x3F,0x11,
    0x38,0x41,0x49,0x20,0x28,0x00,0x02,0xE3,0x05,0x00,0x85,0x00,
    0x32,0x20,0x20,0x22,0x9D,0x6B,0x10,0x7B,0x4F,0x01,0x03,0x80,
    0x58,0x86,0xE8,0xAF,0xA2,0xE9,0x97,0xAE,0x22,0x2C,0x83,0x02,
    0x62,0xE6,0xAF,0x8F,0xE6,0xAC,0xA1,0x1F,0x02,0x00,0xFF,0x50,
    0x50,0x89,0xA7,0xE8,0xA1,0x8C,0x88,0x46,0x82,0xBB,0xA4,0xE5,
    0x89,0x8D,0xE5,0x85,0x88,0x33,0x00,0x00,0x9C,0x01,0x02,0xDD,
    0x00,0x00,0x58,0x00,0x81,0x63,0x63,0x65,0x70,0x74,0x45,0x64,
    0x69,0xC5,0x29,0x08,0x60,0x00,0x62,0xE6,0x8E,0xA5,0xE5,0x8F,
    0x97,0x4E,0x00,0x08,0x66,0x00,0x02,0xA7,0x10,0x02,0x1E,0x00,
    0x02,0x16,0x07,0x02,0x24,0x00,0xC0,0xEF,0xBC,0x9B,0xE5,0x85,
    0xB6,0xE4,0xBD,0x99,0xE6,0x93,0x8D,0x55,0x3F,0x52,0xBB,0x8D,
    0xE9,0x9C,0x80,0x32,0x02,0x09,0x72,0x00,0x40,0x70,0x6C,0x61,
    0x6E,0x74,0x0A,0x08,0xCB,0x00,0x41,0xA7,0x84,0xE5,0x88,0xCD,
    0x66,0x04,0x4E,0x03,0x32,0xE4,0xBB,0x85,0x15,0x00,0x20,0x20,
    0x2D,0xBE,0x0D,0x02,0xCB,0x00,0x02,0x78,0x07,0x02,0x6E,0x00,
    0x32,0xE6,0x88,0x96,0xDA,0x00,0x09,0x5C,0x00,0x20,0x62,0x79,
    0xE9,0x20,0x0C,0x5E,0x00,0x01,0x6E,0x13,0x08,0xC3,0x00,0xF2,
    0x00,0xE4,0xB8,0x8D,0xE6,0x8F,0x90,0xE7,0xA4,0xBA,0xE7,0x9B,
    0xB4,0xE6,0x8E,0xA5,0x5E,0x00,0x02,0x31,0x63,0x02,0xBD,0x00,
    0x00,0xE0,0x0A,0x82,0xAF,0xB7,0xE8,0xB0,0xA8,0xE6,0x85,0x8E,
    0xD9,0x04,0x32,0xEF,0xBC,0x89,0x6A,0x00,0x00,0x19,0x02,0x00,
    0x8F,0x06,0x04,0x7A,0x2E,0x30,0x53,0x65,0x74,0x75,0x06,0x00,
    0xA1,0x0E,0x00,0x1E,0x02,0x06,0xE9,0x07,0x02,0xB8,0x05,0x02,
    0xA4,0x03,0x01,0x70,0x02,0x0F,0x07,0x16,0x03,0x01,0x2F,0x27,
    0x04,0x4E,0x19,0x01,0x16,0x51,0x05,0x08,0x64,0x00,0xD4,0x04,
    0x00,0x31,0x53,0x02,0x6C,0x0A,0x00,0x1E,0x05,0x00,0x76,0x27,
    0x12,0x44,0x22,0x19,0x00,0x71,0x00,0x73,0x22,0xE6,0x81,0xA2,
    0xE5,0xA4,0x8D,0x8A,0x5C,0x03,0x24,0x19,0x40,0x22,0x6E,0x61,
    0x76,0x02,0x01,0x02,0x7D,0x0C,0x03,0xA6,0x00,0x00,0x84,0x02,
    0x02,0x91,0x00,0x01,0x8B,0x00,0x00,0xD8,0x02,0x02,0xA4,0x5C,
    0x04,0xE7,0x25,0x02,0x1D,0x00,0x07,0xC8,0x64,0x01,0x71,0x00,
    0x00,0x45,0x2E,0x07,0xE1,0x00,0x12,0x22,0xAA,0x06,0x07,0xD4,
    0x00,0x00,0xD0,0x04,0x41,0x75,0x69,0x6C,0x64,0x07,0x3E,0x02,
    0x93,0x00,0x20,0x9E,0x84,0x74,0x4F,0x01,0x11,0x07,0x05,0x6C,
    0x00,0x54,0x61,0x63,0x6B,0x61,0x67,0x04,0x06,0x55,0x89,0x93,
    0xE5,0x8C,0x85,0x1B,0x00,0x42,0x6C,0x75,0x67,0x69,0x68,0x1E,
    0x34,0xE6,0x8F,0x92,0xD6,0x64,0x00,0x31,0x38,0x32,0x6E,0x67,
    0x69,0x1C,0x09,0x55,0xE5,0xBC,0x95,0xE6,0x93,0x0D,0x10,0x02,
    0xD8,0x3A,0x01,0xE8,0x1F,0x37,0xE9,0x80,0x9A,0x80,0x2A,0x02,
    0xAE,0x00,0x04,0x65,0x00,0x01,0x50,0x24,0x04,0x65,0x00,0x04,
    0x87,0x1B,0x02,0xA1,0x00,0x01,0x77,0x07,0x04,0x1B,0x00,0x02,
    0xAA,0x54,0x03,0x36,0x00,0x02,0xB2,0x08,0x10,0x22,0xE3,0x01,
    0x00,0x77,0x03,0x22,0x22,0x69,0x1D,0x01,0x00,0xD8,0x01,0x00,
    0x13,0x09,0x05,0xCE,0x03,0x0F,0x2D,0x01,0x01,0x03,0x69,0x01,
    0x04,0x88,0x04,0x02,0x23,0x00,0x04,0x95,0x6D,0x02,0x8C,0x01,
    0x10,0x61,0x9E,0x0D,0x22,0x52,0x6F,0x8D,0x2C,0x02,0x8F,0x0D,
    0x05,0x7E,0x3E,0x04,0x24,0x00,0x12,0x64,0xDE,0x01,0x01,0x50,
    0x01,0x01,0xB5,0x01,0x02,0xDC,0x01,0x09,0x4F,0x01,0x00,0x02,
    0x28,0x01,0x1B,0x38,0x15,0x4C,0x32,0x12,0x00,0xEC,0x0D,0x01,
    0xB1,0x24,0x02,0x78,0x00,0x06,0xC3,0x00,0x02,0x16,0x01,0x06,
    0x10,0x02,0x07,0x93,0x04,0x01,0x23,0x01,0x0A,0xCC,0x01,0x00,
    0x3C,0x14,0x3B,0x69,0x6E,0x67,0x3E,0x30,0x03,0x72,0x03,0x01,
    0x30,0x00,0x07,0x0C,0x34,0x00,0x2D,0x00,0x22,0x6F,0x72,0xC1,
    0x09,0x02,0x1F,0x05,0x03,0x2A,0x00,0x00,0xBF,0x6B,0x03,0x0A,
    0x6B,0x02,0xF9,0x00,0x05,0x14,0x20,0x30,0x4F,0x75,0x74,0xD0,
    0x0A,0x01,0xD9,0x00,0x01,0x22,0x00,0x55,0xE8,0xBD,0xAE,0xE5,
    0xBB,0xE9,0x30,0x12,0x6F,0x1F,0x00,0x04,0x84,0x1F,0x12,0x22,
    0x1E,0x00,0x03,0xE6,0x1E,0x00,0x92,0x01,0x00,0x00,0x0D,0x02,
    0x24,0x00,0x71,0x54,0x68,0x69,0x63,0x6B,0x6E,0x65,0xED,0x03,
    0x03,0x28,0x00,0x64,0xE7,0xB2,0x97,0xE7,0xBB,0x86,0x74,0x00,
    0x00,0xB8,0x74,0x70,0x4F,0x70,0x61,0x63,0x69,0x74,0x79,0x6F,
    0x00,0x02,0xBA,0x74,0x97,0xE4,0xB8,0x8D,0xE9,0x80,0x8F,0xE6,
    0x98,0x8E,0xB5,0x2B,0x47,0x65,0x64,0x67,0x65,0x29,0x00,0x69,
    0xE8,0xBE,0xB9,0xE7,0xBC,0x98,0x29,0x00,0x05,0x10,0x02,0x00,
    0x15,0x24,0x06,0xEB,0x02,0x0D,0x17,0x02,0x0F,0xFB,0x02,0x01,
    0x33,0x61,0x64,0x64,0xB1,0x03,0x00,0x86,0x00,0x02,0xF5,0x0D,
    0x02,0xB0,0x03,0x04,0xA9,0x00,0x3A,0x61,0x64,0x64,0xB6,0x20,
    0x01,0x24,0x00,0x04,0x1E,0x00,0x21,0x6E,0x6F,0x0B,0x02,0x14,
    0x73,0xA8,0x03,0x02,0xF2,0x2E,0x00,0x13,0x1A,0x28,0xBD,0xAE,
    0x70,0x00,0x32,0xE3,0x80,0x82,0x5D,0x00,0x03,0x5A,0x3B,0x22,
    0xBB,0xA5,0xCF,0x63,0x02,0x6E,0x03,0x30,0xE6,0xA0,0xB9,0x8B,
    0x0A,0x05,0xD2,0x2F,0x01,0x4F,0x02,0x60,0xE7,0xB4,0xA2,0xE5,
    0xBC,0x95,0xD6,0x04,0x03,0x5B,0x01,0x32,0x61,0x6C,0x69,0x5F,
    0x65,0x64,0xE5,0x88,0xAB,0xE5,0x90,0x8D,0x83,0x00,0x01,0x79,
    0x24,0x00,0xBE,0x00,0x02,0x5B,0x00,0x04,0x17,0x00,0x14,0x6F,
    0x62,0x6C,0x0A,0xB4,0x29,0x02,0x82,0x28,0x05,0xAF,0x00,0x01,
    0x97,0x08,0x38,0xE7,0x9A,0x84,0xAC,0x00,0x62,0xE5,0xB0,0x86,
    0xE6,0x8C,0x89,0x4E,0x00,0x02,0x85,0x00,0x02,0x43,0x00,0x00,
    0x36,0x06,0x22,0xB8,0xBA,0xA1,0x29,0x00,0xB2,0x00,0x05,0x4C,
    0x25,0x05,0x81,0x01,0x08,0x49,0x04,0x0E,0x7F,0x01,0x01,0xEB,
    0x00,0x04,0x9F,0x00,0x02,0x2B,0x00,0x14,0x65,0x90,0x03,0x3A,
    0xE5,0x8C,0x85,0x8D,0x03,0x03,0x20,0x00,0x81,0x4D,0x61,0x6E,
    0x69,0x66,0x65,0x73,0x74,0xE0,0x00,0x84,0x8C,0x85,0xE6,0xB8,
    0x85,0xE5,0x8D,0x95,0x44,0x00,0x03,0x00,0x04,0x16,0x22,0x39,
    0x01,0x22,0x8C,0x85,0x0F,0x06,0x60,0xE5,0x90,0x8C,0xE5,0x90,
    0x8D,0x5E,0x69,0x01,0x9A,0x06,0x02,0x08,0x07,0x70,0xE5,0x92,
    0x8C,0x20,0x56,0x50,0x4B,0x52,0x01,0x06,0xB2,0x00,0x05,0xE0,
    0x04,0x0E,0xB0,0x00,0x09,0xF0,0x04,0x04,0x6C,0x00,0x02,0x06,
    0x05,0x81,0xE4,0xBD,0x8D,0xE4,0xBA,0x8E,0x20,0x3C,0x33,0x04,
    0x73,0x2D,0x72,0x6F,0x6F,0x74,0x3E,0x2F,0x4B,0x00,0xA4,0xEF,
    0xBC,0x88,0xE4,0xBE,0x8B,0xE5,0xA6,0x82,0x20,0x64,0x2A,0x16,
    0x73,0x1B,0x00,0x10,0x89,0xE7,0x0C,0x52,0xBB,0xA5,0xE4,0xBE,
    0xBF,0xF9,0x01,0x32,0xE8,0xBF,0x9B,0x12,0x04,0x00,0x99,0x00,
    0x32,0xEF,0xBC,0x8C,0x7B,0x02,0x01,0xAE,0x13,0x00,0xDE,0x71,
    0x32,0xE3,0x80,0x82,0x32,0x11,0x62,0xE6,0x9F,0x90,0xE4,0xB8,
    0xAA,0x7C,0x00,0x00,0xAC,0x42,0x53,0xAB,0x8B,0xE5,0x8D,0xB3,
    0x9C,0x19,0x01,0xDA,0x09,0x62,0xE4,0xB8,0x8B,0xE6,0xAC,0xA1,
    0x1A,0x0A,0x00,0xA7,0x37,0x01,0x6D,0x04,0x00,0x3F,0x00,0x52,
    0x8E,0x9F,0xE7,0x94,0x9F,0x39,0x00,0x30,0xE4,0xBB,0x85,0x03,
    0x09,0x10,0xA1,0x95,0x6C,0x00,0x65,0x76,0x10,0x8F,0x8F,0x53,
    0x04,0x4C,0x01,0x00,0xEA,0x0E,0x10,0x46,0x5E,0x6A,0x01,0x6A,
    0x01,0x22,0x9C,0xA8,0x60,0x1B,0x10,0xAD,0x3F,0x53,0x01,0xDE,
    0x53,0x02,0x43,0x00,0x04,0x2E,0x00,0x45,0x70,0x72,0x6F,0x76,
    0x29,0x74,0x59,0x8F,0x90,0xE4,0xBE,0x9B,0x0E,0x09,0x44,0x6E,
    0x6F,0x74,0x53,0x56,0x53,0x00,0x50,0x00,0x00,0x52,0x14,0x01,
    0x71,0x00,0x04,0x4B,0x58,0x00,0xE2,0x07,0x41,0x94,0xAF,0xE6,
    0x8C,0xB0,0x0C,0x05,0x8D,0x01,0x02,0x72,0x09,0x06,0x0D,0x05,
    0x17,0x63,0x05,0x19,0x10,0xA1,0x71,0x59,0x02,0x0E,0x05,0x00,
    0xD1,0x17,0x50,0x9B,0xB4,0xE6,0x94,0xB9,0xCA,0x01,0x03,0x1C,
    0x03,0x01,0xF3,0x2E,0x00,0x6B,0x00,0x02,0x4F,0x01,0x05,0x29,
    0x00,0x02,0xFB,0x2E,0x07,0x29,0x00,0x0E,0x21,0x11,0x08,0x32,
    0x00,0x0B,0x29,0x00,0x06,0x7A,0x0B,0x08,0x25,0x00,0x02,0x81,
    0x11,0x08,0x51,0x55,0x00,0xC2,0x00,0x01,0x75,0x08,0x04,0x74,
    0x05,0x0F,0x74,0x08,0x04,0x05,0x80,0x05,0x02,0xA0,0x00,0x01,
    0x4E,0x01,0x0F,0x77,0x08,0x11,0x01,0xDE,0x00,0x23,0x54,0x6F,
    0xAA,0x04,0x02,0x27,0x07,0x0F,0x5B,0x08,0x0E,0x0F,0x8A,0x07,
    0x06,0x64,0x61,0x70,0x70,0x65,0x61,0x72,0xF9,0x76,0x55,0xE5,
    0xA4,0x96,0xE8,0xA7,0x48,0x01,0x00,0xFC,0x79,0x01,0x60,0x00,
    0x04,0x62,0x7A,0x02,0x22,0x06,0x04,0x0F,0x3D,0x00,0x89,0x0A,
    0x01,0x8A,0x3A,0x01,0x34,0x62,0x25,0x83,0xA8,0xD1,0x00,0x04,
    0x29,0x00,0x43,0x61,0x69,0x41,0x67,0x38,0x52,0x30,0x41,0x49,
    0x20,0x68,0x49,0x25,0x90,0x86,0x1C,0x00,0x20,0x64,0x76,0x75,
    0x00,0x01,0x49,0x0D,0x37,0xE9,0xAB,0x98,0xA8,0x42,0x91,0x66,
    0x69,0x6C,0x65,0x73,0x50,0x61,0x74,0x68,0x7B,0x00,0x02,0xAE,
    0x03,0x32,0xE4,0xB8,0x8E,0x55,0x4A,0x04,0x3F,0x00,0x00,0xF0,
    0x26,0x12,0x6F,0xCD,0x0E,0x02,0x3C,0x05,0x34,0xE5,0x8F,0xB0,
    0x1C,0x00,0x61,0x70,0x72,0x69,0x76,0x61,0x63,0x4A,0x06,0x57,
    0xE9,0x9A,0x90,0xE7,0xA7,0x19,0x1A,0x09,0xEE,0x00,0x0D,0xE5,
    0x03,0x0A,0xFE,0x00,0x01,0x65,0x3F,0x31,0x54,0x68,0x65,0xB7,
    0x10,0x12,0x22,0xD9,0x06,0x52,0xE4,0xB8,0xBB,0xE9,0xA2,0x8E,
    0x6E,0x01,0x5B,0x36,0x22,0x63,0x6B,0x40,0x7A,0x00,0x6D,0x02,
    0x37,0xE8,0x83,0x8C,0x72,0x05,0x14,0x70,0xE6,0x6A,0x0A,0xE3,
    0x6A,0x00,0xF4,0x1E,0x00,0x2D,0x00,0x0A,0xC2,0x6A,0x33,0x61,
    0x63,0x63,0x28,0x01,0x30,0xE5,0xBC,0xBA,0x85,0x10,0x06,0x93,
    0x1F,0x00,0xD5,0x26,0x21,0x69,0x63,0x31,0x16,0x32,0x53,0x63,
    0x61,0xF2,0x00,0x02,0x83,0x1C,0x02,0xD6,0x20,0x04,0xF5,0x00,
    0x00,0x59,0x00,0x05,0x21,0x00,0x02,0x5E,0x00,0x0A,0x21,0x00,
    0x00,0x72,0x27,0x42,0x53,0x70,0x6C,0x61,0x16,0x22,0x05,0x1D,
    0x04,0x02,0x78,0x27,0x02,0x0F,0x00,0x31,0xE7,0x94,0xBB,0xB8,
    0x6F,0x03,0xE7,0x01,0x10,0x6E,0xEA,0x0E,0x05,0xAF,0x16,0x01,
    0x8E,0x01,0x02,0x81,0x04,0x02,0xA4,0x16,0x06,0xB8,0x08,0x13,
    0x74,0x25,0x01,0x03,0x51,0x01,0x31,0x64,0x61,0x72,0x41,0x39,
    0x37,0xE6,0xB7,0xB1,0xC9,0x00,0x53,0x67,0x72,0x61,0x70,0x68,
    0x02,0x52,0x56,0xE7,0x9F,0xB3,0xE5,0xA2,0x34,0x2A,0x00,0x99,
    0x31,0x01,0x15,0x01,0x27,0xB5,0x85,0x31,0x00,0x02,0x72,0x27,
    0x00,0x18,0x00,0x00,0xC6,0x0C,0x01,0x9D,0x27,0x06,0x73,0x00,
    0x04,0x9B,0x02,0x03,0x73,0x00,0x06,0x2A,0x09,0x0A,0xAB,0x02,
    0x00,0x45,0x65,0x72,0x72,0x66,0x61,0x63,0x65,0x46,0x6F,0xFA,
    0x0F,0x21,0xE7,0x95,0xF1,0x04,0x26,0xAD,0x97,0x85,0x3F,0x01,
    0x6A,0x65,0x05,0x25,0x00,0x04,0xFB,0x72,0x08,0x29,0x00,0x02,
    0x14,0x46,0x04,0x18,0x01,0x68,0x6D,0x6F,0x6E,0x6F,0x73,0x70,
    0x54,0x00,0x5A,0xAD,0x89,0xE5,0xAE,0xBD,0x79,0x00,0x09,0x25,
    0x00,0x05,0x54,0x00,0x07,0x29,0x00,0x0A,0x54,0x00,0x90,0x75,
    0x73,0x65,0x53,0x79,0x73,0x74,0x65,0x6D,0xA8,0x00,0x01,0x6A,
    0x01,0x02,0xBB,0x06,0x63,0xE7,0xB3,0xBB,0xE7,0xBB,0x9F,0x5B,
    0x00,0x00,0x59,0x04,0x00,0xE2,0x04,0x0E,0x81,0x03,0x0E,0x06,
    0x01,0x02,0xA2,0x40,0x02,0xF0,0x12,0x06,0x91,0x03,0x58,0x65,
    0x78,0x65,0x63,0x75,0x8F,0x7B,0x03,0x4E,0x0D,0x01,0x93,0x16,
    0x04,0xE0,0x00,0x04,0xDD,0x06,0x30,0xE5,0x9C,0xA8,0x5E,0x06,
    0x23,0x94,0xA8,0xEF,0x40,0x04,0x4D,0x00,0x02,0xCB,0x0D,0x95,
    0xE6,0x97,0xB6,0xEF,0xBC,0x8C,0xE7,0x94,0xB1,0xF2,0x5C,0x02,
    0x8E,0x0D,0x02,0xB8,0x00,0x00,0x3B,0x05,0x05,0xAF,0x00,0x06,
    0x07,0x04,0x0D,0xA8,0x00,0x0D,0x17,0x04,0x02,0x3F,0x3B,0x05,
    0x23,0x6E,0x02,0x70,0x02,0x02,0x3A,0x04,0x0A,0x49,0x03,0x00,
    0x9F,0x1F,0x01,0xD5,0x77,0x21,0x4D,0x63,0xF8,0x60,0x00,0x24,
    0x02,0x22,0x8A,0xA8,0xC8,0x02,0x52,0x20,0x4D,0x43,0x50,0x20,
    0xA3,0x2E,0x07,0x04,0x39,0x30,0x6D,0x63,0x70,0x33,0x70,0x24,
    0x65,0x72,0x67,0x08,0x09,0x26,0x00,0x0A,0xFE,0x0B,0x52,0x6D,
    0x63,0x70,0x48,0x6F,0x69,0x08,0x00,0x26,0x00,0x37,0xE4,0xB8,
    0xBB,0xBB,0x39,0x43,0x6D,0x63,0x70,0x50,0x90,0x15,0x00,0x1D,
    0x00,0x37,0xE7,0xAB,0xAF,0x4C,0x1B,0x75,0x63,0x6C,0x69,0x65,
    0x6E,0x74,0x48,0x7F,0x0C,0x02,0xBC,0x00,0x82,0xE5,0xAE,0xA2,
    0xE6,0x88,0xB7,0xE7,0xAB,0x25,0x13,0x00,0xC3,0x01,0x30,0x6E,
    0x64,0x70,0xC0,0x50,0x00,0xDF,0x02,0x55,0xE7,0xAB,0xAF,0xE7,
    0x82,0xC5,0x1F,0x00,0xDD,0x35,0x01,0x32,0x0D,0x00,0x9F,0x10,
    0x24,0x9E,0x8B,0x96,0x01,0x30,0x63,0x6C,0x69,0x14,0x05,0x00,
    0x30,0x00,0x00,0xC3,0x11,0x0B,0x0E,0x05,0x24,0x6C,0x69,0xC5,
    0x09,0x02,0x70,0x00,0x01,0xE7,0x11,0x00,0x89,0x24,0x01,0x35,
    0x05,0x06,0x86,0x08,0x02,0x24,0x12,0x02,0x20,0x0F,0x97,0xE7,
    0x95,0x99,0xE7,0xA9,0xBA,0xE5,0x88,0x99,0x0C,0x12,0x12,0x8A,
    0xF8,0x5B,0x22,0x20,0x27,0x29,0x00,0x10,0x27,0xC8,0x01,0x00,
    0x73,0x02,0x00,0xB2,0x15,0x96,0x75,0x61,0x72,0x64,0x72,0x61,
    0x69,0x6C,0x73,0xDD,0x00,0x02,0xF3,0x01,0x56,0xE6,0x8A,0xA4,
    0xE6,0xA0,0xC1,0x69,0x43,0x6C,0x6C,0x6F,0x77,0xF4,0x0C,0x12,
    0x4F,0xCC,0x48,0x62,0xE5,0x85,0x81,0xE8,0xAE,0xB8,0x36,0x07,
    0x02,0x33,0x00,0x04,0xD6,0x00,0x01,0x2D,0x00,0x11,0x45,0x3E,
    0x0E,0x09,0x2C,0x00,0x02,0x47,0x0E,0x0A,0x2C,0x00,0xE1,0x72,
    0x65,0x71,0x75,0x69,0x72,0x65,0x43,0x6F,0x6E,0x66,0x69,0x72,
    0x6D,0x12,0x05,0x00,0x0E,0x01,0x00,0xBA,0x15,0x40,0x85,0xA5,
    0xE5,0x89,0xC2,0x10,0x32,0xE8,0xA6,0x81,0xC5,0x10,0x04,0x60,
    0x00,0x06,0xB5,0x00,0x04,0x20,0x01,0x60,0xE6,0xAD,0xA4,0xE9,
    0xA1,0xB5,0xCF,0x48,0x41,0xAD,0x98,0xE5,0x82,0xFD,0x4F,0x20,
    0x90,0x86,0x0D,0x0A,0x00,0xCB,0x01,0x30,0xE9,0xA6,0x96,0xBF,
    0x82,0x10,0xA1,0x4D,0x08,0x06,0x48,0x0A,0x01,0x62,0x13,0x34,
    0xE3,0x80,0x81,0xA2,0x13,0x12,0x81,0xB8,0x12,0x95,0xE8,0xB0,
    0x83,0xE7,0x94,0xA8,0xE5,0x8F,0x8A,0xF8,0x06,0x02,0xB0,0x00,
    0x01,0x9E,0x05,0x45,0xB1,0xE4,0xB8,0x93,0xBA,0x02,0x03,0x8B,
    0x02,0x23,0xA4,0x84,0xC4,0x46,0x05,0x1A,0x03,0x0C,0xE4,0x08,
    0x87,0x6C,0x61,0x6E,0x67,0x75,0x61,0x67,0x65,0x82,0x21,0x65,
    0xE8,0xAF,0xAD,0xE8,0xA8,0x80,0xE6,0x08,0x09,0x5A,0x09,0x01,
    0x78,0x05,0x07,0x2C,0x00,0x05,0x89,0x00,0x02,0xA7,0x06,0x0F,
    0x35,0x00,0x03,0x01,0x3F,0x08,0x00,0x39,0x01,0x05,0x2E,0x00,
    0x02,0x80,0x08,0x02,0x73,0x19,0x37,0xE7,0xBD,0xAE,0xF4,0x01,
    0x0E,0x41,0x1A,0x0B,0x35,0x00,0x0B,0x2C,0x00,0x06,0x23,0x09,
    0x0B,0x28,0x00,0x0F,0x26,0x09,0x09,0x01,0x06,0x35,0x0F,0x26,
    0x09,0x06,0x02,0xA5,0x31,0x02,0xA3,0x00,0x01,0xD6,0x01,0x10,
    0x22,0x21,0x82,0x32,0x66,0x6F,0x72,0x7E,0x43,0x01,0x49,0x0A,
    0x02,0x18,0x00,0x30,0x61,0x72,0x63,0x60,0x06,0x10,0x63,0xE9,
    0x3C,0x00,0xE0,0x00,0x52,0xE6,0x9E,0xB6,0xE6,0x9E,0xEE,0x2F,
    0x02,0xF8,0x10,0x01,0x3A,0x02,0x18,0x67,0xC6,0x1C,0x01,0x04,
    0x0E,0x02,0xA0,0x0D,0x02,0x44,0x00,0x02,0x11,0x0D,0x30,0x54,
    0x65,0x6D,0x65,0x00,0x01,0x4C,0x1E,0x02,0x80,0x00,0x34,0xE6,
    0xA8,0xA1,0x86,0x2A,0x50,0x22,0x68,0x6F,0x73,0x74,0x62,0x2A,
    0x06,0x39,0x0D,0x02,0x1F,0x04,0x02,0x46,0x0B,0x02,0x30,0x00,
    0x00,0xED,0x51,0x01,0x30,0x49,0x00,0x7F,0x0B,0x22,0x8F,0xAF,
    0x15,0x05,0x02,0x1D,0x58,0x05,0x1A,0x01,0x0B,0x91,0x0C,0x04,
    0x4B,0x01,0x6A,0x22,0x63,0x72,0x6F,0x73,0x73,0x61,0x00,0x38,
    0xE8,0xB7,0xA8,0x5E,0x00,0x03,0xEA,0x02,0x01,0x14,0x79,0x06,
    0xA7,0x02,0x0A,0xCE,0x05,0x05,0x4F,0x00,0x02,0xD4,0x27,0x02,
    0xD5,0x4A,0x03,0x91,0x33,0x00,0x5B,0x15,0x27,0x87,0xBA,0xCC,
    0x10,0x04,0x61,0x12,0x04,0x1A,0x05,0x02,0xAB,0x03,0x07,0x13,
    0x05,0xF1,0x04,0x22,0x69,0x6E,0x63,0x6C,0x75,0x64,0x65,0x44,
    0x65,0x62,0x75,0x67,0x53,0x79,0x6D,0x62,0x6F,0x6C,0xA6,0x06,
    0x01,0xAA,0x0D,0x10,0xAB,0xB2,0x08,0x82,0xAF,0x95,0xE7,0xAC,
    0xA6,0xE5,0x8F,0xB7,0x48,0x01,0x00,0x77,0x17,0x00,0x6C,0x4C,
    0x03,0x84,0x1A,0x00,0x8F,0x01,0x03,0x3F,0x4C,0x01,0x80,0x1A,
    0x02,0x25,0x00,0x60,0x75,0x73,0x65,0x56,0x70,0x6B,0x61,0x42,
    0x01,0x4C,0x00,0x02,0x25,0x01,0x40,0x20,0x56,0x50,0x4B,0xE0,
    0x73,0x04,0x91,0x06,0x10,0x22,0x45,0x7E,0xC3,0x74,0x69,0x6F,
    0x6E,0x61,0x6C,0x41,0x72,0x67,0x75,0x6D,0x65,0x20,0x07,0x3A,
    0xE9,0x99,0x84,0xFA,0x2B,0x03,0x49,0x02,0x01,0x6B,0x00,0x01,
    0x8D,0x0E,0x02,0x65,0x00,0x02,0xD2,0x01,0x50,0x41,0x6E,0x64,
    0x52,0x75,0xCA,0x14,0x03,0x1C,0x00,0x32,0xE5,0xB9,0xB6,0x39,
    0x01,0x02,0x25,0x00,0x02,0x88,0x03,0x06,0xD8,0x04,0x02,0xC5,
    0x01,0x07,0x47,0x20,0x03,0xDA,0x1D,0x13,0x4C,0xE6,0x12,0x02,
    0x1A,0x00,0x06,0x8C,0x03,0x53,0x22,0x72,0x75,0x6E,0x6E,0x79,
    0x44,0x02,0x58,0x00,0x05,0x37,0x19,0x40,0x6C,0x61,0x73,0x74,
    0xE5,0x36,0x01,0xE9,0x0A,0x00,0xC4,0x19,0x22,0xAC,0xA1,0x5F,
    0x0F,0x07,0x3E,0x00,0x10,0x63,0xD3,0x04,0x00,0x4C,0x89,0x03,
    0x20,0x07,0x10,0x64,0xC7,0x4D,0x20,0x6F,0x70,0xEC,0x00,0x01,
    0xCF,0x00,0x51,0xBC,0x80,0xE5,0x8F,0x91,0xAA,0x00,0x00,0x6B,
    0x00,0x42,0x65,0x6C,0x65,0x61,0xF7,0x22,0x00,0xC0,0x23,0x08,
    0x9F,0x2F,0x01,0xF3,0x10,0x06,0x32,0x0D,0x06,0x15,0x09,0x02,
    0x72,0x00,0x06,0x3E,0x09,0x13,0x62,0x36,0x63,0x03,0x70,0x00,
    0x03,0x8B,0x28,0x16,0x52,0xC5,0x00,0x02,0x01,0x01,0x00,0x60,
    0x29,0x22,0x9C,0xA8,0xD1,0x00,0x04,0x50,0x02,0x02,0xD6,0x11,
    0x33,0x70,0x75,0x74,0x3B,0x78,0x01,0xD8,0x00,0x02,0x75,0x1F,
    0x68,0xE6,0x8C,0x87,0xE5,0xAE,0x9A,0x5D,0x02,0x07,0x35,0x00,
    0x05,0x08,0x13,0x00,0xD2,0x00,0x0B,0x02,0x13,0x09,0x27,0x00,
    0x1B,0x44,0x55,0x13,0x05,0x69,0x1C,0x02,0x0F,0x0F,0x02,0x8A,
    0x10,0x07,0x32,0x00,0x00,0x33,0x1A,0x40,0x50,0x6C,0x61,0x79,
    0xCB,0x33,0x00,0x5C,0x00,0x03,0xBB,0x00,0x04,0xD4,0x4B,0x02,
    0x3D,0x1A,0x02,0xA5,0x6A,0x00,0x52,0x07,0x27,0xBC,0x8F,0x3C,
    0x00,0x01,0x2D,0x18,0x28,0x6E,0x67,0xF0,0x03,0x00,0xB9,0x4F,
    0x20,0xB0,0x91,0xF1,0x0E,0x00,0x25,0x2E,0x01,0x49,0x02,0x02,
    0xFD,0x03,0x07,0x37,0x00,0x13,0x74,0x20,0x04,0x10,0x4D,0x3D,
    0x88,0x02,0xF6,0x01,0x02,0x76,0x00,0x02,0x2A,0x00,0x09,0x48,
    0x78,0x0F,0xEC,0x05,0x06,0x02,0xB8,0x52,0x32,0x4E,0x6F,0x50,
    0xDC,0x15,0x07,0xBB,0x00,0x04,0x4C,0x0E,0x0F,0x26,0x01,0x07,
    0x04,0x3C,0x00,0x01,0x6F,0x12,0x0F,0x3A,0x00,0x03,0x02,0x59,
    0x36,0x0F,0x34,0x01,0x05,0x31,0x61,0x76,0x65,0x3C,0x00,0x32,
    0x46,0x69,0x72,0xE6,0x08,0x02,0xC0,0x00,0x00,0xF1,0x01,0x01,
    0x6D,0x1B,0x00,0x29,0x2D,0x53,0xAF,0xB7,0xE5,0x85,0x88,0xB9,
    0x05,0x01,0xBA,0x04,0x06,0x7B,0x01,0x00,0xD5,0x00,0x01,0x34,
    0x31,0x02,0xE3,0x0E,0x20,0x41,0x70,0x83,0x09,0x00,0x4D,0x02,
    0x41,0x22,0x61,0x62,0x6F,0x41,0x2C,0x00,0x0D,0x00,0x08,0x61,
    0x17,0x02,0x1F,0x1D,0x85,0x20,0x56,0x75,0x6C,0x74,0x72,0x61,
    0x20,0x04,0x05,0x04,0xD5,0x02,0x52,0x70,0x72,0x6F,0x64,0x75,
    0x05,0x01,0x0F,0x23,0x00,0x05,0x33,0x76,0x65,0x72,0xD9,0x19,
    0x76,0x22,0xE7,0x89,0x88,0xE6,0x9C,0xAC,0x41,0x03,0x00,0x35,
    0x05,0x22,0x6F,0x6E,0x6F,0x2C,0x21,0x6F,0x72,0x4D,0x04,0xF0,
    0x0D,0xE8,0xB4,0xA1,0xE7,0x8C,0xAE,0xE8,0x80,0x85,0xEF,0xBC,
    0x9A,0x4C,0x61,0x7A,0x79,0x5F,0x56,0x20,0x28,0x4B,0x65,0x78,
    0x75,0x61,0x6E,0x20,0x5A,0x49,0x10,0x14,0x29,0x7A,0x00,0x52,
    0x6C,0x69,0x63,0x65,0x6E,0x4F,0x03,0x30,0xE8,0xAE,0xB8,0x03,
    0x7D,0x75,0xAF,0x81,0xEF,0xBC,0x9A,0x4D,0x49,0x78,0x42,0x51,
    0x67,0x69,0x74,0x68,0x75,0xE3,0x75,0x66,0x47,0x69,0x74,0x48,
    0x75,0x62,0x47,0x03,0x00,0x6A,0x1F,0x01,0x47,0x01,0x01,0x5A,
    0x06,0x01,0x92,0x06,0x0C,0xF8,0x00,0x00,0xDA,0x11,0x22,0xBC,
    0x80,0x3A,0x01,0x04,0x73,0x00,0x41,0x70,0x72,0x6F,0x6D,0x71,
    0x6B,0x70,0x22,0xE6,0x94,0xBE,0xE5,0xBC,0x83,0xB8,0x20,0x01,
    0x28,0x28,0x00,0x7B,0x13,0x01,0xCC,0x10,0x00,0xF2,0x4F,0x02,
    0x2D,0x22,0x22,0xAD,0xA4,0x3C,0x00,0x09,0x56,0x1B,0x02,0x2A,
    0x21,0x10,0x50,0x89,0x36,0x06,0xEE,0x03,0x05,0xCC,0x18,0x00,
    0xCB,0x01,0x01,0x51,0x45,0x36,0xE4,0xBA,0xA7,0xAC,0x00,0x02,
    0x34,0x00,0x06,0x2F,0x00,0x05,0xC8,0x3E,0x00,0x3F,0x02,0x08,
    0xC1,0x3E,0x02,0xEC,0x16,0x02,0x45,0x00,0x04,0xEB,0x18,0x00,
    0x01,0x06,0x10,0x6D,0xF2,0x06,0x36,0x69,0x6E,0x67,0xB7,0x24,
    0x03,0x36,0x00,0x08,0x6F,0x00,0x03,0x2C,0x0A,0x40,0x69,0x74,
    0x65,0x6D,0x58,0x00,0x02,0x48,0x06,0x04,0xF8,0x00,0x31,0x73,
    0x63,0x61,0x26,0x05,0x0C,0x42,0x00,0x02,0x87,0x4D,0x02,0x2C,
    0x00,0x02,0x7E,0x00,0x07,0x78,0x00,0x04,0x35,0x00,0x04,0xFD,
    0x0A,0x02,0x75,0x00,0x02,0x33,0x00,0x16,0x20,0x13,0x27,0x02,
    0xDF,0x00,0x05,0x9F,0x00,0x07,0x55,0x03,0x02,0x31,0x00,0x02,
    0xD0,0x00,0x0F,0x64,0x00,0x04,0x05,0x3D,0x00,0x0A,0x65,0x00,
    0x02,0x34,0x00,0x07,0x65,0x00,0xF3,0x00,0x66,0x69,0x6E,0x61,
    0x6C,0x69,0x7A,0x69,0x6E,0x67,0x44,0x61,0x74,0x61,0x62,0x86,
    0x05,0x03,0x61,0x00,0x52,0xAE,0x8C,0xE6,0x88,0x90,0xBF,0x00,
    0x02,0xC6,0x50,0x37,0xE5,0xBA,0x93,0xC8,0x00,0x05,0x64,0x00,
    0x10,0x43,0x7F,0x02,0x02,0x37,0x05,0x03,0x3A,0x00,0x01,0x41,
    0x01,0x60,0xE5,0x8F,0x98,0xE6,0x9B,0xB4,0xB3,0x0B,0x01,0xB9,
    0x01,0x07,0x3A,0x00,0x13,0x65,0xD5,0x71,0x02,0x5B,0x02,0x00,
    0x64,0x03,0x00,0x9B,0x18,0x02,0xFD,0x22,0x06,0x71,0x09,0x02,
    0x7A,0x00,0x02,0xB3,0x00,0x02,0x8E,0x12,0x03,0x77,0x01,0x00,
    0xBD,0x06,0xB6,0x61,0x76,0x65,0x52,0x65,0x67,0x69,0x73,0x74,
    0x72,0x79,0x32,0x00,0x02,0xDB,0x03,0x02,0x38,0x00,0x06,0x28,
    0x56,0x01,0x7D,0x04,0x06,0x3B,0x00,0x02,0xB7,0x00,0x00,0x64,
    0x85,0x09,0xD2,0x7D,0x11,0x76,0x84,0x00,0x13,0x20,0x6F,0x00,
    0x00,0x71,0x0A,0x00,0x60,0x15,0x00,0xF1,0x0A,0x20,0xB8,0x94,
    0x0C,0x00,0x01,0xFF,0x04,0x05,0x55,0x00,0x00,0x86,0x02,0x08,
    0x54,0x61,0x00,0x3D,0x2B,0x02,0x7A,0x02,0x02,0xD4,0x00,0x06,
    0xDD,0x36,0x41,0x57,0x6F,0x72,0x6B,0x5C,0x0F,0x00,0x3E,0x02,
    0x03,0x1F,0x01,0x01,0x57,0x41,0x05,0x32,0x04,0x97,0xE5,0xB7,
    0xA5,0xE4,0xBD,0x9C,0xE5,0x8C,0xBA,0x22,0x01,0x05,0xCC,0x02,
    0x03,0x4C,0x05,0x0C,0x61,0x02,0x03,0x9A,0x41,0x02,0x36,0x14,
    0x0C,0x5F,0x01,0x00,0xC5,0x03,0x04,0x38,0x02,0x0E,0xD7,0x01,
    0x02,0xC0,0x03,0x03,0x25,0x01,0x0F,0xD7,0x01,0x00,0x05,0x7B,
    0x00,0x60,0x54,0x68,0x75,0x6D,0x62,0x6E,0x1F,0x0D,0x0C,0xBB,
    0x00,0x02,0x3D,0x00,0x00,0x67,0x55,0x57,0x95,0xA5,0xE5,0x9B,
    0xBE,0xB8,0x00,0x02,0xF0,0x19,0x0F,0x3D,0x00,0x04,0x6F,0xE6,
    0xB8,0xB2,0xE6,0x9F,0x93,0x3D,0x00,0x07,0x05,0x7A,0x00,0x61,
    0x57,0x69,0x6E,0x64,0x6F,0x77,0xF6,0x04,0x0F,0x32,0x01,0x02,
    0x67,0xE7,0xAA,0x97,0xE5,0x8F,0xA3,0x77,0x00,0x03,0x7F,0x01,
    0x01,0xBA,0x04,0x07,0xAD,0x00,0x01,0x26,0x16,0x02,0x6E,0x04,
    0x3F,0x20,0x7B,0x7D,0x30,0x00,0x04,0x0D,0x5B,0x01,0x07,0x36,
    0x00,0x02,0xAC,0x00,0x07,0x39,0x00,0x03,0x5B,0x01,0x06,0x28,
    0x14,0x02,0xA0,0x00,0x02,0x54,0x01,0x05,0xD2,0x01,0x07,0x31,
    0x00,0x01,0x12,0x31,0x00,0x93,0x00,0x60,0xE5,0xB0,0xB1,0xE7,
    0xBB,0xAA,0x73,0x07,0x00,0x6B,0x06,0x00,0x56,0x04,0x0E,0xA7,
    0x38,0x0F,0x5E,0x00,0x1E,0x03,0xF8,0x00,0x0F,0xC3,0x00,0x03,
    0x0D,0xBD,0x00,0x05,0x60,0x01,0x00,0x90,0x00,0x02,0xB9,0x00,
    0x02,0x48,0x02,0x00,0xB0,0x00,0x05,0x96,0x00,0x58,0x74,0x61,
    0x73,0x6B,0x42,0xCC,0x25,0x12,0x66,0xF3,0x0E,0x30,0x46,0x50,
    0x53,0xB7,0x2B,0x07,0x98,0x44,0x71,0x63,0x70,0x75,0x43,0x61,
    0x63,0x68,0x55,0x0C,0xA7,0x43,0x50,0x55,0x20,0xE7,0xBC,0x93,
    0xE5,0xAD,0x98,0x5E,0x04,0x02,0xDF,0x29,0x4A,0x22,0x52,0x41,
    0x4D,0x15,0x00,0x00,0xA7,0x51,0x10,0x41,0x7D,0x03,0x00,0x89,
    0x00,0x02,0x1E,0x00,0x32,0x20,0x2F,0x20,0x9B,0x11,0x07,0x2A,
    0x00,0x13,0x76,0x40,0x00,0x12,0x56,0x23,0x00,0x03,0xC3,0x03,
    0x01,0x17,0x00,0x00,0x42,0x00,0x42,0x42,0x75,0x64,0x67,0xF8,
    0x0D,0x03,0x21,0x00,0x27,0x20,0x2F,0x3D,0x00,0x21,0x6A,0x6F,
    0xE1,0x06,0x55,0xE4,0xBB,0xBB,0xE5,0x8A,0xE1,0x2B,0x34,0x77,
    0x6F,0x72,0x0C,0x24,0x02,0xBC,0x0E,0x30,0xE4,0xB8,0xAD,0xFD,
    0x00,0x00,0x8F,0x01,0x00,0x56,0x04,0x00,0x98,0x5C,0x31,0x4C,
    0x6F,0x61,0xCB,0x04,0x02,0x38,0x02,0x02,0x85,0x18,0x04,0x7B,
    0x00,0x71,0x6D,0x63,0x70,0x4C,0x69,0x73,0x74,0x5F,0x03,0x00,
    0xBC,0x00,0x00,0x62,0x0F,0x02,0x49,0x01,0x50,0xE7,0x9B,0x91,
    0xE5,0x90,0x1E,0x27,0x07,0x2B,0x00,0x37,0x4E,0x6F,0x74,0x81,
    0x0A,0x01,0x2C,0x00,0x04,0xAE,0x5A,0x02,0xE2,0x1F,0x00,0x0A,
    0x25,0x04,0x84,0x12,0x30,0xE8,0xAE,0xBE,0xCC,0x2D,0x04,0x4B,
    0x23,0x0C,0xFD,0x11,0x04,0x87,0x1F,0x00,0x0B,0x48,0x08,0x5A,
    0x00,0x13,0x45,0x4B,0x05,0x0C,0x5F,0x00,0x07,0x28,0x45,0x0D,
    0xE6,0x23,0x02,0x51,0x11,0x05,0xDD,0x23,0x00,0xCC,0x04,0x10,
    0x7D,0x02,0x01,0x0E,0x0D,0x3B,0x01,0x7C,0x1B,0x00,0xF0,0x33,
    0x02,0xDE,0x05,0x03,0x13,0x01,0x04,0x71,0x30,0x04,0xEB,0x00,
    0x01,0x26,0x00,0x00,0x37,0x01,0x0B,0x26,0x00,0x03,0x3C,0x01,
    0x05,0x5A,0x02,0x02,0x94,0x0C,0x06,0xB1,0x07,0x00,0xEF,0x02,
    0x04,0xB3,0x03,0x02,0x37,0x05,0x00,0x84,0x01,0x02,0x04,0x83,
    0x1B,0x73,0x9F,0x05,0x02,0x62,0x03,0x03,0x81,0x00,0x01,0xD2,
    0x05,0x01,0x4F,0x0A,0x0F,0x86,0x83,0x02,0x00,0x02,0x00,0x09,
    0x45,0x0B,0x05,0x14,0x0A,0x00,0xC5,0x24,0x0F,0x41,0x0B,0x01,
    0x33,0xE5,0x86,0x8D,0x61,0x00,0x01,0x0E,0x36,0x02,0x67,0x00,
    0x00,0xAC,0x03,0x00,0x17,0x01,0x00,0x02,0x00,0x02,0x1B,0x02,
    0x10,0x57,0x32,0x86,0x0F,0x99,0x00,0x11,0x02,0x41,0x00,0x1F,
    0x2F,0xF3,0x83,0x0A,0x00,0x02,0x00,0x03,0xF7,0x0A,0x00,0x4B,
    0x02,0x03,0x80,0x00,0x01,0x7E,0x61,0x02,0xEE,0x06,0x08,0xC5,
    0x01,0x00,0x2E,0x04,0x06,0x87,0x01,0x04,0x81,0x01,0x02,0x67,
    0x00,0x0B,0x28,0x00,0x10,0x63,0x85,0x18,0x13,0x6C,0xD1,0x25,
    0x00,0xFF,0x0A,0x58,0x8F,0x96,0xE6,0xB6,0x88,0x5F,0x00,0x00,
    0xD9,0x00,0x01,0x11,0x17,0x01,0xF6,0x01,0x00,0xDD,0x00,0x04,
    0x3D,0x0B,0x05,0x9C,0x01,0x00,0x15,0x00,0x07,0x86,0x0C,0x0F,
    0x41,0x01,0x11,0x02,0x7D,0x07,0x02,0x93,0x00,0x00,0x62,0x00,
    0x05,0x3B,0x01,0x03,0x44,0x1E,0x05,0x8A,0x08,0x04,0xCA,0x0B,
    0x00,0x5C,0x07,0x22,0xBA,0x8E,0x37,0x00,0x00,0x9A,0x0C,0x01,
    0xFB,0x00,0x02,0x06,0x14,0x09,0x40,0x00,0x01,0x5F,0x02,0x0F,
    0x7B,0x01,0x01,0x02,0x6C,0x00,0x02,0x41,0x00,0x05,0x33,0x01,
    0x02,0x15,0x00,0x0F,0x7B,0x01,0x10,0x0E,0x0A,0x12,0x02,0x3B,
    0x00,0x0B,0x4F,0x01,0x06,0xA2,0x01,0x02,0x1F,0x00,0x0B,0x6F,
    0x00,0x02,0x1E,0x1B,0x06,0x4B,0x01,0x00,0x47,0x78,0x03,0xB8,
    0x0D,0x06,0xD3,0x02,0x50,0x6E,0x61,0x70,0x73,0x68,0xE8,0x4D,
    0x13,0x69,0x97,0x01,0x08,0xBD,0x0D,0x6B,0xE5,0xBF,0xAB,0xE7,
    0x85,0xA7,0xC0,0x00,0x03,0x2C,0x77,0xB0,0x8F,0xAF,0xE5,0xBA,
    0x8F,0xE5,0x88,0x97,0xE5,0x8C,0x96,0x4A,0x0B,0x22,0xA0,0xB9,
    0x53,0x7F,0x09,0x1F,0x01,0x10,0x65,0x20,0x28,0x02,0x44,0x02,
    0x00,0xF4,0x62,0x58,0xBF,0x9B,0xE5,0x85,0xA5,0x60,0x00,0x0A,
    0x2D,0x00,0x17,0x78,0x9E,0x35,0x03,0x88,0x2E,0x0A,0x49,0x0E,
    0x02,0xE6,0x00,0x02,0x0F,0x10,0x00,0x6F,0x13,0x01,0x88,0x1B,
    0x00,0x44,0x00,0x09,0x32,0x02,0x02,0x45,0x09,0x08,0x2F,0x02,
    0x06,0x28,0x01,0x02,0x78,0x06,0x03,0x49,0x09,0x04,0xAB,0x03,
    0x05,0x19,0x05,0x05,0x79,0x0B,0x05,0xB3,0x00,0x02,0x2A,0x00,
    0x08,0xC9,0x0A,0x02,0x83,0x01,0x09,0x71,0x00,0x12,0x70,0x08,
    0x09,0x02,0x24,0x0A,0x0F,0x78,0x00,0x03,0x08,0x42,0x00,0x02,
    0x54,0x00,0x05,0x55,0x01,0x0D,0xA6,0x01,0x02,0x4E,0x00,0x00,
    0xB4,0x04,0x08,0x4C,0x00,0x01,0x03,0x0A,0x00,0x52,0x17,0x0E,
    0xBE,0x87,0x02,0x5D,0x00,0x02,0xD2,0x04,0x05,0x57,0x00,0x02,
    0xEA,0x00,0x0F,0x86,0x04,0x09,0x00,0xA1,0x07,0x26,0x65,0x64,
    0xA0,0x07,0x00,0x90,0x03,0x01,0x60,0x08,0x02,0x50,0x00,0x02,
    0x41,0x00,0x0F,0xEF,0x00,0x00,0x01,0xF4,0x02,0x08,0x9B,0x00,
    0x00,0x49,0x00,0x03,0x48,0x10,0x06,0x47,0x02,0x02,0x8F,0x00,
    0x08,0x12,0x0F,0x05,0x9B,0x00,0x08,0x70,0x01,0x00,0x3C,0x00,
    0x18,0x65,0x08,0x22,0x06,0x86,0x00,0x20,0xBB,0x98,0x52,0x29,
    0x01,0x7A,0x03,0x08,0x86,0x00,0x00,0xB3,0x05,0x07,0x0E,0x0F,
    0x04,0xEE,0x11,0x00,0xD2,0x02,0x23,0x22,0x65,0x72,0x06,0x00,
    0x0D,0x00,0x00,0x8E,0x06,0x02,0x32,0x10,0x01,0xE3,0x00,0x04,
    0x5D,0x24,0x00,0x7E,0x01,0x07,0xF6,0x0F,0x02,0x81,0x10,0x03,
    0x67,0x47,0x04,0x5A,0x78,0x07,0xAB,0x07,0x02,0xD1,0x12,0x02,
    0xD7,0x00,0x07,0x92,0x46,0x01,0xAA,0x10,0x0E,0xD1,0x00,0x08,
    0x2D,0x0C,0x63,0x52,0x65,0x74,0x75,0x72,0x6E,0x4A,0x02,0x0A,
    0x30,0x00,0x02,0x6F,0x00,0x00,0x8A,0x00,0xF0,0x02,0x85,0xA5,
    0xE6,0xAD,0xA5,0xE9,0xAA,0xA4,0xE8,0xBF,0x94,0xE5,0x9B,0x9E,
    0x20,0x7B,0x7D,0xCE,0x02,0x02,0x9E,0x04,0x02,0x4C,0x00,0x4F,
    0x50,0x61,0x63,0x6B,0x4A,0x00,0x0E,0x00,0x41,0x05,0x2F,0x8C,
    0x85,0x4A,0x00,0x07,0x02,0x40,0x0C,0x0B,0x1D,0x06,0x00,0x7F,
    0x00,0x07,0xC4,0x00,0x32,0xE6,0xAD,0xA4,0xA1,0x15,0x00,0x08,
    0x11,0x01,0x9B,0x22,0x12,0x20,0x37,0x00,0x03,0x77,0x0C,0x06,
    0x34,0x20,0x03,0x9F,0x00,0x00,0x5F,0x0E,0x31,0x6F,0x74,0x43,
    0x9C,0x36,0x02,0xE6,0x6B,0x15,0x46,0xE6,0x31,0x0C,0x5C,0x00,
    0x01,0xB3,0x6E,0x02,0x73,0x76,0x02,0x0E,0x15,0x02,0x68,0x1E,
    0x37,0xE5,0xA4,0xB9,0x6B,0x01,0x80,0x70,0x75,0x62,0x6C,0x69,
    0x73,0x68,0x65,0x3C,0x14,0x00,0x18,0x3F,0x11,0x4C,0x82,0x2B,
    0x0F,0xFD,0x00,0x08,0x02,0x91,0x13,0x02,0x31,0x13,0x05,0x3A,
    0x18,0x0F,0x4A,0x01,0x01,0x11,0x74,0xD0,0x60,0x41,0x4D,0x75,
    0x73,0x74,0x4B,0x3E,0x04,0x6C,0x1A,0x33,0xE2,0x80,0x9C,0xA9,
    0x00,0x04,0xA0,0x14,0x92,0xE2,0x80,0x9D,0xE8,0xA6,0x81,0xE6,
    0xB1,0x82,0xBC,0x30,0x02,0x06,0x16,0x32,0xE4,0xB8,0x8E,0x92,
    0x1A,0x04,0x0F,0x00,0x47,0x80,0xE8,0x87,0xB4,0xA8,0x01,0x04,
    0xA0,0x12,0x09,0xA3,0x13,0x0A,0xF1,0x01,0x08,0x4F,0x00,0x02,
    0x4F,0x16,0x02,0x54,0x2E,0x02,0x7F,0x00,0x02,0xEF,0x16,0x0F,
    0xA1,0x16,0x04,0x00,0xD7,0x11,0x03,0x21,0x17,0x36,0x4E,0x6F,
    0x74,0x27,0x22,0x0A,0x61,0x00,0x05,0x2C,0x22,0x0F,0x52,0x00,
    0x13,0x1F,0x72,0x62,0x01,0x0B,0x00,0xD4,0x90,0x20,0x8A,0x9F,
    0x30,0x23,0x2F,0xBD,0x86,0x5F,0x01,0x10,0x34,0x77,0x65,0x62,
    0xD4,0x13,0x08,0xA3,0x00,0x05,0x94,0x00,0x68,0xE7,0xBD,0x91,
    0xE9,0xA1,0xB5,0x9A,0x00,0x02,0xD0,0x03,0x03,0x49,0x02,0x07,
    0x3F,0x00,0x63,0x45,0x78,0x74,0x72,0x61,0x63,0x6F,0x03,0x00,
    0x7A,0x08,0x30,0xE8,0xA7,0xA3,0xCA,0x16,0x01,0x41,0x00,0x03,
    0x27,0x01,0x01,0x44,0x63,0x00,0x0A,0x17,0x01,0xBF,0x05,0x07,
    0x40,0x02,0x07,0x48,0x00,0x92,0x4E,0x6F,0x74,0x44,0x69,0x72,
    0x4F,0x72,0x5A,0xF9,0x37,0x0E,0x81,0x00,0x30,0xE6,0x97,0xA2,
    0x08,0x23,0x22,0x98,0xAF,0x97,0x17,0x32,0xE4,0xB9,0x9F,0x0F,
    0x00,0x59,0x20,0x2E,0x7A,0x69,0x70,0x9E,0x00,0x44,0x63,0x6F,
    0x70,0x79,0xDE,0x00,0x46,0x46,0x69,0x6C,0x65,0x9C,0x00,0x02,
    0x34,0x55,0x02,0x96,0x00,0x04,0xD0,0x02,0x00,0xE9,0x77,0x01,
    0x52,0x31,0x07,0xE4,0x0A,0x09,0x98,0x00,0x81,0x49,0x6E,0x64,
    0x65,0x78,0x48,0x74,0x6D,0x74,0x1C,0x02,0x13,0x01,0x02,0x36,
    0x00,0x00,0x39,0x41,0x07,0xE7,0x00,0x00,0x3D,0x01,0x01,0xDD,
    0x23,0x20,0x20,0x69,0x32,0x00,0x50,0x2E,0x68,0x74,0x6D,0x6C,
    0xF5,0x2A,0x01,0x2B,0x02,0x01,0x5F,0x00,0x02,0x57,0x1C,0x04,
    0xE8,0x0A,0x81,0x61,0x6E,0x64,0x72,0x6F,0x69,0x64,0x4E,0xFB,
    0x64,0x30,0x6C,0x65,0x6D,0x7A,0x07,0x01,0x2B,0x0C,0x12,0x41,
    0x19,0x00,0x01,0xC6,0x03,0x22,0x87,0xBA,0x24,0x27,0x60,0xE5,
    0xAE,0x9E,0xE7,0x8E,0xB0,0xE8,0x0B,0x51,0xAE,0xA1,0xE5,0x88,
    0x92,0x47,0x2E,0x01,0xC4,0x2B,0x03,0x92,0x01,0x1D,0x63,0xD5,
    0x03,0x07,0xF6,0x00,0x0F,0xC6,0x03,0x01,0x05,0xC3,0x00,0x05,
    0xDB,0x05,0x01,0x38,0x01,0x12,0x52,0x67,0x02,0x07,0x3D,0x00,
    0x01,0x33,0x01,0x06,0x53,0x02,0x0A,0x45,0x19,0x08,0x46,0x00,
    0x00,0xE6,0x05,0x00,0x8E,0x00,0x00,0x0F,0x07,0x01,0x16,0x8C,
    0x05,0x71,0x06,0x01,0x88,0x3E,0x01,0x65,0x9E,0x06,0x9F,0x26,
    0x02,0xE8,0x0C,0x02,0xC9,0x72,0x05,0xAB,0x26,0x07,0x88,0x45,
    0x04,0xD5,0x33,0x00,0x49,0x52,0x33,0x61,0x63,0x6B,0x22,0x0D,
    0x02,0x36,0x00,0x08,0xE5,0x33,0x03,0x99,0x05,0x02,0x10,0x14,
    0x20,0x8C,0x85,0x1E,0x19,0x07,0x46,0x00,0x00,0xD3,0x00,0x33,
    0x69,0x6E,0x67,0xD6,0x00,0x00,0x9F,0x02,0x02,0x42,0x00,0x02,
    0x09,0x02,0x0F,0xD6,0x00,0x05,0x07,0x41,0x00,0x02,0xF0,0x2F,
    0x00,0x85,0x00,0x0B,0xEB,0x04,0x07,0x4C,0x00,0x01,0xFF,0x1C,
    0x0B,0xDA,0x04,0x07,0x43,0x00,0x09,0xBA,0x03,0x03,0x24,0x03,
    0x05,0x94,0x1A,0x22,0xB7,0xB2,0x92,0x1F,0x07,0x9D,0x04,0x02,
    0xC0,0x06,0x00,0x07,0x91,0x00,0xEC,0x5D,0x00,0x68,0x00,0x03,
    0x75,0x02,0x01,0x41,0x13,0x07,0x29,0x00,0x03,0xDD,0x00,0x04,
    0xEB,0x02,0x00,0x2A,0x00,0x08,0xDE,0x00,0x02,0x36,0x00,0x02,
    0xED,0x02,0x07,0x8F,0x00,0x05,0xD2,0x00,0x0E,0x15,0x01,0x01,
    0xC9,0x00,0x05,0x15,0x01,0x07,0x34,0x00,0x0A,0x93,0x00,0x03,
    0x39,0x00,0x02,0xED,0x05,0x02,0xD1,0x00,0x02,0x6C,0x00,0x05,
    0xA2,0x00,0x05,0x44,0x00,0x00,0x1B,0x08,0x01,0x56,0x00,0x0E,
    0xB7,0x00,0x16,0x57,0x83,0x04,0x0C,0xBA,0x00,0x0E,0xFD,0x03,
    0x07,0x8C,0x00,0x31,0x73,0x74,0x61,0x16,0x02,0x30,0x57,0x65,
    0x62,0x5C,0x09,0x11,0x65,0xDE,0x56,0x03,0xF8,0x00,0x01,0x6B,
    0x00,0x02,0xC6,0x86,0x02,0x44,0x00,0x02,0x4D,0x09,0x0B,0x44,
    0x11,0x02,0xE3,0x02,0x04,0xBF,0x00,0x27,0x49,0x6E,0x01,0x36,
    0x09,0xB9,0x00,0x28,0x9C,0xA8,0x07,0x36,0x0D,0xA8,0x01,0x0F,
    0x00,0x11,0x0A,0x00,0x09,0x03,0x00,0xF6,0x0C,0x10,0x61,0xC5,
    0x63,0x10,0x53,0x09,0x10,0x14,0x50,0xA0,0x4A,0x06,0xEE,0x00,
    0x03,0xFD,0x0B,0x01,0x30,0x09,0x00,0x73,0x32,0x80,0x87,0x86,
    0xE5,0xA4,0x87,0xE5,0x8C,0x85,0xEE,0x00,0x05,0x4E,0x03,0x0C,
    0xE7,0x0E,0x81,0x70,0x61,0x63,0x6B,0x65,0x64,0x56,0x70,0x42,
    0x24,0x00,0x53,0x0B,0x05,0xF8,0x02,0x01,0x64,0x04,0x04,0x5E,
    0x04,0x03,0x71,0x1B,0x00,0x8D,0x08,0x04,0x3A,0x43,0x01,0xF1,
    0x5F,0x02,0xE2,0x00,0x20,0xE5,0x8C,0xF8,0x17,0x06,0x2E,0x00,
    0x0A,0xE1,0x01,0x00,0xA2,0x00,0x08,0xD2,0x01,0x09,0x59,0x00,
    0x0A,0x2B,0x00,0x03,0x92,0x10,0x07,0x67,0x00,0x08,0x39,0x00,
    0x00,0xC8,0x2B,0x0F,0x76,0x00,0x16,0x01,0xCE,0x01,0x70,0x4F,
    0x76,0x65,0x72,0x48,0x74,0x74,0x2F,0x19,0x04,0x31,0x07,0x01,
    0x55,0x02,0x01,0x83,0x00,0xF2,0x00,0xEF,0xBC,0x88,0xE9,0x80,
    0x9A,0xE8,0xBF,0x87,0x20,0x68,0x74,0x74,0x70,0x20,0x6E,0x05,
    0x02,0xE3,0x01,0x32,0xE4,0xBB,0xA5,0xDA,0x00,0x0A,0x17,0x05,
    0x0A,0xAD,0x00,0x01,0x62,0x00,0x18,0x72,0x1A,0x44,0x02,0x62,
    0x05,0x01,0x62,0x00,0x3F,0xE3,0x80,0x82,0x10,0x01,0x05,0x00,
    0x1F,0x12,0x0F,0x3C,0x00,0x0A,0x01,0x9E,0x00,0x09,0x41,0x00,
    0x63,0x73,0x75,0x63,0x63,0x65,0x65,0x14,0x93,0x02,0x9D,0x07,
    0x04,0x9A,0x01,0x06,0xDB,0x0C,0x02,0x3E,0x05,0x04,0x18,0x00,
    0x20,0x74,0x68,0xF2,0x9F,0x14,0x73,0xC4,0x19,0x62,0xE6,0x9C,
    0xAC,0xE6,0xAC,0xA1,0x3D,0x88,0x04,0x23,0x00,0x0E,0x88,0x1C,
    0x0F,0x11,0x09,0x02,0x00,0x76,0x03,0x04,0xEA,0x01,0x07,0x79,
    0x03,0x05,0x62,0x1C,0x06,0x6A,0x2F,0x0F,0x3F,0x00,0x03,0x01,
    0xA7,0x07,0x01,0x11,0x11,0x03,0x88,0x2F,0x02,0xAC,0x32,0x02,
    0x65,0x0C,0x09,0x51,0x00,0x03,0x44,0x0C,0x01,0xE1,0x02,0x00,
    0x36,0x02,0x0F,0x50,0x00,0x0E,0x02,0x29,0x2F,0x08,0x64,0x0C,
    0x07,0x50,0x00,0x0F,0x65,0x11,0x02,0x02,0x27,0x36,0x03,0x56,
    0x02,0x07,0xF6,0x09,0x3F,0xE4,0xB9,0x8B,0xC4,0x1C,0x13,0x00,
    0x9A,0x0F,0x01,0xA1,0x00,0x05,0x77,0x10,0x0F,0xA6,0x00,0x03,
    0x0F,0xDB,0x1B,0x14,0x03,0xDA,0x03,0x02,0xBA,0x85,0x0F,0x46,
    0x0B,0x04,0x04,0xA7,0x00,0x32,0xEF,0xBC,0x9A,0xF1,0x00,0x0B,
    0x43,0x0B,0x07,0xF4,0x00,0x02,0xA2,0x02,0x40,0x52,0x75,0x6E,
    0x53,0xD8,0x04,0x00,0x98,0x7F,0x00,0xB1,0x03,0x03,0xEF,0x06,
    0x0F,0xA9,0x00,0x06,0x01,0x4A,0x8A,0x00,0xA2,0x01,0x01,0x5E,
    0x03,0x02,0x4D,0x0C,0x02,0x00,0x03,0x0F,0xB9,0x05,0x01,0x0F,
    0x5B,0x00,0x01,0x03,0x51,0x01,0x0F,0x4C,0x00,0x11,0x05,0x8B,
    0x04,0x20,0x77,0x65,0x05,0x15,0x03,0xAA,0x0D,0x82,0x6E,0x6F,
    0x50,0x79,0x74,0x68,0x6F,0x6E,0x19,0x03,0x00,0xFD,0x01,0x01,
    0x33,0x63,0x05,0x9F,0x03,0x33,0x28,0x73,0x29,0xA2,0x03,0x0B,
    0xFD,0x00,0x05,0xBC,0x1B,0x0A,0x28,0x09,0x00,0xD6,0x2A,0xF2,
    0x07,0x3A,0x2F,0x2F,0x20,0xE4,0xB8,0x8B,0xE4,0xBC,0x9A,0xE9,
    0x98,0xBB,0xE6,0xAD,0xA2,0x20,0x66,0x65,0x74,0x63,0x68,0xD3,
    0x03,0x00,0x5F,0x09,0x01,0x5C,0x2D,0x12,0x20,0x78,0x00,0x10,
    0x20,0xF3,0x03,0x45,0x87,0xAA,0xE5,0x8A,0xF7,0x05,0x03,0xEB,
    0x05,0x07,0x5D,0x01,0x01,0xDF,0x6B,0x40,0x6E,0x67,0x41,0x74,
    0x9F,0x00,0x02,0x24,0x06,0x08,0x35,0x04,0x01,0xB7,0x03,0x06,
    0xB0,0x14,0x1A,0x70,0x30,0x1C,0x02,0x9A,0x01,0x0F,0x19,0x21,
    0x0B,0x00,0xC1,0x0E,0x01,0x9F,0x23,0x02,0x27,0x00,0x02,0x0F,
    0x02,0x00,0x6D,0x00,0x03,0x5F,0x01,0x04,0x09,0x02,0x02,0x03,
    0x01,0x06,0x6B,0x00,0x04,0xF8,0x36,0x03,0x4C,0x01,0x0F,0x6B,
    0x00,0x14,0x02,0xAA,0x22,0x06,0xB4,0x0D,0x02,0x56,0x00,0x02,
    0x0C,0x22,0x36,0xE5,0xA4,0xB9,0x5F,0x00,0x03,0x79,0x36,0x03,
    0x5E,0x00,0x04,0x4B,0x09,0xB2,0x43,0x61,0x6E,0x54,0x61,0x6B,
    0x65,0x41,0x57,0x68,0x69,0x27,0x2B,0x0E,0x48,0x09,0x60,0xE6,
    0x97,0xB6,0xE8,0xBF,0x99,0xE5,0x1D,0x25,0x83,0xBD,0xF6,0x0C,
    0x32,0xE6,0xAE,0xB5,0x7E,0x40,0x00,0x5A,0x01,0x00,0x0D,0x02,
    0x01,0xCC,0x0F,0x02,0x48,0x08,0x01,0xFA,0x01,0x00,0x68,0x00,
    0x00,0xF6,0x09,0x00,0x6B,0x86,0x03,0x57,0x07,0x01,0x96,0x07,
    0x02,0x31,0x04,0x02,0x39,0x07,0x04,0x68,0x28,0x01,0x6D,0x70,
    0x04,0xAD,0x65,0x02,0x1D,0x03,0x03,0x59,0x0D,0x04,0xB8,0x1A,
    0x00,0x0D,0x37,0x01,0xB2,0x0A,0x00,0x12,0x3B,0x04,0x15,0x00,
    0x00,0x7B,0x00,0x00,0x7A,0x03,0x0F,0x00,0x2E,0x02,0x02,0x68,
    0x00,0x00,0x36,0x07,0x01,0x23,0x00,0x20,0x72,0x65,0x2D,0x2C,
    0x12,0x50,0x90,0x00,0x02,0xF7,0x19,0x52,0x9C,0x80,0xE8,0xBF,
    0x91,0x27,0x00,0x01,0x4C,0x05,0x01,0xBB,0x17,0x05,0x48,0x1B,
    0x05,0x33,0x1B,0x02,0x1C,0x00,0x70,0x61,0x64,0x64,0x45,0x78,
    0x69,0x73,0x95,0x2E,0x00,0xCB,0x01,0x03,0x8A,0x32,0x43,0xB7,
    0xB2,0xE6,0x9C,0xBC,0x36,0x02,0xAF,0x12,0x03,0x61,0x00,0x00,
    0x23,0x00,0x00,0xEE,0x01,0x29,0x85,0xA5,0x60,0x00,0x01,0x74,
    0x1A,0x06,0x02,0x0B,0x53,0x6D,0x69,0x6E,0x69,0x6D,0x3A,0x2B,
    0x30,0xE6,0x9C,0x80,0xFF,0x6F,0x15,0x8C,0xC8,0x60,0x39,0x6D,
    0x61,0x78,0x1D,0x00,0x27,0xA4,0xA7,0x1D,0x00,0x00,0x35,0xA0,
    0x03,0xFB,0x94,0x03,0x53,0x6F,0x00,0x83,0x01,0x01,0xE9,0x00,
    0x0F,0x1C,0x37,0x01,0x01,0xF0,0x00,0x07,0x8A,0x00,0x02,0xB1,
    0x47,0x03,0x63,0x35,0x00,0xAC,0x00,0x00,0x56,0x01,0x2A,0xBB,
    0xBA,0x22,0x00,0x00,0x3B,0x17,0x09,0xF3,0x00,0x01,0x5C,0x1F,
    0x00,0x5D,0x08,0x26,0x9C,0x89,0x56,0x02,0x31,0x65,0x6D,0x70,
    0x7F,0x34,0x00,0xEF,0x01,0x00,0xE4,0x0E,0x04,0xC6,0x01,0x05,
    0x9A,0x03,0x0A,0x55,0x00,0x03,0x85,0x02,0x03,0x7F,0x0C,0x02,
    0xE5,0x01,0x02,0x22,0x00,0x38,0xE6,0x88,0x96,0x55,0x01,0x00,
    0xAE,0x15,0x08,0xE8,0x01,0x05,0xE0,0x00,0x02,0xD5,0x0C,0x11,
    0x44,0x4C,0x8B,0x06,0x4B,0x01,0x06,0xC8,0x1F,0x01,0x26,0x02,
    0x04,0x33,0x21,0x02,0x5B,0x00,0x01,0xC2,0x01,0x01,0x7C,0x18,
    0x02,0x1B,0x24,0x08,0x62,0x02,0x26,0xE7,0xA9,0x2C,0x03,0x00,
    0x9A,0x08,0x04,0x38,0x03,0x02,0xC7,0x25,0x32,0xE5,0xB0,0x86,
    0xB3,0x33,0x02,0x49,0x00,0x02,0x15,0x00,0x04,0x77,0x02,0x06,
    0xE0,0x02,0x06,0x7E,0x03,0x02,0x28,0x00,0x05,0x52,0x00,0x04,
    0x7A,0x00,0x04,0x5C,0x10,0x01,0x6C,0x01,0x01,0xFC,0x0D,0x0C,
    0x1A,0x00,0x13,0x45,0x48,0x01,0x62,0x22,0xE7,0xA9,0xBA,0xE7,
    0x99,0x9F,0x9D,0x00,0x50,0x01,0x03,0x34,0x10,0x10,0x4D,0x2B,
    0x02,0x11,0x61,0x6E,0x0E,0x02,0x2A,0x02,0x07,0x82,0x01,0x03,
    0x97,0x02,0x0F,0x13,0x01,0x06,0x08,0x57,0x01,0x0F,0x19,0x01,
    0x04,0x14,0x65,0x5B,0x1E,0x01,0xF9,0x17,0x10,0x9C,0xCD,0x29,
    0x0F,0x38,0x01,0x0C,0x00,0xBA,0x0F,0x53,0x90,0xAB,0x20,0x2E,
    0x76,0x36,0x15,0x03,0x7E,0x26,0x05,0x81,0x88,0x05,0xF7,0x37,
    0x0E,0x2E,0x01,0x04,0xC3,0x13,0x03,0x2C,0x01,0x04,0xAE,0x13,
    0x06,0xD2,0x00,0x0C,0xC7,0x4E,0x40,0x61,0x64,0x64,0x65,0x97,
    0x88,0x00,0x4B,0x04,0x00,0x42,0x01,0x00,0x84,0x02,0x01,0x43,
    0x36,0x02,0x42,0x00,0x02,0xB2,0x05,0x00,0xFD,0x02,0x00,0xEE,
    0x18,0x01,0xBD,0x12,0x05,0x4E,0x01,0x02,0x22,0x00,0x05,0x90,
    0x01,0x06,0x8F,0x71,0x09,0x2F,0x00,0x07,0x93,0x24,0x0D,0x31,
    0x00,0x03,0x96,0x24,0x09,0x65,0x00,0x00,0xB3,0x7B,0x01,0x23,
    0x11,0x21,0x6C,0x64,0xEC,0x04,0x04,0x5C,0x33,0x01,0x38,0x2C,
    0x02,0x82,0x10,0x05,0x73,0x00,0x09,0x39,0x00,0x03,0xB9,0x53,
    0x06,0x4A,0x0F,0x02,0xC8,0x87,0x0B,0x75,0x00,0x02,0x03,0x0A,
    0x09,0x39,0x00,0x02,0xEF,0x7B,0x3F,0x4E,0x6F,0x74,0xDA,0x00,
    0x05,0x02,0x4D,0x26,0x02,0xE0,0x00,0x09,0x3A,0x00,0x7A,0x69,
    0x6E,0x76,0x61,0x6C,0x69,0x64,0xA5,0x28,0x05,0x9E,0x00,0x02,
    0xD2,0x02,0x03,0xB3,0x00,0x22,0x9C,0x89,0xAB,0x5E,0x02,0x8F,
    0x00,0x02,0x1B,0x00,0x07,0xBF,0x01,0x00,0x8D,0x07,0x01,0x11,
    0x04,0x07,0x4F,0x04,0x03,0x49,0x00,0x04,0x6F,0x9F,0x09,0x7A,
    0x00,0x02,0xAA,0x03,0x06,0xEC,0x00,0x02,0x39,0x14,0x03,0x5D,
    0x00,0x04,0x4F,0x0A,0x06,0x5F,0x0B,0x00,0x10,0x10,0x23,0x65,
    0x56,0x4F,0x02,0x07,0x36,0x00,0x01,0x0E,0x10,0x07,0x69,0x02,
    0x0F,0x1E,0x01,0x00,0x01,0x3B,0x00,0x01,0x1F,0x16,0x1C,0x73,
    0x39,0x00,0x02,0x56,0x0A,0x02,0x75,0x00,0x03,0x17,0x10,0x0E,
    0x7B,0x00,0x02,0xAA,0x00,0x0B,0x63,0x02,0x08,0xAF,0x00,0x09,
    0xD8,0x00,0x24,0x6E,0x6F,0xA6,0x00,0x01,0x8D,0x02,0x05,0xC0,
    0x8D,0x04,0xC6,0x89,0x06,0xAC,0x00,0x09,0x37,0x00,0x01,0xC6,
    0x02,0x01,0x40,0x01,0x03,0x44,0x06,0x05,0xC7,0x02,0x00,0x09,
    0x00,0x04,0x74,0x03,0x09,0x33,0x00,0x5C,0x72,0x65,0x6D,0x6F,
    0x76,0xFB,0x02,0x35,0xE4,0xBB,0x8E,0x3E,0x07,0x32,0xE4,0xB8,
    0xAD,0x8E,0x73,0x02,0xE1,0x00,0x09,0x3D,0x00,0x00,0xC0,0x05,
    0x06,0x0E,0x01,0x00,0x0F,0x0A,0x33,0xBC,0x80,0x20,0x5F,0x01,
    0x06,0xB7,0x03,0x02,0x4E,0x01,0x07,0xE6,0x01,0x00,0x37,0x00,
    0x0C,0x73,0x00,0x02,0x3D,0x00,0x08,0x64,0x00,0x05,0x8F,0x05,
    0x10,0x69,0x43,0x63,0x03,0xFD,0x05,0x02,0x47,0x01,0x36,0x44,
    0x69,0x72,0x77,0x00,0x02,0x45,0x01,0x02,0x9E,0x13,0x53,0x20,
    0x27,0x7B,0x7D,0x27,0x71,0x00,0x0E,0xAA,0x00,0x21,0x6F,0x72,
    0xEB,0x84,0x06,0x3B,0x00,0x02,0x75,0x00,0x02,0x35,0x00,0x32,
    0xE4,0xBB,0xA5,0x08,0x02,0x02,0x3E,0x00,0x04,0x3D,0x05,0x01,
    0xF8,0x01,0x06,0x32,0x00,0x02,0x23,0x00,0x02,0x32,0x00,0x03,
    0x29,0x00,0x00,0xA8,0x00,0x01,0x66,0x18,0x00,0xEA,0x33,0x23,
    0x75,0x72,0x26,0x6F,0x01,0x80,0x35,0x10,0x7B,0xD1,0xA1,0x00,
    0xB4,0x37,0x00,0xC6,0x01,0x02,0xE6,0x6F,0x00,0x15,0x04,0x82,
    0x22,0x66,0x69,0x6C,0x74,0x65,0x72,0x48,0x1E,0x46,0x01,0xFA,
    0x4A,0x22,0xBB,0xA4,0x69,0x53,0x05,0x4D,0x08,0x13,0x73,0xB5,
    0x07,0x02,0xE2,0xA6,0x01,0x8E,0x00,0x02,0x09,0x07,0x05,0xD8,
    0x4B,0x05,0xFF,0x06,0x02,0x3A,0x00,0x02,0x7A,0x02,0x04,0x66,
    0x01,0x02,0xC9,0xB1,0x00,0x77,0x00,0x02,0x4C,0x58,0x02,0x41,
    0x00,0x02,0x41,0x08,0x06,0xCE,0x00,0x02,0x3A,0x00,0x32,0xE6,
    0x9C,0xAA,0x49,0x08,0x00,0x02,0x09,0x02,0xF4,0x24,0x07,0xC0,
    0x02,0x01,0xDB,0x00,0x00,0x98,0x03,0x09,0xFD,0x05,0x21,0x22,
    0x62,0xBE,0x46,0x01,0x61,0x00,0x01,0xB4,0x46,0x02,0x28,0x00,
    0x42,0x6D,0x65,0x73,0x68,0x8D,0x46,0x06,0x00,0x01,0x0A,0xED,
    0x00,0x62,0xE7,0xAD,0x9B,0xE9,0x80,0x89,0x28,0x51,0x0F,0xED,
    0x00,0x0F,0x01,0x60,0x00,0x04,0xF5,0x02,0x00,0x5F,0x0E,0x01,
    0x9F,0x00,0x00,0x80,0x46,0x01,0x94,0x89,0x02,0x79,0x1A,0x0F,
    0xF4,0x00,0x0B,0x0B,0x48,0x4C,0x0A,0x8E,0x01,0x04,0xBC,0x01,
    0x00,0xA8,0x01,0x40,0x40,0x6D,0x65,0x74,0xA7,0x67,0x10,0x7B,
    0xE1,0x08,0x20,0x6D,0x65,0x7B,0x00,0xC4,0xE7,0xAE,0x80,0xE4,
    0xBD,0x93,0xE4,0xB8,0xAD,0xE6,0x96,0x87,0x7A,0x44,0x66,0x63,
    0x6F,0x6D,0x6D,0x6F,0x6E,0x17,0x08,0x00,0xE7,0x0D,0x00,0x2C,
    0x00,0x02,0x55,0x11,0x01,0x68,0x01,0x00,0x7F,0x01,0x01,0xBF,
    0x1E,0x00,0x18,0x00,0x02,0xB9,0x1E,0x05,0x18,0x00,0x00,0x03,
    0x89,0x01,0x17,0x00,0x01,0x19,0xAC,0x04,0x17,0x00,0x00,0x4D,
    0x36,0x01,0x18,0x37,0x01,0xA4,0x30,0x14,0xA8,0x17,0x00,0x11,
    0x6F,0x6D,0x11,0x55,0xE7,0xA1,0xAE,0xE5,0xAE,0x83,0x46,0x12,
    0x79,0xB8,0x55,0x25,0xE6,0x98,0xB3,0x32,0x10,0x6E,0x20,0x03,
    0x44,0x22,0xE5,0x90,0xA6,0x37,0x00,0x25,0x64,0x65,0xC2,0x13,
    0x01,0x09,0x6F,0x04,0x18,0x00,0x24,0x72,0x65,0xD9,0x00,0x67,
    0xE9,0x87,0x8D,0xE5,0x91,0xBD,0x9F,0x3C,0x02,0x58,0x03,0x01,
    0x99,0x00,0x01,0xDE,0x08,0x04,0x33,0x00,0x00,0xAB,0x03,0x00,
    0x16,0x00,0x02,0x2A,0x03,0x04,0x16,0x00,0x09,0xE4,0x4C,0x04,
    0x15,0x00,0x02,0x4A,0x04,0x00,0x2D,0x00,0x02,0x30,0x04,0x06,
    0x18,0x00,0x12,0x73,0xE0,0x22,0x02,0xE6,0x39,0x04,0x17,0x00,
    0x00,0xA2,0x2A,0x01,0x2D,0x00,0x01,0x3B,0x22,0x04,0x16,0x00,
    0x00,0x5C,0x14,0x00,0x16,0x00,0x02,0x29,0x15,0x04,0x16,0x00,
    0x32,0x70,0x61,0x73,0x9D,0x00,0x64,0xE7,0xB2,0x98,0xE8,0xB4,
    0xB4,0x17,0x00,0x22,0x64,0x75,0x83,0x37,0x01,0xAC,0x01,0x64,
    0xE5,0x85,0x8B,0xE9,0x9A,0x86,0x1B,0x00,0x02,0xEA,0x02,0x01,
    0x4A,0x00,0x01,0x33,0x02,0x04,0x18,0x00,0x02,0xF2,0x0C,0x04,
    0x18,0x00,0x03,0x8C,0x2E,0x01,0xB2,0x0D,0x00,0xA6,0x30,0x00,
    0x18,0x00,0x02,0x59,0x58,0x04,0x30,0x00,0x04,0x31,0x01,0x02,
    0xAA,0x06,0x04,0x16,0x00,0x12,0x74,0xD2,0x51,0x03,0x82,0x85,
    0x04,0x16,0x00,0x0A,0x1D,0xA8,0x01,0xF8,0x1D,0x01,0x8B,0x42,
    0x01,0x56,0x00,0x24,0x97,0xA0,0x13,0x00,0x12,0x64,0x48,0x2D,
    0x00,0x16,0x00,0x02,0x3A,0x06,0x04,0x19,0x00,0x02,0xD8,0x37,
    0x01,0x8B,0x17,0x00,0xEB,0x02,0x01,0x5A,0x1B,0x04,0x1C,0x00,
    0x17,0x64,0xDF,0x46,0x06,0xF3,0x22,0x00,0x4D,0x04,0x00,0x23,
    0x0A,0x0F,0x10,0xAD,0x00,0x02,0x7F,0x00,0x01,0xE1,0x5D,0x11,
    0x69,0xAF,0x02,0x12,0x22,0x84,0x59,0x04,0x1A,0x00,0x14,0x73,
    0xB4,0x38,0x03,0x8D,0x38,0x00,0x0A,0x03,0x00,0x4F,0x00,0x51,
    0x22,0x74,0x6F,0x70,0x62,0x3A,0x04,0x00,0xBD,0x04,0x00,0x10,
    0x00,0x04,0x35,0x0D,0x02,0x23,0x2C,0x02,0x14,0x34,0x15,0x20,
    0x25,0x26,0x06,0x53,0x09,0x30,0x6D,0x65,0x6E,0x89,0x48,0x03,
    0x37,0x00,0x00,0x32,0x04,0x05,0x0E,0x00,0x08,0x47,0x00,0x02,
    0xCF,0x07,0x03,0x87,0x00,0x00,0x22,0x01,0x21,0x65,0x77,0x26,
    0x11,0x00,0x10,0x01,0x02,0x24,0x0C,0x02,0x9F,0x0A,0x02,0x9F,
    0x14,0x06,0x28,0x00,0x00,0x68,0x03,0x05,0x29,0x00,0x02,0x6D,
    0x03,0x0C,0x23,0x00,0x02,0xDD,0x01,0x0F,0x50,0x30,0x08,0x00,
    0x02,0x00,0x03,0x39,0x0F,0x07,0xD8,0x32,0x01,0x23,0x02,0x09,
    0xCB,0x32,0x00,0x02,0x00,0x78,0x22,0x62,0x61,0x63,0x6B,0x54,
    0x6F,0x58,0x0E,0x02,0x31,0x1C,0x05,0x1A,0x07,0x00,0xFB,0x00,
    0x06,0x33,0x21,0x03,0xD0,0x02,0x02,0xFF,0x00,0x08,0xF1,0x00,
    0x02,0x2B,0x01,0x06,0xC9,0x00,0x03,0x20,0x07,0x08,0x81,0x00,
    0x02,0xF7,0x06,0x02,0x3C,0x25,0x06,0x29,0x00,0x00,0x52,0x00,
    0x00,0x1B,0x42,0x05,0xA7,0x3C,0x03,0x2C,0x03,0x05,0xB5,0x48,
    0x06,0x2B,0x00,0x01,0x64,0x03,0x06,0xC3,0x75,0x02,0x6A,0x03,
    0x00,0x62,0x54,0x2A,0xB1,0x80,0xA6,0x00,0x0B,0x20,0x0E,0x09,
    0xA8,0x00,0x01,0x8F,0x28,0x0F,0x54,0x00,0x20,0x31,0x74,0x6F,
    0x6F,0x5D,0x29,0x0E,0xFB,0x00,0x02,0x90,0x35,0x06,0x53,0x00,
    0x0F,0x96,0x03,0x04,0x00,0x80,0x03,0x2A,0x61,0x76,0x58,0x62,
    0x02,0xE2,0x01,0x06,0x3B,0x00,0x30,0x70,0x72,0x6F,0x53,0x02,
    0x01,0xE0,0x0F,0x30,0xE6,0x80,0xA7,0xD7,0x49,0x50,0x88,0x86,
    0xE6,0x9E,0x90,0xC7,0x92,0x0B,0xB9,0x00,0x10,0x66,0xDE,0x70,
    0x01,0x11,0x33,0x03,0x52,0x55,0x32,0xE5,0xB8,0xA7,0x41,0x4C,
    0x06,0xD9,0x2E,0x00,0xB0,0x31,0x02,0x90,0x17,0x10,0x46,0x2E,
    0x00,0x10,0x47,0x04,0x3B,0x00,0x82,0x02,0x06,0x22,0x19,0x0F,
    0xB0,0x71,0x02,0x02,0xC2,0x0F,0x20,0x6C,0x64,0x20,0x62,0x02,
    0x97,0x0B,0x03,0x1D,0x25,0x05,0xD8,0x71,0x01,0x78,0x03,0x04,
    0x92,0x24,0x30,0x68,0x65,0x6C,0x52,0x16,0x0F,0x19,0x01,0x00,
    0x56,0xB8,0xAE,0xE5,0x8A,0xA9,0xDE,0x00,0x04,0x9E,0x2F,0x00,
    0x17,0x06,0x00,0xB3,0x40,0x02,0x6C,0x03,0x0A,0x66,0x03,0x06,
    0x57,0x00,0x02,0x9F,0x2A,0x3F,0x64,0x6F,0x63,0x61,0x03,0x02,
    0x02,0x78,0x44,0x36,0x44,0x6F,0x63,0x5F,0x00,0x03,0x66,0x72,
    0x00,0xE1,0x00,0x02,0xC0,0x6F,0x00,0xED,0x12,0x44,0xB8,0x80,
    0xE5,0xB8,0x19,0x2E,0x00,0x44,0x20,0x00,0xCA,0x28,0x00,0x81,
    0x04,0x00,0x26,0x00,0x02,0xC5,0x28,0x06,0x41,0x00,0x0B,0x98,
    0x89,0x05,0x32,0xAA,0x06,0x22,0x00,0x02,0x63,0x00,0x03,0x77,
    0x0A,0x03,0xF3,0x12,0x01,0x6B,0x00,0x06,0x23,0x00,0x13,0x69,
    0xB4,0x79,0x01,0x9E,0xAC,0x16,0xB2,0x18,0x00,0x02,0x3B,0x00,
    0x02,0xD7,0x06,0x00,0xA8,0x0A,0x01,0x37,0x00,0x02,0xBE,0x09,
    0x02,0x4E,0x01,0x05,0x9C,0x04,0x00,0x97,0x24,0x00,0x97,0x03,
    0x05,0xF8,0x00,0x00,0xCF,0x47,0x13,0x75,0xAC,0x07,0x53,0xBB,
    0xA7,0xE7,0xBB,0xAD,0x56,0x00,0x00,0x8C,0x36,0x01,0x50,0x07,
    0x02,0xD0,0x01,0x05,0x16,0x00,0x22,0x61,0x75,0x7E,0x07,0x64,
    0xE6,0x9A,0x82,0xE5,0x81,0x9C,0x17,0x00,0x00,0x00,0x16,0x01,
    0xF6,0x00,0x01,0x63,0x31,0x06,0x16,0x00,0x21,0x65,0x70,0x1D,
    0x02,0x01,0x1B,0x00,0x43,0x8D,0x95,0xE6,0xAD,0xE4,0x48,0x04,
    0x21,0x00,0x20,0x6F,0x70,0xFF,0x34,0x01,0xAA,0x0C,0x02,0xAA,
    0x24,0x20,0xE9,0x80,0xD6,0x0E,0x04,0x1F,0x00,0x01,0x94,0x03,
    0x05,0xAE,0x09,0x02,0x93,0x03,0x02,0x8F,0x00,0x02,0x97,0x24,
    0x00,0x99,0x03,0x01,0x29,0x02,0x01,0x8D,0x4B,0x09,0x74,0x05,
    0x12,0x63,0x22,0x50,0x33,0x44,0x72,0x61,0x66,0x02,0x02,0xBD,
    0x6C,0x52,0xE6,0x8A,0xBD,0xE5,0xB1,0x0C,0x12,0x00,0xC8,0x04,
    0x01,0x2C,0x89,0x00,0xF9,0x64,0x01,0x83,0x00,0x02,0x67,0x04,
    0x00,0x92,0x4F,0x01,0x49,0x68,0x04,0x86,0x00,0x01,0xDE,0x3D,
    0x05,0x25,0x00,0x00,0x0B,0x70,0x09,0x1F,0x00,0x05,0x9C,0x17,
    0x00,0xE5,0x00,0x32,0xE6,0x97,0xA0,0x8A,0x04,0x04,0x3D,0x00,
    0x05,0x1E,0x00,0x06,0xBA,0x17,0x00,0x2D,0x0A,0x07,0xFB,0x23,
    0x04,0x2A,0x00,0x00,0x96,0x01,0x0F,0x2D,0x05,0x0B,0x00,0x5D,
    0x06,0x00,0xB6,0x00,0x01,0xB7,0x14,0x0F,0xA4,0x05,0x0A,0x06,
    0x24,0x00,0x00,0xB8,0x00,0x12,0x74,0x99,0x1F,0x00,0xA2,0x0A,
    0x20,0x87,0xBA,0x13,0x10,0x04,0xDC,0x14,0x04,0x7B,0x00,0x00,
    0x12,0x38,0x00,0x77,0x38,0x01,0x06,0x01,0x02,0x79,0x21,0x04,
    0x1B,0x00,0x02,0xCE,0x21,0x13,0x50,0x21,0x00,0x00,0xE3,0x00,
    0x08,0x5F,0x21,0x04,0x26,0x00,0x17,0x73,0x62,0x05,0x03,0x84,
    0x05,0x05,0x72,0x02,0x0B,0x30,0x05,0x0F,0x50,0x13,0x3A,0x03,
    0x12,0x01,0x0F,0x13,0x0A,0x05,0x13,0x69,0xAF,0x4F,0x42,0x22,
    0x41,0x49,0x20,0x9F,0x4F,0x04,0xB1,0x00,0x0C,0xA3,0x5B,0x12,
    0x22,0x23,0x40,0x34,0xE5,0x9B,0xBE,0x22,0x00,0x09,0x02,0x55,
    0x01,0x2A,0x2B,0x07,0x49,0x8B,0x06,0x25,0x00,0x0F,0xAB,0x41,
    0x07,0x03,0x82,0x02,0x07,0xA3,0x1C,0x03,0x83,0x02,0x01,0xED,
    0x0B,0x06,0x48,0x05,0x0F,0x6D,0x05,0x12,0x08,0x53,0x67,0x0F,
    0x44,0x67,0x02,0x06,0xB2,0x2B,0x12,0x22,0x7A,0x50,0x34,0xE8,
    0xAE,0xB0,0x03,0x39,0x00,0x6A,0x27,0x07,0x0A,0xC1,0x03,0xCF,
    0x10,0x07,0x82,0x00,0x0F,0x1A,0x06,0x08,0x04,0xEA,0x00,0x02,
    0x31,0x05,0x05,0xE5,0x05,0x02,0xC2,0x2F,0x07,0x2F,0x01,0x01,
    0xA8,0x26,0x19,0x48,0xFD,0xAB,0x01,0x7E,0x08,0x0A,0x03,0xAC,
    0x01,0x26,0x00,0x00,0xFA,0x05,0x00,0x49,0x02,0x02,0x7C,0x08,
    0x0A,0x0B,0x68,0x0F,0x1B,0x06,0x0C,0x03,0xF0,0x01,0x04,0x48,
    0x4B,0x06,0x8F,0x00,0x04,0x5B,0x60,0x06,0x12,0x04,0x06,0x11,
    0x01,0x02,0x3C,0x06,0x0C,0x81,0x05,0x08,0x26,0x01,0x05,0x8D,
    0x05,0x04,0x08,0x0D,0x01,0x2F,0x00,0x11,0x64,0x15,0x0C,0xE5,
    0xE6,0x92,0xA4,0xE9,0x94,0x80,0x20,0x28,0x43,0x74,0x72,0x6C,
    0x2B,0x5A,0x5C,0x35,0x22,0x72,0x65,0x1F,0x00,0x00,0x07,0x0C,
    0x23,0x81,0x9A,0x1F,0x00,0x57,0x53,0x68,0x69,0x66,0x74,0x25,
    0x00,0x14,0x65,0x2F,0x14,0x62,0xE6,0x9A,0x82,0xE6,0x97,0xA0,
    0xF1,0x00,0x08,0x79,0x00,0x00,0x70,0x00,0x05,0x29,0x03,0x06,
    0x4D,0x02,0x03,0xB2,0x00,0x01,0xD1,0x66,0x00,0x2A,0x01,0x64,
    0xE6,0xB8,0x85,0xE7,0xA9,0xBA,0x8B,0x01,0x01,0x1F,0x40,0x41,
    0x63,0x72,0x6F,0x6C,0x69,0x14,0x02,0x20,0x2E,0x31,0xE6,0xBB,
    0x9A,0xB0,0xBC,0x01,0xEE,0x05,0x20,0x22,0x6C,0x65,0x39,0x05,
    0xE2,0x05,0x00,0x1F,0x05,0x13,0x72,0xDD,0xB2,0x02,0xC6,0xB3,
    0x03,0x28,0x00,0x01,0x18,0x02,0x02,0x5E,0x73,0x09,0x71,0x4D,
    0x00,0xA3,0x07,0x20,0x61,0x72,0xA1,0x0D,0x76,0x22,0xE8,0xAD,
    0xA6,0xE5,0x91,0x8A,0x30,0x00,0x04,0xF4,0x27,0x64,0x22,0xE9,
    0x94,0x99,0xE8,0xAF,0x40,0x0D,0x00,0xAE,0x0D,0x52,0x72,0x69,
    0x74,0x69,0x63,0xFC,0x14,0x66,0xE4,0xB8,0xA5,0xE9,0x87,0x8D,
    0x35,0x00,0x0F,0xC2,0x7A,0x02,0x03,0xBA,0x05,0x00,0x3B,0x00,
    0x40,0x6F,0x6C,0x75,0x6D,0x6E,0x00,0x02,0xF7,0x00,0x00,0xAF,
    0x00,0x0F,0x1D,0x0C,0x01,0x00,0x3B,0x04,0x06,0x00,0x1E,0x00,
    0xCA,0x2C,0x11,0x81,0x18,0x5C,0x08,0x7E,0x33,0x0A,0x3F,0x02,
    0x02,0x50,0x00,0x42,0x22,0x6C,0x69,0x76,0x36,0x2C,0x01,0xDF,
    0x04,0x62,0xE6,0xB4,0xBB,0xE5,0x8A,0xA8,0x74,0x08,0x02,0x22,
    0x07,0x03,0x35,0x01,0x01,0x09,0xAB,0x13,0x69,0x44,0x07,0x01,
    0x3F,0x55,0x0A,0x1F,0x00,0x40,0x73,0x74,0x43,0x70,0x9E,0x0B,
    0xBA,0x22,0xE4,0xBC,0xB0,0xE7,0xAE,0x97,0x20,0x43,0x50,0x55,
    0x21,0x00,0x63,0x78,0x70,0x61,0x6E,0x64,0x50,0xCA,0x09,0xF5,
    0x00,0x22,0xE5,0xB1,0x95,0xE5,0xBC,0x80,0xE7,0xBB,0x84,0xE4,
    0xBB,0xB6,0xE6,0xB1,0xBB,0x0C,0x13,0x68,0xB2,0x10,0x08,0x87,
    0x00,0x00,0x38,0x11,0x52,0xA4,0x96,0xE7,0x9A,0x84,0x96,0x00,
    0x62,0xE9,0x80,0x9A,0xE5,0xB8,0xB8,0xDA,0x79,0x02,0x6D,0x60,
    0x00,0x76,0x17,0x80,0x9C,0xAA,0xE9,0x87,0x8A,0xE6,0x94,0xBE,
    0xFF,0x2B,0x21,0x9A,0x82,0x6F,0x70,0x40,0x96,0xE7,0x95,0x8C,
    0x42,0x02,0x03,0xC1,0x00,0x06,0xE6,0x51,0x00,0xE1,0x5A,0x30,
    0x23,0x7B,0x7D,0x07,0x00,0x10,0x2D,0xE7,0x5A,0x40,0x20,0xE4,
    0xB8,0xAA,0x6D,0x86,0x00,0xD3,0x00,0x12,0x8C,0x0F,0x00,0x31,
    0xE6,0xB1,0xA0,0x0C,0x00,0x03,0xA6,0x01,0x07,0x0F,0xC5,0x00,
    0xF9,0x24,0x01,0x24,0x01,0x07,0x6A,0x30,0x20,0x6E,0x6F,0xD5,
    0x22,0x01,0xFE,0xB3,0x01,0x45,0x01,0x20,0x20,0x20,0x26,0x00,
    0x22,0x97,0xA0,0xDF,0x00,0x07,0x29,0x00,0x0E,0xCC,0x01,0x00,
    0x2F,0x3D,0x01,0x39,0x00,0x00,0xC9,0x02,0x02,0x30,0x00,0x03,
    0x74,0x00,0x01,0xFB,0x01,0x12,0x75,0x19,0x00,0x54,0xE6,0x95,
    0xB0,0xE9,0x87,0x68,0x41,0x00,0xC0,0x06,0x0F,0x6E,0x01,0x00,
    0x00,0xDC,0x03,0x08,0xED,0x01,0x07,0x13,0x05,0x03,0xEA,0x01,
    0x31,0x6E,0x6F,0x43,0x4F,0x77,0x09,0xFB,0x02,0x04,0x7D,0x0D,
    0x02,0x9D,0x76,0x84,0xE6,0x91,0x84,0xE5,0x83,0x8F,0xE6,0x9C,
    0x4E,0x03,0x0A,0x56,0x02,0x02,0x09,0x13,0x05,0x24,0x00,0x02,
    0xAF,0x00,0x00,0xF6,0x1C,0x80,0xA0,0x87,0xE8,0xAE,0xB0,0xE4,
    0xB8,0xBA,0x9C,0x28,0x04,0x42,0x00,0x00,0x15,0x73,0x01,0xDC,
    0xB5,0x02,0x90,0x05,0x00,0x8A,0x01,0x01,0x4A,0x02,0x01,0x92,
    0x08,0x00,0xDD,0x00,0x01,0xD9,0x25,0x05,0x92,0x00,0x03,0x17,
    0x10,0x05,0x5D,0x00,0x03,0x06,0x01,0x03,0x02,0x78,0x11,0x43,
    0x2D,0x00,0x05,0xBA,0x0E,0x01,0x42,0x10,0x08,0x6D,0x00,0x02,
    0xBF,0x01,0x00,0x64,0x00,0x03,0xEE,0x01,0x27,0x78,0x72,0xB0,
    0x55,0x02,0x00,0x01,0x00,0x3A,0x03,0x04,0xEE,0x00,0x3C,0x58,
    0x52,0x20,0xE5,0x0E,0x0A,0xEB,0x00,0x00,0xCD,0x31,0x21,0x58,
    0x52,0x6F,0x61,0x00,0x2E,0x2A,0x72,0x9D,0xE5,0xA7,0x8B,0xE5,
    0x8C,0x96,0x60,0x55,0x02,0x21,0x06,0x02,0x6A,0x09,0xA3,0xE6,
    0x97,0xB6,0x2F,0xE5,0xA4,0xB4,0xE6,0x98,0xBE,0x28,0x55,0x01,
    0x0C,0x37,0x01,0xD2,0x58,0x13,0x96,0xD7,0x3E,0x82,0x2D,0x2D,
    0x6E,0x6F,0x2D,0x78,0x72,0x20,0xD7,0x0D,0x32,0xE4,0xBB,0xA5,
    0x2C,0x56,0x30,0x20,0x58,0x52,0xB0,0x00,0x09,0x14,0x01,0x03,
    0xAA,0xA9,0x11,0x58,0x85,0x0C,0x00,0x22,0x9F,0x0F,0xA5,0xA9,
    0x01,0x41,0x78,0x72,0x57,0x61,0x76,0x26,0x0F,0xC8,0x01,0x02,
    0xF7,0x00,0xE7,0xAD,0x89,0xE5,0xBE,0x85,0x20,0x58,0x52,0x20,
    0xE9,0x95,0x9C,0xE5,0x83,0x35,0x02,0x07,0x1F,0x04,0x35,0x58,
    0x52,0x20,0xBF,0x00,0x00,0x18,0x4C,0x22,0x88,0x90,0x2D,0x00,
    0x02,0xAF,0x13,0x62,0xE5,0x90,0x8E,0xEF,0xBC,0x8C,0xD6,0x00,
    0x02,0x19,0x48,0x00,0x0B,0x4E,0x55,0x98,0xBE,0xE7,0xA4,0xBA,
    0x29,0x16,0x0D,0xBB,0x00,0x42,0x6D,0x65,0x74,0x72,0x8E,0x99,
    0x0E,0x6E,0x01,0x30,0xE6,0x8C,0x87,0xD1,0x8D,0x02,0x9B,0x01,
    0x06,0x2A,0x35,0x60,0xE5,0xB8,0xA7,0xE7,0x8E,0x87,0x12,0x00,
    0x2A,0x20,0x20,0x33,0x35,0x00,0x24,0x00,0x00,0x36,0x0D,0x00,
    0x15,0x03,0x60,0xE5,0xB8,0xA7,0xE6,0x97,0xB6,0x14,0x00,0x02,
    0x26,0x00,0x63,0x32,0x66,0x7D,0x20,0x6D,0x73,0x1F,0x02,0x00,
    0x21,0x02,0x25,0x70,0x75,0x45,0x0B,0x00,0x5E,0x35,0x05,0x30,
    0x00,0x0F,0x2C,0x00,0x00,0x17,0x67,0x2C,0x00,0x1F,0x47,0x2C,
    0x00,0x0C,0x41,0x64,0x72,0x61,0x77,0xCE,0x03,0x30,0xE7,0xBB,
    0x98,0x90,0x7E,0x00,0x6D,0x00,0x00,0x2E,0x04,0x06,0x7A,0x00,
    0x00,0x38,0x6C,0x23,0x61,0x74,0xD5,0x11,0x01,0x8D,0x9B,0x00,
    0x22,0x00,0x00,0xA6,0x00,0x04,0x36,0x05,0x03,0x86,0x35,0x14,
    0x4C,0x32,0x73,0x02,0xC2,0x25,0x30,0xE6,0x98,0xBE,0x00,0x36,
    0x0A,0x4D,0x00,0x80,0x77,0x61,0x72,0x6D,0x69,0x6E,0x67,0x55,
    0xCF,0x0D,0x0C,0x80,0x0E,0xC6,0xE9,0xA2,0x84,0xE7,0x83,0xAD,
    0xE4,0xB8,0xAD,0xE2,0x80,0xA6,0x07,0x7D,0x02,0x39,0x36,0x23,
    0x55,0x73,0xA9,0x26,0x20,0xB7,0xB2,0x94,0x44,0x10,0x86,0xDE,
    0x44,0x0B,0x83,0x00,0x40,0x72,0x61,0x6D,0x41,0x7C,0x0D,0x01,
    0x4E,0x01,0x01,0xA0,0x02,0x00,0x6B,0x09,0x0F,0x27,0x00,0x01,
    0x32,0x54,0x6F,0x74,0xA4,0x06,0x02,0x21,0x00,0x6B,0xE6,0x80,
    0xBB,0xE9,0x87,0x8F,0x4E,0x00,0x10,0x73,0x0F,0x0B,0x01,0x19,
    0x01,0x90,0xE9,0xAB,0x98,0xE6,0x96,0xAF,0xE7,0x82,0xB9,0x8C,
    0x00,0x05,0x58,0x36,0x09,0xD1,0x02,0x31,0x7A,0x6F,0x6F,0x0F,
    0x3C,0x03,0x04,0x12,0x02,0x02,0x02,0x00,0x54,0x0D,0x01,0x8C,
    0x00,0x06,0x8C,0xBE,0x19,0x9A,0x3F,0x7E,0x0F,0xD0,0x7C,0x04,
    0x51,0x66,0x72,0x65,0x65,0x41,0x56,0x8B,0x00,0x3E,0x00,0x00,
    0x7E,0xA9,0x80,0x94,0xB1,0xE6,0xAF,0x94,0xE4,0xBE,0x8B,0xFC,
    0x04,0x10,0x7D,0x5D,0x00,0x0E,0x57,0x0A,0x02,0x8E,0x02,0x33,
    0x22,0x6E,0x6F,0xB2,0x1B,0x00,0x61,0x5A,0x04,0x06,0x04,0x32,
    0xE6,0x97,0xA0,0xD5,0x16,0x05,0xE9,0x1B,0x20,0x22,0x2C,0xCA,
    0x02,0x06,0x94,0x69,0x01,0x2F,0x1E,0x00,0xB6,0x16,0x01,0x72,
    0x04,0x02,0xBC,0x0C,0x32,0xE4,0xBB,0xA5,0xA5,0x0A,0x02,0x00,
    0x49,0x30,0xE6,0xBA,0x90,0x0D,0x03,0x02,0xDD,0x12,0x00,0x45,
    0x04,0x02,0xE9,0x2F,0x03,0x6F,0x00,0x1B,0x22,0x61,0x00,0x00,
    0xE4,0x2F,0x75,0xA4,0xB1,0xEF,0xBC,0x9A,0x5C,0x6E,0x4B,0x02,
    0x0B,0xAE,0x17,0x02,0xC1,0x16,0x05,0x5D,0x00,0x09,0xF4,0x01,
    0x0F,0xD8,0x73,0x06,0x00,0x0D,0x59,0x00,0x01,0x01,0x06,0x81,
    0x00,0x20,0x44,0x69,0x46,0x04,0x08,0xEF,0x00,0x02,0xC2,0x18,
    0x02,0x82,0x00,0x0D,0xE9,0x00,0x00,0x10,0xB9,0x02,0x3A,0x13,
    0x30,0xE5,0xA4,0xB9,0x03,0x60,0x04,0x35,0x1C,0x09,0xDD,0x00,
    0x02,0x60,0x11,0x13,0x46,0x67,0x21,0x00,0x33,0x0D,0x04,0xAE,
    0x9D,0x03,0x17,0x03,0x03,0x2E,0x3E,0x11,0x46,0xC2,0x1C,0x00,
    0xA7,0x01,0x08,0x24,0x00,0x07,0x4D,0x1E,0x02,0x49,0x00,0x02,
    0x14,0x24,0x16,0x65,0x28,0x00,0x07,0x73,0x56,0x02,0x31,0x16,
    0x06,0x49,0x00,0x02,0xBB,0x13,0x05,0xA3,0x00,0x04,0x70,0x00,
    0x02,0x93,0x13,0x0B,0x49,0x00,0x01,0xC8,0x0D,0x04,0x22,0x00,
    0x02,0x6B,0x00,0x02,0x5D,0x14,0x0B,0x28,0x00,0x24,0x85,0xA5,
    0x4C,0x1E,0x07,0x79,0x00,0x02,0x52,0x00,0x0F,0x30,0x00,0x02,
    0x2F,0x87,0xBA,0x30,0x00,0x00,0x02,0xD7,0x1C,0x00,0xC4,0x00,
    0x0D,0x9D,0x00,0x06,0xEC,0x84,0x34,0xE6,0xBA,0x90,0x90,0x00,
    0x04,0xB6,0x22,0x45,0x51,0x75,0x65,0x75,0xBC,0x03,0x00,0xD2,
    0x44,0x25,0x85,0xA5,0xF5,0x01,0x03,0x57,0x6C,0x01,0x5A,0x16,
    0x60,0xE9,0x98,0x9F,0xE5,0x88,0x97,0x87,0x01,0x03,0xE1,0x01,
    0x02,0xD1,0x00,0x00,0x77,0x2C,0x21,0x6F,0x64,0xC9,0x0A,0x03,
    0x02,0x29,0x03,0x6B,0x01,0x01,0x3D,0x4A,0x00,0xA5,0x02,0x02,
    0xB2,0x05,0x10,0xAD,0x9B,0x3E,0x0E,0x48,0x02,0x02,0x52,0x1D,
    0x40,0x53,0x75,0x62,0x41,0xD0,0x3D,0x31,0x55,0x75,0x69,0x5D,
    0x07,0x00,0x5A,0x5C,0x01,0x3F,0x1D,0x00,0x97,0xB4,0x01,0x37,
    0x00,0x01,0x73,0xB4,0x0F,0x7D,0x00,0x01,0x01,0x38,0x00,0x01,
    0xF6,0x00,0x82,0x8B,0x96,0xE6,0x8B,0xBD,0xE5,0x89,0x8D,0x95,
    0x11,0x02,0x86,0x00,0x02,0xF7,0x02,0x0A,0xBC,0x02,0x0B,0x0C,
    0x93,0x02,0x23,0x00,0x03,0x06,0x2E,0x01,0xEA,0x00,0x0D,0x67,
    0x00,0x06,0x49,0x1A,0x02,0x56,0x00,0x02,0x11,0x1B,0x01,0x2F,
    0x04,0x04,0x4E,0x01,0x6A,0x63,0x6F,0x70,0x69,0x65,0x64,0x4C,
    0x01,0x02,0xDA,0x2D,0x01,0xBF,0x00,0x00,0xFC,0x52,0x01,0x5C,
    0x00,0x00,0xF1,0x16,0x01,0x64,0x01,0x0D,0x4F,0x01,0x00,0x78,
    0x2A,0x32,0x61,0x67,0x65,0x33,0x35,0x07,0x72,0x00,0x2F,0x8C,
    0x85,0x75,0x00,0x06,0x09,0x33,0x00,0x06,0xC4,0x01,0x02,0x69,
    0x00,0x03,0x82,0x2A,0x42,0x20,0xE4,0xB8,0xAA,0x11,0x02,0x0C,
    0x4B,0x6E,0x00,0x58,0x1B,0x01,0xED,0x41,0x07,0xF0,0x00,0x03,
    0x52,0x00,0x02,0xFD,0x47,0x0D,0x85,0x00,0x07,0x99,0x2F,0x06,
    0xFA,0x00,0x03,0x33,0x00,0x1F,0x56,0xFE,0x7B,0x00,0x00,0x78,
    0x2E,0x5F,0xA0,0xA1,0xE9,0xAA,0x8C,0x31,0x01,0x00,0x03,0x37,
    0x00,0x02,0x6A,0x00,0x09,0xBC,0x00,0x01,0x36,0x03,0x01,0x5D,
    0x01,0x3A,0xEF,0xBC,0x88,0xC1,0x00,0x08,0x92,0x2F,0x02,0xE5,
    0x19,0x01,0x2F,0x02,0x02,0x3A,0x4A,0x02,0xE9,0x19,0x02,0xCF,
    0x01,0x07,0xD3,0x00,0x02,0x28,0x00,0x06,0xCC,0x00,0x00,0x0C,
    0x0E,0x01,0x2A,0x00,0x0F,0x95,0x00,0x00,0x02,0x44,0x03,0x0F,
    0xE6,0x09,0x01,0x02,0x43,0x01,0x02,0xD9,0x22,0x05,0xF4,0x01,
    0x01,0x28,0x00,0x02,0x1B,0x04,0x06,0x60,0x00,0x03,0x9E,0x0A,
    0x05,0xFD,0x22,0x07,0x63,0x1C,0x03,0x39,0x03,0x02,0xB7,0x1A,
    0x04,0xBA,0x00,0x02,0xBB,0x1A,0x0D,0xB7,0x00,0x02,0x25,0x00,
    0x08,0x57,0x00,0x4F,0xA0,0xE9,0x99,0xA4,0xB4,0x00,0x00,0x06,
    0xCD,0x0B,0x00,0x55,0x01,0x02,0xA1,0x4D,0x02,0x97,0x39,0x03,
    0xCA,0x1B,0x04,0x8F,0x06,0x10,0x78,0xA6,0x27,0x10,0x7B,0xC6,
    0x20,0x01,0x13,0x92,0x01,0x34,0x03,0x01,0x33,0x21,0x00,0x85,
    0x05,0x00,0x84,0x17,0x02,0x64,0x63,0x00,0x18,0x00,0x02,0x64,
    0x13,0x05,0x59,0x63,0x00,0x21,0x00,0x04,0x2F,0x04,0x00,0x1F,
    0x00,0x08,0x17,0x04,0x06,0x65,0x00,0x13,0x73,0xC5,0x03,0x08,
    0x10,0x0A,0x00,0x28,0x1D,0x00,0x32,0x00,0x00,0xF7,0x96,0x01,
    0xCA,0x1C,0x03,0x3C,0x01,0x01,0xC8,0x23,0x01,0x46,0x1E,0x04,
    0x1E,0x00,0x08,0xD3,0x95,0x00,0x28,0x17,0x03,0x3D,0xB1,0x03,
    0x1F,0x00,0x02,0x21,0x9F,0x06,0x3D,0x00,0x02,0x1A,0x12,0x03,
    0xF1,0x19,0x00,0x81,0xD0,0x08,0x00,0x9F,0x04,0x1B,0x38,0x03,
    0x3C,0x00,0x02,0x5B,0x01,0x00,0x9C,0x07,0x03,0x9E,0x07,0x03,
    0x9E,0x3B,0x09,0xA8,0x00,0x00,0x4E,0x6C,0x20,0x69,0x61,0x9C,
    0xA1,0x00,0x5D,0x99,0x00,0x3A,0x00,0x02,0x0A,0x1C,0x05,0x9F,
    0x70,0x05,0x7A,0x01,0x00,0x5B,0x14,0x22,0x9C,0xA8,0x55,0x00,
    0x05,0xB1,0x07,0x0C,0x57,0x99,0x00,0x00,0x07,0x03,0x53,0x00,
    0x01,0x4C,0x00,0x05,0x47,0x2A,0x07,0x52,0x00,0x01,0xE3,0x02,
    0x06,0xD3,0x00,0x02,0xBC,0x11,0x0E,0x81,0x00,0x01,0x86,0x41,
    0x00,0x75,0x00,0x04,0x49,0x02,0x00,0x0C,0x00,0x0F,0x81,0x00,
    0x11,0x02,0x51,0x00,0x0D,0x7F,0x00,0x04,0x50,0x00,0x0B,0x7F,
    0x00,0x02,0x52,0x01,0x1E,0x6F,0x81,0x00,0x05,0x74,0x13,0x0F,
    0x02,0x01,0x1E,0x04,0x53,0x00,0x0C,0x83,0x00,0x05,0x52,0x00,
    0x0B,0x83,0x00,0x00,0xCD,0x13,0x00,0x2C,0x00,0x00,0x24,0x05,
    0x0F,0x16,0x9F,0x07,0x0B,0x35,0x00,0x01,0xAD,0x12,0x0E,0xB5,
    0x00,0x02,0xD7,0x12,0x05,0x33,0x01,0x02,0x0F,0x00,0x0F,0x36,
    0x01,0x11,0x01,0x50,0x00,0x00,0x86,0x00,0x02,0x47,0x06,0x02,
    0x06,0x02,0x02,0x14,0x12,0x02,0x7A,0x00,0x09,0x59,0x0A,0x02,
    0x5D,0x04,0x04,0x84,0x06,0x08,0xE6,0x08,0x05,0x67,0x04,0x02,
    0x2A,0x02,0x06,0x27,0x03,0x08,0x51,0x08,0x06,0x6B,0x20,0x08,
    0x0F,0x0A,0x01,0x41,0x28,0x05,0x41,0x04,0x06,0x3A,0x00,0x02,
    0x13,0x04,0x0F,0x6D,0x00,0x01,0x02,0x1D,0x04,0x03,0x6A,0x00,
    0x10,0x2C,0x4A,0x01,0x32,0x6E,0x66,0x69,0x09,0x16,0x02,0x1B,
    0x00,0x00,0xCB,0x38,0x01,0xC3,0x68,0x01,0xAD,0x65,0x16,0x9F,
    0x54,0x00,0x02,0x8E,0x00,0x05,0x54,0x00,0x01,0xDD,0x00,0x00,
    0x9D,0x03,0x04,0x0D,0x1D,0x02,0xCE,0x04,0x04,0x5A,0x00,0x04,
    0x1F,0x00,0x03,0x2C,0x12,0x13,0x54,0x02,0x12,0x08,0x25,0x00,
    0x05,0x26,0x02,0x02,0xDA,0xAA,0x02,0xEE,0xB2,0x00,0x31,0xA1,
    0x01,0xF6,0x9A,0x06,0x98,0x05,0x00,0x3F,0x10,0x26,0x6E,0x74,
    0x0C,0x53,0x0F,0x44,0x00,0x02,0x30,0xE8,0xAF,0xB7,0x84,0x2B,
    0x04,0xDD,0x09,0x09,0x09,0x9D,0x00,0xC6,0x03,0x02,0x2D,0x03,
    0x04,0xE4,0x0A,0x0F,0x43,0x00,0x02,0x03,0x09,0x17,0x0F,0xFB,
    0x01,0x11,0x01,0xFE,0x27,0x01,0x53,0x0C,0x0F,0x4A,0x00,0x02,
    0x03,0x92,0x01,0x04,0xA0,0x25,0x0A,0xCB,0x00,0x03,0x66,0x3B,
    0x03,0x3F,0x10,0x02,0x30,0x01,0x05,0x0B,0x01,0x08,0xE7,0x03,
    0x02,0x24,0x3A,0x00,0xD8,0x0F,0x00,0x65,0x02,0x0F,0x69,0x00,
    0x03,0x01,0x1C,0x3A,0x02,0x7A,0x02,0x02,0x75,0x00,0x09,0x6C,
    0x00,0x02,0x42,0x00,0x01,0xE2,0x23,0x0F,0x43,0x00,0x0C,0x02,
    0xE8,0x23,0x0F,0x43,0x00,0x01,0x01,0xBA,0x06,0x06,0x82,0x06,
    0x49,0x9B,0xE5,0xBB,0xBA,0x6A,0x3B,0x00,0x34,0x06,0x02,0x24,
    0x00,0x0B,0xEE,0x9D,0x05,0x2C,0x00,0x03,0x0B,0x39,0x01,0xDC,
    0x01,0x05,0x68,0x47,0x02,0xAA,0x08,0x32,0xE6,0x9C,0xAA,0xD7,
    0x0F,0x0A,0xB7,0x00,0x02,0x0D,0xA9,0x24,0x53,0x68,0x00,0x13,
    0x02,0x6B,0xAB,0x05,0xEF,0x69,0x06,0x5E,0x02,0x66,0x72,0x61,
    0x79,0x67,0x65,0x6E,0x29,0x00,0x62,0xE5,0x85,0x89,0xE7,0xBA,
    0xBF,0x21,0x10,0x0F,0x2F,0x00,0x00,0x04,0xE2,0xAB,0x06,0x31,
    0x00,0x02,0xE1,0xAB,0x0F,0x2B,0x00,0x00,0x0D,0x15,0x23,0x08,
    0xAA,0x12,0x0C,0xE2,0x17,0x03,0xB3,0x0D,0x06,0x60,0x07,0x04,
    0xFE,0x02,0x22,0x6B,0x69,0x70,0x59,0x60,0xE7,0xA7,0x8D,0xE7,
    0xB1,0xBB,0x1D,0x07,0x04,0x6F,0x2E,0x70,0x22,0xE6,0xA0,0x87,
    0xE7,0xAD,0xBE,0x13,0x00,0x02,0xC9,0x0A,0x20,0x49,0x44,0x0C,
    0x00,0x00,0x85,0x29,0x01,0x5E,0x0C,0x04,0x86,0xC3,0x00,0x39,
    0x04,0x12,0x66,0x6A,0x02,0x26,0xBC,0x95,0x08,0x23,0x00,0x84,
    0x0D,0x12,0x72,0xAA,0x0E,0x30,0xE4,0xBB,0x8E,0x27,0x00,0x22,
    0x74,0x6F,0xE3,0x01,0x10,0xB0,0x0D,0x00,0x04,0xC2,0x5D,0x00,
    0x13,0x00,0x02,0x62,0x02,0x0A,0xD5,0x06,0x02,0x91,0x0B,0x00,
    0x1E,0x00,0x02,0x88,0x01,0x03,0x52,0x01,0x04,0x01,0x1E,0x00,
    0x19,0x00,0x02,0x98,0x01,0x07,0xCF,0xBB,0x04,0x9B,0x00,0x01,
    0x18,0x08,0x06,0x5F,0x14,0x00,0x1C,0x0A,0x05,0x71,0xD9,0x04,
    0x12,0x07,0x07,0xA9,0x8D,0x00,0x32,0x5A,0x0B,0x9A,0xD9,0x05,
    0x7A,0x0E,0x10,0x70,0x98,0x3F,0x01,0xDD,0x00,0x02,0xA5,0x6A,
    0x04,0x87,0x00,0x62,0x6E,0x6F,0x50,0x61,0x73,0x73,0x36,0x25,
    0x02,0xF1,0x09,0x06,0x5A,0x4F,0x0C,0xFF,0xAB,0x01,0x8B,0x67,
    0x01,0x44,0x00,0x02,0x00,0x04,0x04,0x44,0x00,0x02,0xFA,0x4F,
    0x05,0x19,0x00,0x14,0x87,0x21,0x14,0x04,0x5C,0x1D,0x05,0x83,
    0x11,0x02,0xFF,0x1D,0x06,0xF9,0x1D,0x04,0x21,0x00,0x00,0x92,
    0x3C,0x26,0x65,0x73,0xFC,0x02,0x03,0xDE,0x12,0x05,0x4C,0x1E,
    0x12,0x20,0x39,0x00,0x06,0xBA,0x02,0x01,0x1A,0x24,0x05,0x1F,
    0x00,0x00,0x44,0x01,0x02,0x99,0x03,0x16,0x20,0x14,0x00,0x03,
    0xD7,0x09,0x03,0x83,0x00,0x01,0x9D,0x00,0x02,0x46,0x00,0x40,
    0xE6,0x95,0xB0,0x3D,0xE1,0x15,0x04,0xBE,0x00,0x02,0x22,0x00,
    0x00,0xC9,0x7C,0x07,0x33,0xC9,0x13,0x8C,0x69,0x06,0x01,0x0E,
    0x1E,0x04,0x2A,0x00,0x40,0x66,0x72,0x6F,0x7A,0x45,0x6D,0x04,
    0xA8,0x68,0x57,0x86,0xBB,0xE7,0xBB,0x93,0xCE,0x00,0x00,0x2E,
    0x17,0x00,0x8C,0x00,0x02,0xDC,0x77,0x06,0x36,0x00,0x4F,0x65,
    0x65,0x7A,0x65,0x36,0x00,0x07,0x03,0x7C,0x96,0x01,0x39,0x00,
    0x01,0x1A,0x62,0x00,0xE8,0x09,0x0F,0x0C,0x91,0x06,0x85,0x6E,
    0x6F,0x74,0x50,0x61,0x72,0x73,0x65,0x2C,0x1F,0x01,0x2A,0x20,
    0x02,0x00,0x43,0x00,0xA1,0x0D,0x22,0xB3,0x95,0xAC,0x57,0x07,
    0x2C,0x01,0x01,0x43,0x03,0x05,0xF0,0x19,0x02,0x31,0x00,0x04,
    0x9D,0x00,0x10,0x63,0x12,0x94,0x01,0x1D,0x01,0x02,0x17,0x02,
    0x10,0x3D,0x9B,0x6E,0x01,0x3F,0x04,0x01,0x0A,0x00,0x36,0xBE,
    0xB9,0x3D,0x29,0x01,0x02,0x4B,0x27,0x00,0xA8,0x00,0x02,0x86,
    0x10,0x04,0x44,0x00,0x02,0x18,0x00,0x13,0x48,0x9E,0x17,0x02,
    0x48,0x00,0x12,0x2F,0x0B,0x03,0x35,0x2F,0xE8,0xBE,0xC2,0x58,
    0x11,0x74,0x11,0xC5,0x12,0x7B,0x8B,0x02,0x11,0x49,0x43,0x03,
    0x02,0x2C,0x00,0x30,0x20,0x49,0x4F,0xBC,0x02,0x03,0x7B,0x0A,
    0x01,0x8D,0x00,0x04,0x79,0x0A,0x00,0xF0,0x00,0x03,0x4C,0x7D,
    0x02,0xB6,0x43,0x00,0x13,0x00,0x00,0xEE,0x63,0x01,0x26,0x00,
    0x01,0x5D,0x00,0x00,0x9A,0x04,0x10,0x77,0x95,0x00,0x66,0xE5,
    0x8E,0x9F,0xE5,0xA7,0x8B,0x45,0x07,0x06,0xF7,0x00,0x03,0xDA,
    0xB2,0x01,0x34,0x00,0x02,0xFF,0x00,0x04,0x60,0x00,0x01,0x3D,
    0x04,0x39,0x22,0x6E,0x6F,0x22,0x00,0x01,0x85,0x01,0x02,0x2C,
    0x02,0x02,0x03,0x36,0x08,0x34,0x00,0x07,0x58,0x01,0x0F,0x53,
    0x8E,0x19,0x03,0x8E,0x02,0x64,0x61,0x72,0x72,0x61,0x79,0x4C,
    0x1B,0xC9,0x85,0xE6,0x95,0xB0,0xE7,0xBB,0x84,0xE5,0xB1,0xBD,
    0x0F,0x14,0x6C,0x1A,0x00,0x00,0x7F,0x18,0x35,0xE5,0xB1,0x82,
    0x38,0x13,0x03,0x3F,0x00,0x02,0x4C,0x04,0x23,0x65,0x64,0xAF,
    0x00,0x01,0xF6,0x00,0x01,0x58,0x0E,0x00,0x4D,0x30,0x01,0xD8,
    0x01,0x0A,0xD9,0x00,0x03,0xAF,0x8E,0x07,0x51,0x41,0x20,0x53,
    0x61,0x61,0x3B,0x00,0x39,0x00,0x02,0x2D,0x02,0x02,0x25,0x19,
    0x01,0xD8,0x51,0x12,0xA5,0x3C,0x00,0x02,0x18,0x00,0x23,0xE8,
    0xA2,0xBF,0x55,0x02,0x21,0x00,0x02,0xA9,0x01,0x67,0xE9,0x87,
    0x87,0xE6,0xA0,0xB7,0x02,0x01,0x18,0x6D,0x9F,0xAE,0x00,0x2F,
    0x1A,0x05,0xDC,0x84,0x50,0xA8,0xA1,0xE5,0xBC,0x8F,0x9D,0x01,
    0x01,0x2F,0x5F,0x00,0x70,0x00,0x04,0xC7,0xC2,0x01,0xB0,0x01,
    0x05,0x5C,0x91,0x02,0xB5,0x01,0x04,0x83,0x91,0x00,0x43,0x03,
    0x00,0x90,0x9D,0x05,0x1F,0x00,0x0F,0x46,0x91,0x00,0x00,0x47,
    0x12,0x30,0x6E,0x76,0x65,0x07,0x01,0x0B,0xA8,0x91,0x0F,0x79,
    0x91,0x01,0x00,0x3E,0x38,0x0A,0x71,0x91,0x00,0x53,0x02,0x00,
    0x5D,0xD5,0x00,0x94,0x00,0x71,0xE6,0xB3,0x95,0xE7,0xBA,0xBF,
    0x22,0x06,0x02,0x01,0x23,0x14,0x01,0x93,0x04,0x0F,0x56,0x90,
    0x18,0x00,0x50,0x1C,0x40,0x46,0x69,0x74,0x43,0xBE,0x90,0x01,
    0x51,0x00,0x07,0xF9,0x90,0x02,0x5E,0x1C,0x0F,0x32,0x91,0x01,
    0x01,0x9C,0x21,0x05,0x34,0x00,0x32,0xE5,0xB0,0x86,0x34,0x82,
    0x02,0xA5,0x21,0x84,0xE4,0xB8,0xBA,0x20,0x30,0x2E,0x2E,0x31,
    0x9D,0x02,0x10,0x63,0x5C,0x00,0x20,0x4D,0x69,0xE5,0x1B,0x12,
    0x22,0x28,0x00,0x0F,0x20,0x91,0x07,0x04,0x20,0x00,0x35,0x8A,
    0xE9,0x99,0x52,0x12,0x0F,0x30,0x15,0x04,0x74,0x6E,0x6F,0x43,
    0x68,0x61,0x6E,0x6E,0x0F,0x9E,0x22,0x9C,0xAA,0x34,0x32,0x02,
    0xE9,0x01,0x32,0xEF,0xBC,0x9B,0xF8,0x01,0x02,0xAC,0x1E,0x01,
    0x38,0xAA,0x47,0x91,0xE8,0x89,0xB2,0xFB,0x01,0x0E,0x5B,0x02,
    0x00,0x00,0x01,0x02,0x43,0x02,0x02,0x3C,0x00,0x0F,0x1A,0x1E,
    0x01,0x03,0x36,0x00,0x45,0x4E,0x65,0x78,0x74,0x11,0x05,0x08,
    0x34,0x00,0x01,0x16,0xA9,0x15,0xA8,0x20,0x24,0x02,0x16,0x7D,
    0x0F,0x76,0x00,0x0A,0x08,0x34,0x98,0x32,0xE6,0xAD,0xA4,0x77,
    0x04,0x00,0xA3,0x2B,0x01,0x42,0x04,0x0F,0x8A,0x00,0x07,0x01,
    0x2F,0xCF,0x04,0x4F,0x1F,0x6A,0xE9,0x80,0x82,0xE5,0xBA,0x94,
    0x4F,0x1F,0x20,0x6E,0x61,0x4B,0x07,0x00,0x5F,0x00,0x20,0x6C,
    0x75,0x6A,0x23,0x00,0xDF,0x00,0x00,0x6E,0x1C,0x01,0x66,0x04,
    0x05,0x2A,0xD5,0x02,0x7B,0x25,0x00,0x42,0x02,0x01,0x40,0x02,
    0x08,0x0F,0x20,0x03,0xAA,0x08,0x22,0x6E,0x6F,0x74,0x03,0x01,
    0x7E,0x04,0x00,0xCA,0x1E,0x2D,0xB8,0xA7,0x48,0x03,0x0B,0x60,
    0x1F,0x02,0x76,0x01,0x0B,0xE8,0x17,0x0F,0x4F,0x01,0x01,0x0F,
    0x18,0x18,0x1F,0x01,0x2B,0x23,0x37,0x65,0x6E,0x64,0x13,0x04,
    0x00,0xD9,0x00,0x02,0x72,0x00,0x6F,0xE5,0x90,0x8E,0xE7,0xAB,
    0xAF,0x69,0x00,0x01,0x02,0x24,0x07,0x01,0x2E,0x09,0x02,0x19,
    0x05,0x04,0x9E,0x02,0x0F,0xD4,0x24,0x04,0x00,0x18,0x03,0x11,
    0x45,0x51,0x2A,0x00,0x5E,0x00,0x02,0x0A,0x03,0x02,0xB5,0x5F,
    0x04,0x39,0x00,0x01,0x9E,0x05,0x33,0x54,0x69,0x6D,0xEE,0x17,
    0x01,0xC8,0x19,0x07,0x5A,0x84,0x45,0x61,0x78,0x69,0x73,0x22,
    0x02,0x07,0x63,0x07,0x21,0x74,0x72,0x09,0x3E,0x00,0x97,0x01,
    0x00,0x3E,0x15,0x01,0x55,0x01,0x02,0x99,0x1F,0x05,0xD4,0x0C,
    0x02,0x11,0x0E,0x03,0x32,0x05,0x04,0x55,0x06,0x32,0x42,0x79,
    0x74,0x6A,0x00,0x02,0x6E,0x02,0x06,0x86,0x19,0x77,0x22,0x62,
    0x75,0x66,0x66,0x65,0x72,0x21,0x00,0x57,0xBC,0x93,0xE5,0x86,
    0xB2,0x21,0x00,0x00,0x2B,0x4F,0x06,0x27,0x4F,0x02,0xA0,0x19,
    0x6C,0xE9,0xA2,0x84,0xE7,0xAE,0x97,0x9F,0x05,0x10,0x61,0x49,
    0x19,0x05,0x99,0x07,0x01,0x4D,0x19,0x0B,0x48,0x00,0x64,0x45,
    0x78,0x68,0x61,0x75,0x73,0x4F,0x02,0x08,0x4C,0x00,0x00,0xAC,
    0x67,0x87,0xB0,0x86,0xE8,0x80,0x97,0xE5,0xB0,0xBD,0xF1,0x02,
    0x00,0x7D,0x00,0x32,0x48,0x65,0x61,0xF9,0x19,0x01,0x1B,0x1A,
    0x3B,0xE5,0xA0,0x86,0x55,0x00,0x0C,0xCC,0x01,0x22,0xAD,0xA4,
    0xC9,0x01,0x14,0x2F,0x6B,0xB4,0x15,0x8A,0x58,0x28,0x08,0x72,
    0x00,0x0F,0xE8,0x01,0x01,0x0F,0x4E,0x00,0x03,0x58,0xB9,0xB3,
    0xE5,0x8F,0xB0,0x47,0x00,0x02,0x02,0x1A,0x02,0xC3,0x1C,0x3F,
    0xE9,0x87,0x8F,0x4A,0x00,0x01,0x82,0x70,0x72,0x6F,0x63,0x65,
    0x73,0x73,0x52,0xBE,0x50,0x62,0xE8,0xBF,0x9B,0xE7,0xA8,0x8B,
    0x37,0x00,0x07,0xBE,0x00,0x11,0x73,0xDD,0x62,0x03,0x24,0x00,
    0x03,0xD5,0x62,0x02,0xA5,0x1A,0x04,0x31,0x1A,0x03,0xC7,0x01,
    0x05,0x29,0x00,0x0A,0x41,0x01,0x08,0x33,0x00,0x0F,0x41,0x01,
    0x04,0x17,0x63,0xD6,0x1B,0x03,0x02,0x1C,0x0D,0xFD,0x1B,0x00,
    0x27,0x1C,0x02,0x39,0x0A,0x00,0xAE,0x02,0x00,0x26,0x00,0x02,
    0x10,0x03,0x0E,0x29,0x00,0x12,0x67,0xC7,0x20,0x00,0x1F,0x1C,
    0x0D,0x45,0x00,0x40,0x67,0x70,0x75,0x4E,0xC2,0x2F,0x01,0x1E,
    0x00,0x05,0x13,0x01,0x04,0xF0,0x02,0x61,0x76,0x73,0x79,0x6E,
    0x63,0x4F,0xC6,0x05,0xD7,0xE5,0x9E,0x82,0xE7,0x9B,0xB4,0xE5,
    0x90,0x8C,0xE6,0xAD,0xA5,0x20,0xD8,0x2E,0x02,0x23,0x00,0x20,
    0x66,0x66,0x85,0x00,0x0A,0x24,0x00,0x06,0x9B,0xD0,0x0C,0x79,
    0x1C,0x06,0x9E,0x09,0x0F,0x71,0x1C,0x00,0x06,0x1D,0x00,0x43,
    0x75,0x70,0x64,0x61,0x01,0x03,0x02,0x54,0x05,0x07,0x85,0x01,
    0x42,0x67,0x70,0x75,0x4D,0x98,0x57,0x00,0xB9,0x00,0x0D,0xA4,
    0x01,0x03,0x40,0x52,0x0F,0x18,0x00,0x01,0x02,0xEF,0x00,0x03,
    0x1A,0x00,0x0D,0xF2,0x00,0x0F,0x5A,0x1C,0x06,0x06,0x97,0x00,
    0x04,0x23,0x00,0x03,0x49,0x00,0x01,0x32,0x03,0x0F,0x4F,0x00,
    0x08,0x0F,0x82,0x1C,0x03,0x09,0x4F,0x00,0x01,0x23,0x00,0x03,
    0x4F,0x00,0x01,0x4A,0x02,0x03,0xA7,0x1C,0x0D,0x9E,0x00,0x0F,
    0x78,0x53,0x0F,0x23,0x65,0x73,0x4A,0x11,0x14,0x7B,0x25,0x04,
    0x00,0x99,0x01,0x00,0xA0,0x53,0x20,0x86,0xB2,0x47,0x08,0x03,
    0x5B,0x04,0x01,0x15,0x00,0x01,0x6D,0x06,0x00,0x15,0x00,0x0F,
    0x0E,0x0E,0x00,0x05,0x83,0x0D,0x42,0x72,0x65,0x73,0x4B,0xA5,
    0x0E,0x11,0x7B,0x76,0x01,0x05,0xFA,0x1D,0x00,0x78,0x01,0x02,
    0xFE,0x1D,0x00,0x43,0x00,0x00,0x49,0x60,0x16,0x56,0x7F,0xD7,
    0x02,0x65,0x64,0x00,0x9D,0x3C,0x02,0x85,0xD7,0x16,0x6D,0x41,
    0x93,0x01,0xE1,0x00,0x06,0xF1,0x0A,0x0E,0x14,0x0F,0x05,0xC7,
    0x33,0x03,0xAA,0x66,0x0F,0x26,0x0F,0x01,0x62,0x64,0x65,0x74,
    0x61,0x69,0x6C,0x49,0x05,0x44,0xAF,0xA6,0xE6,0x83,0xD7,0x71,
    0x00,0xEF,0x15,0x31,0x63,0x6F,0x70,0xF4,0x05,0x02,0x55,0x9C,
    0x30,0xE5,0x9F,0x9F,0x43,0x00,0x10,0x74,0x08,0x1E,0x11,0x4D,
    0x31,0x00,0x61,0xE6,0x80,0xBB,0xE8,0xAE,0xA1,0x72,0x1F,0x00,
    0xC9,0x28,0x22,0x6C,0x66,0x17,0x00,0x63,0xE8,0x87,0xAA,0xE8,
    0xBA,0xAB,0x17,0x00,0x33,0x63,0x61,0x6C,0x5E,0x00,0x01,0x19,
    0x63,0x60,0xE6,0xAC,0xA1,0xE6,0x95,0xB0,0x31,0x07,0x03,0x33,
    0x07,0x00,0xD8,0x12,0x05,0x1A,0x0C,0x21,0x6C,0x6F,0xC4,0x74,
    0x05,0x46,0x8D,0x01,0xA8,0x01,0x00,0x62,0x01,0x30,0x43,0x50,
    0x55,0x0E,0x00,0x06,0x80,0x03,0x00,0x0E,0x00,0x0F,0x0B,0x01,
    0x00,0x13,0x0A,0x56,0x00,0x02,0x6C,0x52,0x05,0x4D,0x16,0x03,
    0x38,0x11,0x51,0x45,0x6E,0x74,0x69,0x74,0x9A,0x2B,0x02,0x32,
    0x11,0x02,0x1A,0x22,0x04,0xA3,0x03,0x02,0x86,0x31,0x04,0xC8,
    0x0C,0x02,0x8A,0x31,0x02,0x22,0x00,0x0A,0xAB,0x1A,0x01,0x60,
    0x3F,0x0F,0x5E,0x53,0x00,0x01,0x8B,0x3F,0x05,0x69,0x02,0x07,
    0xC5,0x05,0x01,0x5B,0x25,0x00,0x32,0x40,0x0E,0x13,0x4F,0x02,
    0x8A,0x24,0x02,0xC6,0x3F,0x0F,0x3B,0x00,0x01,0x01,0x5A,0x25,
    0x25,0x79,0x4C,0x23,0xE2,0x02,0x90,0x00,0x00,0x5B,0x19,0x01,
    0x2C,0xE2,0x07,0x65,0x00,0x2C,0x63,0x6D,0xD5,0x07,0x00,0x48,
    0x0E,0x01,0xE8,0x67,0x02,0x40,0x76,0x02,0xE7,0x6E,0x08,0x4A,
    0x08,0x04,0xF9,0x00,0x36,0x63,0x6D,0x64,0xD3,0x18,0x0F,0x36,
    0x00,0x03,0x01,0xB4,0x15,0x04,0x30,0x00,0x11,0x74,0x3B,0xD5,
    0x01,0xA4,0x02,0x00,0x68,0x7B,0x03,0x51,0x01,0x42,0x87,0xE6,
    0x8D,0xA2,0xA7,0x02,0x24,0xE6,0x80,0xDA,0x2D,0x03,0x2B,0x00,
    0x00,0xC0,0x00,0x00,0xC6,0x01,0x02,0x25,0x00,0x04,0xE7,0xE2,
    0x01,0x77,0x0B,0x0F,0xC3,0x26,0x00,0x02,0xF4,0x00,0x01,0x30,
    0x00,0x01,0x4C,0x26,0x03,0x2A,0x00,0x00,0xD5,0x01,0x04,0x38,
    0x3B,0x04,0x3A,0xD5,0x01,0x43,0x00,0x01,0x7A,0x09,0x00,0xBA,
    0x14,0x03,0x33,0x28,0x02,0x79,0x09,0x00,0x7D,0x00,0x04,0x30,
    0x15,0x00,0x77,0x09,0x0B,0x4B,0x00,0x07,0xC9,0x1F,0x65,0xE5,
    0x8F,0xB3,0xE9,0x94,0xAE,0x94,0x23,0x00,0x7F,0x42,0x01,0xD2,
    0x1F,0x32,0xE7,0xA9,0xBA,0x6F,0x01,0x62,0xE2,0x80,0x9D,0xE6,
    0x9D,0xA5,0x66,0x3C,0x00,0x72,0x01,0x09,0x76,0x00,0x01,0x55,
    0x20,0x02,0xC6,0x19,0x01,0x18,0x00,0x00,0xD3,0x00,0x01,0xA5,
    0x13,0x22,0x43,0x68,0x77,0x61,0x03,0x7E,0x14,0x00,0x10,0x19,
    0x02,0x84,0x00,0x01,0x27,0x00,0x04,0xB5,0x00,0x02,0x31,0x1B,
    0x05,0xA9,0x02,0x08,0xB6,0x00,0x05,0xAD,0x16,0x02,0x86,0x00,
    0x0A,0x34,0x03,0x12,0x69,0xD2,0xA9,0x12,0x69,0xC4,0x12,0x0E,
    0xF3,0x00,0x00,0x34,0x00,0x10,0xBE,0x97,0x24,0x05,0xE5,0x19,
    0x02,0x1B,0x0B,0x06,0x4D,0x01,0x48,0x6B,0x65,0x65,0x70,0x04,
    0x0C,0x62,0xE4,0xBF,0x9D,0xE7,0x95,0x99,0xA5,0x12,0x00,0x50,
    0x0E,0x01,0xF3,0x95,0x04,0x10,0x0C,0x04,0x41,0x20,0x01,0x7E,
    0x0D,0x08,0x7A,0x00,0x01,0xA4,0x01,0x01,0x69,0x00,0x0A,0xA0,
    0x00,0x02,0xC3,0x16,0x08,0xD8,0x00,0x04,0x9F,0x01,0x00,0x01,
    0x3E,0x00,0x9E,0x00,0x08,0xD9,0x01,0x59,0x62,0x61,0x73,0x69,
    0x63,0x9F,0xEA,0xB6,0x9F,0xBA,0xE7,0xA1,0x80,0xE5,0x87,0xA0,
    0xE4,0xBD,0x95,0x94,0x6B,0x51,0x20,0x20,0x22,0x71,0x75,0x6F,
    0x52,0x0F,0x4F,0xAB,0x47,0x09,0x6E,0x00,0x05,0x84,0x6C,0x54,
    0xE7,0x81,0xAF,0xE5,0x85,0xFD,0x2E,0x00,0x14,0xA6,0x10,0x69,
    0x40,0x97,0x64,0x69,0x6F,0x6E,0x61,0x6C,0x4C,0x24,0x00,0x02,
    0x1B,0xD3,0x09,0x27,0x00,0x01,0xCD,0x69,0x05,0x21,0x00,0x02,
    0x9A,0x7D,0x06,0x82,0x01,0x36,0x73,0x70,0x6F,0x1D,0x00,0x39,
    0xE8,0x81,0x9A,0x3B,0x00,0x45,0x61,0x72,0x65,0x61,0x1D,0x00,
    0x03,0x21,0xD2,0x02,0x0E,0x09,0x00,0x3D,0x14,0x01,0xD7,0x77,
    0x04,0xF0,0x30,0x01,0x3D,0x1A,0x06,0x57,0x00,0xC3,0x70,0x61,
    0x72,0x74,0x69,0x63,0x6C,0x65,0x45,0x6D,0x69,0x74,0x11,0x91,
    0x30,0xE7,0xB2,0x92,0x80,0x02,0x0B,0x41,0xD7,0x00,0xAB,0x02,
    0x04,0xF5,0x27,0x1C,0x22,0x5D,0x27,0x01,0x4D,0x26,0x06,0x82,
    0x27,0x00,0xF0,0x26,0x04,0xBE,0x27,0x06,0x6B,0x00,0x07,0xA2,
    0xEA,0x00,0xB0,0x03,0x09,0x07,0xD8,0x00,0x09,0x2C,0x10,0x69,
    0x16,0x00,0x05,0xA8,0xD6,0x01,0x70,0x00,0x31,0x6E,0x76,0x61,
    0x3C,0x06,0x03,0x45,0x94,0x05,0xD3,0x00,0x0F,0x1A,0x6F,0x03,
    0x00,0x10,0x03,0x02,0x5E,0x03,0x03,0xBE,0x6E,0x06,0x7C,0x00,
    0x14,0x69,0x15,0xDA,0x00,0x7B,0x1B,0x08,0xCC,0x26,0x51,0x62,
    0x75,0x74,0x74,0x6F,0x6A,0x09,0x02,0xF3,0xAF,0x06,0x33,0x00,
    0x02,0x8E,0x04,0x00,0x94,0x00,0x00,0x96,0xD0,0x05,0x56,0x09,
    0x00,0x5A,0x04,0x05,0xF1,0xD9,0x36,0xE6,0xBB,0x91,0x2F,0xC8,
    0x02,0xC9,0x0A,0x01,0xD8,0x4D,0x02,0xCF,0x5B,0x94,0x22,0xE8,
    0xBF,0x9B,0xE5,0xBA,0xA6,0xE6,0x9D,0x0F,0x5B,0x00,0x22,0x00,
    0x0F,0x2E,0xD7,0x04,0x00,0x57,0x00,0x10,0x74,0x25,0xAF,0x30,
    0x42,0x6F,0x78,0x74,0x00,0x02,0x45,0xAF,0x0C,0xEE,0xAB,0x03,
    0x2B,0xAF,0x11,0x53,0x91,0xD8,0x00,0x27,0x00,0x02,0x31,0xAF,
    0x39,0xE7,0x90,0x83,0x8A,0x02,0x03,0xF7,0xAD,0x18,0x52,0xF3,
    0xD8,0x02,0x00,0xAE,0x03,0xF9,0xD8,0x02,0x56,0x04,0x06,0x00,
    0x07,0x06,0x57,0x30,0x02,0x1D,0x04,0x05,0x46,0x6A,0x00,0x64,
    0x00,0x02,0x3F,0x6A,0x80,0x22,0x0A,0x20,0x20,0x7D,0x0A,0x7D,
    0x0A
};
inline constexpr size_t zh_CN_json_lz4_size = sizeof(zh_CN_json_lz4);
inline constexpr size_t zh_CN_json_size = 61423; // uncompressed
