{"nodes":{"node:1":{"location":{"x":131,"y":79}},"node:2":{"location":{"x":374,"y":175}}},"selection":null,"view":{"scroll":{"x":-167.147552490234375,"y":-143.7879638671875},"visible_rect":{"max":{"x":767.8524169921875,"y":509.2120361328125},"min":{"x":-167.147552490234375,"y":-143.7879638671875}},"zoom":1}}